0.6244673132896423,0.7967281341552734,8.430163802586321e-07,0.535556435585022,0.775691032409668,-0.056987423449754715,0.46719181537628174,0.6811925172805786,-0.09124477207660675,0.4150030016899109,0.5917941331863403,-0.11717034131288528,0.3563033640384674,0.5407471060752869,-0.14425231516361237,0.513694167137146,0.5264091491699219,-0.08057208359241486,0.4709818661212921,0.3965805768966675,-0.1222042441368103,0.44441911578178406,0.3087178170681,-0.15288639068603516,0.4253515601158142,0.23143348097801208,-0.17498648166656494,0.5786111354827881,0.4998425841331482,-0.08083756268024445,0.5552815198898315,0.35012465715408325,-0.11972660571336746,0.541715145111084,0.24810373783111572,-0.1510327011346817,0.5314423441886902,0.15813422203063965,-0.17286258935928345,0.6463133692741394,0.5131310820579529,-0.08495993912220001,0.6630207300186157,0.3634784519672394,-0.1267254799604416,0.6757076978683472,0.263959139585495,-0.15436100959777832,0.6849087476730347,0.178592711687088,-0.17187847197055817,0.7110607624053955,0.5531845688819885,-0.09199653565883636,0.7404138445854187,0.4386990964412689,-0.1299988478422165,0.7591126561164856,0.3618372678756714,-0.1454797238111496,0.7727929353713989,0.2916491627693176,-0.1543867439031601
0.6358648538589478,0.8264662027359009,3.1613794249096827e-07,0.5550088286399841,0.7713377475738525,-0.028548285365104675,0.4939141869544983,0.6777053475379944,-0.0431443527340889,0.44524943828582764,0.5987496376037598,-0.05712968856096268,0.39200177788734436,0.553676187992096,-0.071967713534832,0.5457971096038818,0.5545401573181152,-0.02213333174586296,0.5040188431739807,0.4460616707801819,-0.04720177873969078,0.4803244173526764,0.37858548760414124,-0.06809425354003906,0.46383044123649597,0.3157535195350647,-0.08468620479106903,0.6004979610443115,0.5338196754455566,-0.03064761497080326,0.5841124057769775,0.4005073308944702,-0.05117974802851677,0.5769798159599304,0.317248672246933,-0.07032833248376846,0.5715094804763794,0.2470678687095642,-0.0858536809682846,0.6536063551902771,0.5446900725364685,-0.04424244537949562,0.6675212979316711,0.4267742931842804,-0.07005948573350906,0.6778351664543152,0.34888553619384766,-0.08593346178531647,0.6831892728805542,0.2785126864910126,-0.09755124151706696,0.7038570642471313,0.5805628299713135,-0.060557156801223755,0.7297542095184326,0.49392449855804443,-0.08261597156524658,0.7466691732406616,0.43763524293899536,-0.08969233185052872,0.7582132816314697,0.384151428937912,-0.09535693377256393
0.6253335475921631,0.8284331560134888,3.359585605267057e-07,0.5520222783088684,0.7764741778373718,-0.02624303288757801,0.4934607744216919,0.6855326294898987,-0.03885963186621666,0.45276808738708496,0.608187735080719,-0.0507812574505806,0.4070293605327606,0.5632977485656738,-0.06333412975072861,0.5475172400474548,0.5728316307067871,-0.022284669801592827,0.5151469707489014,0.4665139615535736,-0.04474771022796631,0.4956184923648834,0.40114450454711914,-0.06256444752216339,0.48278069496154785,0.34177500009536743,-0.0766451358795166,0.5993942022323608,0.5535820722579956,-0.02994258888065815,0.5850780010223389,0.42708075046539307,-0.04900164529681206,0.5776569247245789,0.3476657271385193,-0.06648717820644379,0.5720880031585693,0.2817184031009674,-0.08037619292736053,0.6496434211730957,0.5644716024398804,-0.041938457638025284,0.6664857864379883,0.44770506024360657,-0.06697497516870499,0.680416464805603,0.37338787317276,-0.08240658789873123,0.6897332668304443,0.3086940050125122,-0.09307395666837692,0.6965320110321045,0.5981758236885071,-0.05608644336462021,0.7243849635124207,0.5165776610374451,-0.07807029783725739,0.743349552154541,0.46179884672164917,-0.08533231168985367,0.7570235133171082,0.41177189350128174,-0.09049613028764725
0.6216004490852356,0.8269754648208618,4.014238186300645e-07,0.5489289164543152,0.7801449298858643,-0.02780080959200859,0.49122971296310425,0.6902143955230713,-0.040601808577775955,0.4507233500480652,0.611892580986023,-0.05161743611097336,0.40431323647499084,0.5653461813926697,-0.06324008107185364,0.5415090918540955,0.5767056345939636,-0.024079976603388786,0.5073838233947754,0.47298985719680786,-0.04616108164191246,0.4889439344406128,0.40721285343170166,-0.06329818814992905,0.47736048698425293,0.3469746708869934,-0.07693322002887726,0.5936274528503418,0.5572220087051392,-0.030066005885601044,0.5794591307640076,0.43366190791130066,-0.048766713589429855,0.573624312877655,0.3550792336463928,-0.06566178053617477,0.569246232509613,0.28747960925102234,-0.07904726266860962,0.6441868543624878,0.5685681700706482,-0.04042700305581093,0.6610217094421387,0.45667433738708496,-0.06467723101377487,0.6729055047035217,0.38183462619781494,-0.0811130478978157,0.6802518367767334,0.3150271773338318,-0.09277831017971039,0.6916173100471497,0.6014041900634766,-0.05282570421695709,0.7195221185684204,0.5220518708229065,-0.07355821877717972,0.737276554107666,0.46903425455093384,-0.08123330771923065,0.7489907741546631,0.41851216554641724,-0.08720748871564865
0.6267108917236328,0.8214713335037231,5.00220266985707e-07,0.5572667121887207,0.7735585570335388,-0.02960880473256111,0.498402863740921,0.6942571997642517,-0.04771321639418602,0.4518139362335205,0.627246618270874,-0.06407452374696732,0.40573030710220337,0.5844066143035889,-0.08094014972448349,0.5409197211265564,0.5732104182243347,-0.03140411153435707,0.5070582032203674,0.46807926893234253,-0.05730181559920311,0.48738041520118713,0.40194058418273926,-0.07748635858297348,0.47388947010040283,0.342973530292511,-0.09233970195055008,0.5924654603004456,0.5555585622787476,-0.03763328120112419,0.5820418000221252,0.42861443758010864,-0.05958070978522301,0.5756675004959106,0.34735047817230225,-0.07774007320404053,0.569896936416626,0.27757468819618225,-0.09112182259559631,0.6426118016242981,0.5679087042808533,-0.04797182232141495,0.6543398499488831,0.44915300607681274,-0.07304061204195023,0.6603553295135498,0.3754696846008301,-0.08798344433307648,0.6620854139328003,0.31033697724342346,-0.0978570356965065,0.690475344657898,0.601047933101654,-0.060550298541784286,0.7186906337738037,0.5151028633117676,-0.08194831758737564,0.7346479892730713,0.45979422330856323,-0.0884513333439827,0.7443500757217407,0.4081919193267822,-0.0923105925321579
0.6744915843009949,0.782569169998169,6.583628646694706e-07,0.6211941242218018,0.7377606630325317,-0.02753693051636219,0.57602858543396,0.6706595420837402,-0.04600653797388077,0.5359100699424744,0.6314858794212341,-0.06649971008300781,0.4921712279319763,0.6332221627235413,-0.08732587099075317,0.5836440920829773,0.5299291610717773,-0.030065855011343956,0.5583003163337708,0.4104517698287964,-0.06065750867128372,0.5439382791519165,0.33474358916282654,-0.08055827766656876,0.5312314629554749,0.27393975853919983,-0.09254882484674454,0.6321382522583008,0.515024721622467,-0.03983568400144577,0.6213987469673157,0.3767852485179901,-0.07150106132030487,0.6093727350234985,0.29373037815093994,-0.0936078354716301,0.5998836159706116,0.23083165287971497,-0.10520650446414948,0.6822298765182495,0.5318978428840637,-0.053072184324264526,0.6963695883750916,0.43272459506988525,-0.09695911407470703,0.6930103302001953,0.4622451663017273,-0.11141631752252579,0.6906261444091797,0.5022847652435303,-0.10927196592092514,0.7313631176948547,0.5681964755058289,-0.06763912737369537,0.7452208399772644,0.4945787191390991,-0.09930512309074402,0.7373403906822205,0.5072774887084961,-0.10165541619062424,0.7296859622001648,0.5372706651687622,-0.09591089189052582
0.6947456002235413,0.7631614804267883,7.404802886412654e-07,0.6401649713516235,0.7248978614807129,-0.03464529663324356,0.5924810767173767,0.6540709733963013,-0.05474819615483284,0.5537920594215393,0.6065828800201416,-0.07591919600963593,0.5063692331314087,0.6060160994529724,-0.09614352881908417,0.6010122895240784,0.4981500804424286,-0.03212866187095642,0.5766486525535583,0.37569478154182434,-0.06403834372758865,0.5619512796401978,0.29827606678009033,-0.0846838504076004,0.5491686463356018,0.23324298858642578,-0.09732000529766083,0.6510726809501648,0.4819315969944,-0.03869897872209549,0.6378761529922485,0.34682726860046387,-0.07308226078748703,0.6282803416252136,0.2649063766002655,-0.09281324595212936,0.6218385100364685,0.19605278968811035,-0.10214906930923462,0.7027720808982849,0.49493616819381714,-0.049931906163692474,0.718389093875885,0.4125239849090576,-0.09631304442882538,0.7087772488594055,0.48465225100517273,-0.10075806826353073,0.7002204060554504,0.5461247563362122,-0.09028108417987823,0.7529543042182922,0.5271338820457458,-0.06391974538564682,0.7642470598220825,0.4708573520183563,-0.09664762020111084,0.7494982481002808,0.5160178542137146,-0.09320099651813507,0.7351718544960022,0.5598756670951843,-0.08259910345077515
0.6944722533226013,0.7646931409835815,7.513881996601413e-07,0.638655960559845,0.7256478071212769,-0.036052823066711426,0.5911795496940613,0.6609900593757629,-0.05979982018470764,0.5519083738327026,0.6159753203392029,-0.08484474569559097,0.5058243870735168,0.6161154508590698,-0.1093287393450737,0.6030975580215454,0.5026904940605164,-0.03836947679519653,0.5779340267181396,0.37912097573280334,-0.073104128241539,0.5607171058654785,0.3033303916454315,-0.09534938633441925,0.5470657348632812,0.23903346061706543,-0.10908050835132599,0.6542537808418274,0.48633337020874023,-0.04627758264541626,0.6437742114067078,0.3469609320163727,-0.08489573001861572,0.6309144496917725,0.2615409195423126,-0.10783929377794266,0.6214516758918762,0.19375720620155334,-0.11965693533420563,0.7049577236175537,0.5019938945770264,-0.05859460309147835,0.7185262441635132,0.422201544046402,-0.10790984332561493,0.705455482006073,0.4863050580024719,-0.115102618932724,0.694525957107544,0.5446725487709045,-0.10672565549612045,0.7528815269470215,0.5361155867576599,-0.07367008179426193,0.7646423578262329,0.473869651556015,-0.10884730517864227,0.7499716877937317,0.514826774597168,-0.10693878680467606,0.7350185513496399,0.5595769286155701,-0.09751570224761963
0.6958459615707397,0.7616857290267944,8.256903925030201e-07,0.6397199034690857,0.7229983806610107,-0.04318670928478241,0.5905795097351074,0.6613124012947083,-0.07138259708881378,0.5472770929336548,0.616939127445221,-0.10014684498310089,0.4958714246749878,0.611215353012085,-0.12783682346343994,0.6004998087882996,0.5000424385070801,-0.042286548763513565,0.5746234655380249,0.3783072829246521,-0.07966744154691696,0.5563129782676697,0.30276745557785034,-0.1030796617269516,0.542981743812561,0.23672407865524292,-0.11692418158054352,0.6529790163040161,0.4824979901313782,-0.04732982814311981,0.6425085663795471,0.34718552231788635,-0.09010560065507889,0.6303604245185852,0.2598973512649536,-0.11440155655145645,0.6227383017539978,0.18683534860610962,-0.12594009935855865,0.7042398452758789,0.497188001871109,-0.057444002479314804,0.7151170969009399,0.42072024941444397,-0.11205050349235535,0.7030665278434753,0.4966464340686798,-0.11709430813789368,0.6952071189880371,0.5616505742073059,-0.10476092994213104,0.7522698640823364,0.5303636789321899,-0.07076256722211838,0.7581740021705627,0.46986761689186096,-0.10760858654975891,0.7440221309661865,0.5178676843643188,-0.10258912295103073,0.7316396236419678,0.564696729183197,-0.08956214785575867
0.6938357353210449,0.7599823474884033,8.441001000392134e-07,0.6378456354141235,0.7243921756744385,-0.04088187962770462,0.5882008075714111,0.6632048487663269,-0.06826528906822205,0.5451633930206299,0.6210753321647644,-0.09620250016450882,0.4947405457496643,0.6198318004608154,-0.12337156385183334,0.5987369418144226,0.49839526414871216,-0.044040411710739136,0.5719379782676697,0.3752584457397461,-0.08129599690437317,0.5526883006095886,0.29876697063446045,-0.10497747361660004,0.5377925038337708,0.233738511800766,-0.11958952993154526,0.6512460708618164,0.48079806566238403,-0.050867412239313126,0.6398733258247375,0.3422033190727234,-0.09300648421049118,0.6279619932174683,0.25479498505592346,-0.11720126867294312,0.6216080784797668,0.18391111493110657,-0.12928271293640137,0.7039998769760132,0.4972156286239624,-0.062388043850660324,0.7176713943481445,0.41980111598968506,-0.11549833416938782,0.7046694159507751,0.49214792251586914,-0.12136819958686829,0.6966260075569153,0.5540528893470764,-0.11108499020338058,0.752715528011322,0.5321031808853149,-0.0769495740532875,0.7598407864570618,0.47705745697021484,-0.1146034225821495,0.7458168864250183,0.524470329284668,-0.11135738343000412,0.735405445098877,0.5682286620140076,-0.10030320286750793
0.7015989422798157,0.7641161680221558,7.389991196760093e-07,0.641191303730011,0.7340363264083862,-0.04068116843700409,0.593088686466217,0.6740313768386841,-0.06809158623218536,0.5589215755462646,0.6239650249481201,-0.09547595679759979,0.5126038193702698,0.6128849983215332,-0.12171508371829987,0.5935699939727783,0.5135563611984253,-0.04233936592936516,0.5642639398574829,0.39106059074401855,-0.08085411787033081,0.5459246635437012,0.3146733045578003,-0.1062350645661354,0.5331290364265442,0.24883922934532166,-0.12052442133426666,0.643701434135437,0.490526020526886,-0.0469442754983902,0.6225594282150269,0.3511521816253662,-0.08610506355762482,0.6108768582344055,0.2681422233581543,-0.10922782868146896,0.6048413515090942,0.19893160462379456,-0.1197030171751976,0.694797933101654,0.4975537061691284,-0.05613023415207863,0.6986901164054871,0.43208369612693787,-0.10142865031957626,0.6919927597045898,0.49295398592948914,-0.10464978218078613,0.6873645186424255,0.5430809855461121,-0.09352700412273407,0.7429733872413635,0.5228357911109924,-0.06889235228300095,0.7459516525268555,0.46540185809135437,-0.09419377893209457,0.7357113361358643,0.5068725347518921,-0.08429687470197678,0.7280429601669312,0.5452225208282471,-0.06979876756668091
0.6984315514564514,0.7716707587242126,3.905674361703859e-07,0.630479633808136,0.714609682559967,-0.032759252935647964,0.5932618975639343,0.615946352481842,-0.04535355418920517,0.5934054851531982,0.5151439309120178,-0.06077584624290466,0.5957561135292053,0.4360423684120178,-0.0734938383102417,0.5711035132408142,0.5063169598579407,0.005951534491032362,0.5508309602737427,0.40271133184432983,-0.022783733904361725,0.5452775359153748,0.3339661955833435,-0.044010333716869354,0.5441579222679138,0.27694493532180786,-0.0562383197247982,0.6225562691688538,0.49648746848106384,0.002120159100741148,0.6060422658920288,0.3857283592224121,-0.041424460709095,0.5916481018066406,0.3618779182434082,-0.06495856493711472,0.5794162154197693,0.34725436568260193,-0.06948599964380264,0.6771381497383118,0.5058947205543518,-0.00859219953417778,0.66508948802948,0.4379933476448059,-0.06445755064487457,0.6602386236190796,0.522037923336029,-0.06923649460077286,0.6604669690132141,0.589404821395874,-0.05308806523680687,0.7301738262176514,0.5304699540138245,-0.021888386458158493,0.7200661301612854,0.46201175451278687,-0.05815573409199715,0.7030586004257202,0.5177081227302551,-0.053082920610904694,0.6921666264533997,0.5731256008148193,-0.03803831711411476
0.7076137065887451,0.7811360359191895,-2.5745828224899014e-07,0.6396392583847046,0.7189863324165344,-0.02805793285369873,0.5995550155639648,0.6247978806495667,-0.04009808972477913,0.5919804573059082,0.5232990980148315,-0.05686241015791893,0.5858155488967896,0.4357816278934479,-0.06938040256500244,0.5777300000190735,0.5184610486030579,0.025807494297623634,0.5592989921569824,0.41599780321121216,-0.013674668967723846,0.5631228685379028,0.4149206280708313,-0.041844189167022705,0.5760684013366699,0.4413783550262451,-0.052159763872623444,0.6271978616714478,0.508018434047699,0.02285938151180744,0.6166390776634216,0.40465429425239563,-0.02267676591873169,0.6211094260215759,0.47418129444122314,-0.042748626321554184,0.6285094022750854,0.5365341901779175,-0.04049843177199364,0.6793239712715149,0.5111764669418335,0.010549068450927734,0.6700454950332642,0.44240468740463257,-0.03701835870742798,0.6670799255371094,0.5317368507385254,-0.035508669912815094,0.670464038848877,0.5976532697677612,-0.01689901389181614,0.730981707572937,0.527553915977478,-0.004736254457384348,0.7180513143539429,0.45834219455718994,-0.03003389947116375,0.7070437073707581,0.5167949199676514,-0.01940893940627575,0.7039750218391418,0.569320023059845,-0.0012337485095486045
0.7073274254798889,0.7752252221107483,-2.22174804775932e-07,0.6380017995834351,0.71424800157547,-0.02803201973438263,0.59474778175354,0.6258952021598816,-0.03932797908782959,0.5798631906509399,0.5279868245124817,-0.054723385721445084,0.5659796595573425,0.4411078095436096,-0.06572385877370834,0.5763610601425171,0.5175565481185913,0.027448507025837898,0.5575417876243591,0.42306408286094666,-0.009602988138794899,0.5595864057540894,0.41446560621261597,-0.035478781908750534,0.5712871551513672,0.43322402238845825,-0.04482514038681984,0.6241772174835205,0.5058517456054688,0.025517914444208145,0.6099625825881958,0.40562087297439575,-0.02153255045413971,0.61908358335495,0.4827862083911896,-0.04053865000605583,0.6308639645576477,0.5467167496681213,-0.03610198572278023,0.6744431257247925,0.508330225944519,0.014365386217832565,0.6630828380584717,0.4451472759246826,-0.03522771596908569,0.6644473075866699,0.5329771041870117,-0.03394320607185364,0.6711372137069702,0.5949798226356506,-0.013864146545529366,0.7259647846221924,0.5227019786834717,0.0005997822736389935,0.7115294933319092,0.4551760256290436,-0.025695446878671646,0.7039423584938049,0.5112922191619873,-0.015597672201693058,0.7036194205284119,0.5598992109298706,0.0030893059447407722
0.703144907951355,0.7745770215988159,-1.8579417826458666e-07,0.6353088021278381,0.717381477355957,-0.02492465078830719,0.5944457650184631,0.6277226209640503,-0.0367281399667263,0.5835862159729004,0.533328652381897,-0.053613290190696716,0.5713340640068054,0.4501158595085144,-0.06697658449411392,0.5756533145904541,0.5235515236854553,0.02006405033171177,0.5579463839530945,0.4264072775840759,-0.016558125615119934,0.5610156059265137,0.4135738015174866,-0.041266124695539474,0.572548508644104,0.4278210699558258,-0.050310902297496796,0.6246585249900818,0.512093722820282,0.015339762903749943,0.6113100647926331,0.41069942712783813,-0.028978904709219933,0.6178417801856995,0.4771174192428589,-0.045731522142887115,0.6279298067092896,0.5326783061027527,-0.041740138083696365,0.67653489112854,0.5121946334838867,0.0022629837039858103,0.6675915122032166,0.44205906987190247,-0.04501933977007866,0.6639664173126221,0.5315871834754944,-0.04165775328874588,0.666553795337677,0.5963782668113708,-0.021917160600423813,0.7290725708007812,0.525070309638977,-0.013380108401179314,0.7175800204277039,0.45345044136047363,-0.0395718477666378,0.7047755122184753,0.5115467309951782,-0.028906947001814842,0.6992488503456116,0.5657300353050232,-0.0107397036626935
0.700303316116333,0.7719532251358032,-1.1171134417509165e-07,0.6318877339363098,0.7146823406219482,-0.029332535341382027,0.5905035138130188,0.6293362379074097,-0.04376641660928726,0.5795139074325562,0.5363605618476868,-0.06253871321678162,0.5641626119613647,0.4528578817844391,-0.07781926542520523,0.5740670561790466,0.5214917659759521,0.016981231048703194,0.5554345846176147,0.4322805106639862,-0.02364811673760414,0.5555301904678345,0.41518956422805786,-0.05183408409357071,0.5648454427719116,0.4281613528728485,-0.06262895464897156,0.6224455237388611,0.5108433365821838,0.013878315687179565,0.610723078250885,0.41317516565322876,-0.03294600173830986,0.6166714429855347,0.4768728017807007,-0.05119508504867554,0.6244704723358154,0.5294880270957947,-0.0478488989174366,0.6742458343505859,0.5125468373298645,0.0016836290014907718,0.666609525680542,0.447144091129303,-0.04846266284584999,0.6634494066238403,0.5352350473403931,-0.045272137969732285,0.6639689803123474,0.5974342823028564,-0.02485964260995388,0.7267723083496094,0.5285909175872803,-0.01339118555188179,0.7176967263221741,0.45619142055511475,-0.041120950132608414,0.7054246664047241,0.5137567520141602,-0.03005353920161724,0.6976514458656311,0.5666074156761169,-0.011045721359550953
0.6984086632728577,0.7613170146942139,1.6194142915537668e-08,0.629815936088562,0.7101558446884155,-0.022273259237408638,0.5870633721351624,0.6173802614212036,-0.03002927079796791,0.5815176963806152,0.5226225256919861,-0.04167148098349571,0.5788087248802185,0.44943591952323914,-0.05181264877319336,0.5726174116134644,0.5226730108261108,0.01570412702858448,0.5490524172782898,0.4441031217575073,-0.009471856988966465,0.5377988815307617,0.40206578373908997,-0.029406605288386345,0.5313276648521423,0.37397515773773193,-0.040601059794425964,0.6194897294044495,0.5074881911277771,0.01062739547342062,0.6013467907905579,0.4240655303001404,-0.02590724267065525,0.601664125919342,0.4532877206802368,-0.04372803121805191,0.6040955781936646,0.4838692843914032,-0.04505383223295212,0.6706543564796448,0.5079305768013,-0.0006814756197854877,0.6584279537200928,0.4399190843105316,-0.044526245445013046,0.658705472946167,0.516516923904419,-0.04399164021015167,0.6641727089881897,0.5797704458236694,-0.02847062423825264,0.7234475612640381,0.5238463282585144,-0.014061643742024899,0.7148715853691101,0.4548153877258301,-0.04167155176401138,0.7040360569953918,0.5038807392120361,-0.03462078422307968,0.6999884247779846,0.5563493371009827,-0.020277956500649452
0.6686506867408752,0.7536719441413879,1.2755994021063088e-06,0.6006293892860413,0.740073561668396,-0.04661106318235397,0.5422266721725464,0.7169149518013,-0.08666953444480896,0.48574012517929077,0.7167548537254333,-0.1262747049331665,0.43596142530441284,0.7401823401451111,-0.16715630888938904,0.5514039397239685,0.5231809020042419,-0.06234229728579521,0.5391594767570496,0.40865498781204224,-0.10398528724908829,0.5287789106369019,0.3308643698692322,-0.13452690839767456,0.5211416482925415,0.2654580771923065,-0.15338003635406494,0.6044383645057678,0.5012511014938354,-0.06809812039136887,0.5862473249435425,0.3695497512817383,-0.10936863720417023,0.5682991743087769,0.28987768292427063,-0.13548995554447174,0.5517762899398804,0.2185235619544983,-0.14899656176567078,0.6618306040763855,0.50642329454422,-0.077183797955513,0.6597248911857605,0.44427329301834106,-0.12391681224107742,0.6516025066375732,0.5193132162094116,-0.12605948746204376,0.6431041955947876,0.5756976008415222,-0.11515124887228012,0.7149973511695862,0.5306349396705627,-0.08990386128425598,0.7122620344161987,0.4810035228729248,-0.1177460104227066,0.6982910633087158,0.5310171842575073,-0.10580434650182724,0.6860979795455933,0.5743547081947327,-0.08954359591007233
0.6626226305961609,0.7602294683456421,1.1383167475287337e-06,0.5974562764167786,0.7444089651107788,-0.039558589458465576,0.5320245623588562,0.7155945301055908,-0.0755673348903656,0.46803125739097595,0.7289485335350037,-0.11379788815975189,0.41372567415237427,0.7628448009490967,-0.1523219645023346,0.5500500202178955,0.5219203233718872,-0.04889816418290138,0.5312813520431519,0.40200597047805786,-0.08542802184820175,0.5215249061584473,0.32698309421539307,-0.10935323685407639,0.514128565788269,0.26352205872535706,-0.12378691136837006,0.5984384417533875,0.5027196407318115,-0.05846909061074257,0.5810699462890625,0.3595304787158966,-0.09763213992118835,0.5655211806297302,0.2755759358406067,-0.1202525720000267,0.553798496723175,0.20099923014640808,-0.1311982423067093,0.6511138081550598,0.5125938057899475,-0.07165296375751495,0.6522032022476196,0.44055119156837463,-0.11615093052387238,0.6482101082801819,0.5213450193405151,-0.11358311027288437,0.6444453001022339,0.5796290040016174,-0.09894011169672012,0.7020859122276306,0.5402946472167969,-0.08841880410909653,0.7032748460769653,0.4813002347946167,-0.11191818118095398,0.6947545409202576,0.5347612500190735,-0.09582117199897766,0.6861211061477661,0.5790299773216248,-0.07736603170633316
0.6666934490203857,0.7595836520195007,1.0530970939726103e-06,0.6013691425323486,0.7396782040596008,-0.03848615288734436,0.5365774035453796,0.7093217968940735,-0.07365134358406067,0.47342193126678467,0.719084620475769,-0.11108551919460297,0.4195745289325714,0.7550373077392578,-0.14892195165157318,0.5512112975120544,0.5246747732162476,-0.05173565447330475,0.53260338306427,0.3994670808315277,-0.0894865170121193,0.5232560634613037,0.32213807106018066,-0.11393596231937408,0.51546311378479,0.2550540566444397,-0.1288796365261078,0.6000834107398987,0.5029118657112122,-0.060320448130369186,0.5828410983085632,0.36431676149368286,-0.10191868990659714,0.5678930282592773,0.2800576984882355,-0.1258402317762375,0.5551123023033142,0.2027638852596283,-0.13784638047218323,0.6544164419174194,0.5099762678146362,-0.07186190783977509,0.6583476066589355,0.44921615719795227,-0.11680823564529419,0.6549704670906067,0.5303826332092285,-0.11478346586227417,0.6499922275543213,0.5914916396141052,-0.10036028921604156,0.707707941532135,0.5347651243209839,-0.08679478615522385,0.7095674872398376,0.47910457849502563,-0.11012498289346695,0.7017971873283386,0.5303548574447632,-0.09449931979179382,0.6926007866859436,0.5742820501327515,-0.07624448090791702
0.6693115830421448,0.769059419631958,1.011380618365365e-06,0.6023034453392029,0.744769275188446,-0.03912942484021187,0.5378429293632507,0.7081427574157715,-0.07239110767841339,0.47727733850479126,0.7122288346290588,-0.1071661189198494,0.4226204752922058,0.7384735941886902,-0.14200356602668762,0.5550115704536438,0.5228782892227173,-0.05015723034739494,0.531451940536499,0.4018568992614746,-0.087569959461689,0.5168266296386719,0.3255387246608734,-0.11199908703565598,0.5030125975608826,0.26051706075668335,-0.12681835889816284,0.6046320796012878,0.5033978223800659,-0.05881643667817116,0.5862321853637695,0.3638365864753723,-0.0993262231349945,0.5717371106147766,0.2792302966117859,-0.12289073318243027,0.5595661997795105,0.2023734748363495,-0.13436362147331238,0.6591967940330505,0.5139206051826477,-0.07089217752218246,0.6607067584991455,0.451227605342865,-0.11710858345031738,0.6557080745697021,0.5301697850227356,-0.11700788885354996,0.6507090330123901,0.5883071422576904,-0.10352398455142975,0.7121809124946594,0.5428617596626282,-0.08619821071624756,0.7130832672119141,0.48252072930336,-0.1120254322886467,0.7037457227706909,0.5343105792999268,-0.09800603240728378,0.6944981813430786,0.5800811648368835,-0.08048729598522186
0.6705065369606018,0.770404577255249,1.0095125162479235e-06,0.6071430444717407,0.7433035373687744,-0.03732694312930107,0.5409327745437622,0.7028024196624756,-0.06880906969308853,0.48092204332351685,0.7082610726356506,-0.1026860922574997,0.42868149280548096,0.7351522445678711,-0.13674655556678772,0.5582584142684937,0.5263530611991882,-0.04865870252251625,0.532166600227356,0.40390366315841675,-0.08773155510425568,0.5176444053649902,0.3265500068664551,-0.11209456622600555,0.5066407918930054,0.26038724184036255,-0.1264687031507492,0.6082381010055542,0.5048931837081909,-0.058055441826581955,0.590927243232727,0.36265379190444946,-0.10298671573400497,0.5770592093467712,0.2762349247932434,-0.1289535015821457,0.5660181045532227,0.19733697175979614,-0.14135755598545074,0.6622982621192932,0.51261305809021,-0.0706733912229538,0.6658865809440613,0.44730404019355774,-0.12137825042009354,0.6613943576812744,0.5331060290336609,-0.12109117954969406,0.6555929183959961,0.5954256057739258,-0.10618703067302704,0.7144947052001953,0.5390375256538391,-0.08627727627754211,0.7177640795707703,0.4788227677345276,-0.1154908686876297,0.709879457950592,0.533868134021759,-0.10191522538661957,0.6988205909729004,0.5801326036453247,-0.08399587869644165
0.6831534504890442,0.76949143409729,8.749013886699686e-07,0.6208212375640869,0.7343635559082031,-0.0336616076529026,0.5570343732833862,0.6855896711349487,-0.060126893222332,0.4998641014099121,0.6758685111999512,-0.08889850229024887,0.4474237561225891,0.6951342821121216,-0.11743150651454926,0.5665051341056824,0.5260599255561829,-0.04017284885048866,0.5332722663879395,0.40531158447265625,-0.07553009688854218,0.5139749050140381,0.33151179552078247,-0.09671992808580399,0.49686169624328613,0.26719656586647034,-0.10854190587997437,0.614434003829956,0.5045729279518127,-0.04882007837295532,0.5991512537002563,0.3656018376350403,-0.08714057505130768,0.5866596698760986,0.2808438837528229,-0.1080053299665451,0.5767853260040283,0.20488649606704712,-0.11714790016412735,0.6664125919342041,0.5126937627792358,-0.06114264205098152,0.6743755340576172,0.4530455470085144,-0.10582392662763596,0.6702810525894165,0.5304720997810364,-0.10624326765537262,0.6672115921974182,0.5874187350273132,-0.09276802092790604,0.7172670960426331,0.5396376848220825,-0.07627697288990021,0.7229412794113159,0.4832153618335724,-0.10042960196733475,0.7144346833229065,0.5330502986907959,-0.0873909443616867,0.7052289247512817,0.5753939747810364,-0.07076006382703781
0.6702003479003906,0.7675365209579468,5.070315296507033e-07,0.5985515117645264,0.7066131830215454,-0.012406287714838982,0.5586028695106506,0.6178334951400757,-0.02119678631424904,0.5632782578468323,0.5308158993721008,-0.03557608649134636,0.5763627886772156,0.475128173828125,-0.04892834275960922,0.5557404160499573,0.5190038084983826,-0.00267080869525671,0.5262306928634644,0.4122122526168823,-0.028094736859202385,0.5091405510902405,0.34362488985061646,-0.045902542769908905,0.49590981006622314,0.283291757106781,-0.056676045060157776,0.6048343181610107,0.503608763217926,-0.015016057528555393,0.5832849144935608,0.38636910915374756,-0.04238782823085785,0.5678815245628357,0.30956757068634033,-0.060020484030246735,0.557487964630127,0.24189192056655884,-0.06874246150255203,0.6579843759536743,0.510290265083313,-0.030801894143223763,0.6421614289283752,0.45548897981643677,-0.06634269654750824,0.6259697675704956,0.5095574855804443,-0.06909238547086716,0.6192827224731445,0.5589450597763062,-0.060107339173555374,0.7121043801307678,0.5321636199951172,-0.04811416193842888,0.6959237456321716,0.47812286019325256,-0.06936194002628326,0.6721737384796143,0.506005585193634,-0.06244036182761192,0.6561413407325745,0.5375366806983948,-0.0515446774661541
0.6821222305297852,0.7856419086456299,-9.585861704408671e-08,0.6168071031570435,0.730414092540741,-0.029514368623495102,0.5779914855957031,0.6479105353355408,-0.04288413003087044,0.5701634287834167,0.5568696856498718,-0.05974432826042175,0.5587949156761169,0.47544586658477783,-0.07267862558364868,0.5580664873123169,0.5442023873329163,0.018259955570101738,0.5380294919013977,0.45783641934394836,-0.015870897099375725,0.5351778864860535,0.44065481424331665,-0.0401257649064064,0.5436028838157654,0.4473211169242859,-0.04958467185497284,0.6044237017631531,0.5304723978042603,0.017116490751504898,0.5880951881408691,0.4378049373626709,-0.020598217844963074,0.5856117010116577,0.47067463397979736,-0.03781415894627571,0.5874729156494141,0.4961549639701843,-0.0374908410012722,0.6542459726333618,0.5290632247924805,0.007068800739943981,0.6451017260551453,0.46887528896331787,-0.036895059049129486,0.6440531015396118,0.54704749584198,-0.035843975841999054,0.6479953527450562,0.6014662384986877,-0.019476640969514847,0.7051434516906738,0.5392422676086426,-0.006010923534631729,0.6967411637306213,0.47419825196266174,-0.029596002772450447,0.6864278316497803,0.5294305086135864,-0.019854282960295677,0.6829156279563904,0.5774192214012146,-0.0038000880740582943
0.6793222427368164,0.7775939702987671,-1.6509969213984732e-07,0.6147685050964355,0.7252687215805054,-0.025359826162457466,0.5764610171318054,0.6438772082328796,-0.03792201727628708,0.5693678855895996,0.5572332143783569,-0.0545940063893795,0.5602208971977234,0.4823731780052185,-0.06779774278402328,0.5642388463020325,0.5423976182937622,0.014629995450377464,0.5447956323623657,0.4628271460533142,-0.02014211192727089,0.5419811606407166,0.4547286331653595,-0.04425657540559769,0.5466322898864746,0.4649043679237366,-0.05382939800620079,0.6097674369812012,0.5301268100738525,0.011163132265210152,0.5951732993125916,0.441302627325058,-0.028989439830183983,0.5972601175308228,0.4958776533603668,-0.04524385929107666,0.6028019189834595,0.5365256667137146,-0.04323583096265793,0.658568263053894,0.5294608473777771,-0.00013402920740190893,0.6517534852027893,0.464957594871521,-0.043079208582639694,0.647593080997467,0.5444387793540955,-0.03981451317667961,0.6492408514022827,0.6001132726669312,-0.02200057916343212,0.7082245945930481,0.5412609577178955,-0.014097808860242367,0.7029182314872742,0.47024911642074585,-0.03636867552995682,0.6892974972724915,0.5168571472167969,-0.026308797299861908,0.6816736459732056,0.5614303946495056,-0.009990707971155643
0.6812675595283508,0.768267035484314,1.5869143510371941e-07,0.6162819266319275,0.7199834585189819,-0.026124166324734688,0.5783512592315674,0.6429387927055359,-0.03910139203071594,0.5693065524101257,0.557053804397583,-0.056377947330474854,0.5590488910675049,0.48085179924964905,-0.07066281884908676,0.5629544258117676,0.5475364923477173,0.01607391983270645,0.5434662103652954,0.4769423007965088,-0.017765067517757416,0.5407566428184509,0.44442886114120483,-0.043138887733221054,0.5467826128005981,0.43936192989349365,-0.05414411053061485,0.6080121994018555,0.5306828618049622,0.01281583309173584,0.5892209410667419,0.4474070370197296,-0.02530156448483467,0.5839471817016602,0.4539433419704437,-0.04486384242773056,0.582444429397583,0.4665062129497528,-0.04740365222096443,0.6567716002464294,0.5279741287231445,0.0016111130826175213,0.6490659713745117,0.46840542554855347,-0.04383915662765503,0.6482723951339722,0.5467495918273926,-0.04258497431874275,0.6499682664871216,0.6107878088951111,-0.025271503254771233,0.7081344723701477,0.538011908531189,-0.012171460315585136,0.7012065052986145,0.4721003472805023,-0.03866058588027954,0.6906732320785522,0.5219701528549194,-0.029878297820687294,0.6822336316108704,0.573099672794342,-0.013577484525740147
0.6761273741722107,0.770815372467041,1.5807658826361148e-07,0.61307692527771,0.7209043502807617,-0.027770861983299255,0.5763940811157227,0.6360234618186951,-0.041832778602838516,0.5684264898300171,0.5519840121269226,-0.059805262833833694,0.5549318790435791,0.4787842631340027,-0.07525186240673065,0.5611006021499634,0.5468756556510925,0.01060474943369627,0.543005108833313,0.4835190773010254,-0.02581622265279293,0.538408100605011,0.4518403708934784,-0.05307437852025032,0.5437880754470825,0.4473099410533905,-0.06542839854955673,0.6071089506149292,0.5304642915725708,0.00739248376339674,0.5882038474082947,0.456275999546051,-0.03277451917529106,0.5822577476501465,0.46355560421943665,-0.0521831177175045,0.5814557671546936,0.47525331377983093,-0.054770249873399734,0.6572638154029846,0.5293818712234497,-0.003926447592675686,0.6471676230430603,0.4707072973251343,-0.05080380663275719,0.6475992798805237,0.5520818829536438,-0.04811146855354309,0.6522470712661743,0.6194232106208801,-0.02978971041738987,0.7107821702957153,0.5416150689125061,-0.018113616853952408,0.7037777304649353,0.47573694586753845,-0.04688630253076553,0.6914169788360596,0.5256139636039734,-0.038751959800720215,0.6819900870323181,0.5791100263595581,-0.022652795538306236
0.675190269947052,0.7697749733924866,4.837766098830798e-08,0.6102896332740784,0.7212046980857849,-0.019793828949332237,0.5749326944351196,0.6324014663696289,-0.029143135994672775,0.5708581805229187,0.5471437573432922,-0.04372254014015198,0.5632122159004211,0.474978506565094,-0.056926894932985306,0.5695547461509705,0.5510618090629578,0.017860328778624535,0.5512511134147644,0.4941175580024719,-0.01352758053690195,0.5429301857948303,0.46765363216400146,-0.038276828825473785,0.5421292185783386,0.45926719903945923,-0.050200507044792175,0.6127294301986694,0.533153772354126,0.011819449253380299,0.5974943041801453,0.46505656838417053,-0.020868457853794098,0.5863019824028015,0.46882277727127075,-0.03751223161816597,0.5787830352783203,0.4727436900138855,-0.04050297290086746,0.6609634757041931,0.5311417579650879,-0.0015317006036639214,0.6486279368400574,0.469960480928421,-0.04360348358750343,0.6476175785064697,0.5499062538146973,-0.04096974804997444,0.6535437107086182,0.6175306439399719,-0.024356983602046967,0.7136017084121704,0.5436598062515259,-0.01707114838063717,0.7031049728393555,0.4780787527561188,-0.04433080554008484,0.6897589564323425,0.5296948552131653,-0.03635219484567642,0.6834856867790222,0.5861910581588745,-0.0212133526802063
0.6685184836387634,0.7513257265090942,9.818470516620437e-07,0.6077377796173096,0.7438375949859619,-0.04843427985906601,0.5670563578605652,0.7009053230285645,-0.07932313531637192,0.5758215188980103,0.6593466401100159,-0.10674312710762024,0.5819510221481323,0.6319952607154846,-0.132846400141716,0.5577288866043091,0.5445151329040527,-0.057392511516809464,0.5217845439910889,0.45152047276496887,-0.09736527502536774,0.49560266733169556,0.3817693591117859,-0.12827125191688538,0.47445589303970337,0.32245519757270813,-0.14880968630313873,0.609307050704956,0.5206314325332642,-0.0579962432384491,0.5988514423370361,0.4181898236274719,-0.09602098166942596,0.5946500897407532,0.345045268535614,-0.12051995098590851,0.5920913815498352,0.282332181930542,-0.1336483359336853,0.6630606055259705,0.5288798809051514,-0.06301692128181458,0.664576530456543,0.47371339797973633,-0.1049245148897171,0.6629080772399902,0.5311256647109985,-0.107734814286232,0.6622311472892761,0.5717169642448425,-0.09919750690460205,0.7139602303504944,0.555757462978363,-0.07238546758890152,0.718507707118988,0.5050252676010132,-0.10217162221670151,0.7090287208557129,0.543638288974762,-0.0952802523970604,0.7030313611030579,0.5746776461601257,-0.0827932357788086
0.6679946184158325,0.7786368131637573,1.3127813645041897e-06,0.6119894981384277,0.7703697681427002,-0.04157330468297005,0.5555585622787476,0.7466082572937012,-0.07878448814153671,0.5089101791381836,0.7557010650634766,-0.11656191200017929,0.46546536684036255,0.7855769991874695,-0.15582895278930664,0.5515411496162415,0.5682410001754761,-0.06561042368412018,0.5048673152923584,0.461436003446579,-0.10427837818861008,0.47707685828208923,0.3893083930015564,-0.12820476293563843,0.45448172092437744,0.32652267813682556,-0.14318546652793884,0.6069729328155518,0.5420786738395691,-0.07334136962890625,0.6040069460868835,0.4024963974952698,-0.11364297568798065,0.6033879518508911,0.31137460470199585,-0.13591322302818298,0.6025296449661255,0.23028463125228882,-0.14641942083835602,0.6620904803276062,0.5514144897460938,-0.08345238119363785,0.6617571711540222,0.5001286268234253,-0.12721940875053406,0.6569493412971497,0.5804144740104675,-0.1253347098827362,0.6557353734970093,0.6341103315353394,-0.11191817373037338,0.7141401767730713,0.5794363617897034,-0.09709049016237259,0.712061882019043,0.534515380859375,-0.12340835481882095,0.7032715082168579,0.5884698033332825,-0.10862106829881668,0.696816086769104,0.6316409707069397,-0.09036002308130264
0.6654897928237915,0.7887598276138306,1.2248973462192225e-06,0.6115676760673523,0.7691585421562195,-0.038931433111429214,0.5568857192993164,0.7367550134658813,-0.07447250187397003,0.5081300735473633,0.7399460673332214,-0.112103171646595,0.4634426534175873,0.7750974297523499,-0.1497734636068344,0.5502402186393738,0.5633587837219238,-0.05784544348716736,0.503682553768158,0.4544479250907898,-0.09729453176259995,0.4736802577972412,0.38320666551589966,-0.12034453451633453,0.4493250548839569,0.3205621838569641,-0.13393165171146393,0.6038482785224915,0.5425023436546326,-0.06777213513851166,0.6024224758148193,0.4043295383453369,-0.11193534731864929,0.603041410446167,0.30805450677871704,-0.13534043729305267,0.6046229004859924,0.22371116280555725,-0.1454932689666748,0.6575717329978943,0.553450345993042,-0.0806347206234932,0.6661601662635803,0.5063034296035767,-0.13114002346992493,0.6606597304344177,0.5930784344673157,-0.12996312975883484,0.6581038236618042,0.6552066206932068,-0.11388283967971802,0.7082700729370117,0.5814321637153625,-0.09658774733543396,0.7144370675086975,0.528431236743927,-0.12466315925121307,0.7058022022247314,0.582710325717926,-0.10908279567956924,0.6968761682510376,0.6306949257850647,-0.08949258923530579
0.6672669649124146,0.7827317714691162,1.141263510362478e-06,0.6120251417160034,0.7627182006835938,-0.03618316724896431,0.5562179088592529,0.7298088669776917,-0.0696900263428688,0.5082008242607117,0.7321737408638,-0.10525765269994736,0.46509042382240295,0.7652435898780823,-0.14105507731437683,0.5505622029304504,0.5608036518096924,-0.055809784680604935,0.5021049380302429,0.4519331157207489,-0.0954524576663971,0.47170042991638184,0.38251256942749023,-0.11833333224058151,0.44720128178596497,0.32284995913505554,-0.13144247233867645,0.6037470698356628,0.5390928983688354,-0.06597968935966492,0.5995305776596069,0.39824581146240234,-0.10805288702249527,0.5967236161231995,0.3082905113697052,-0.12947307527065277,0.5953797101974487,0.2288781702518463,-0.13864775002002716,0.6575537323951721,0.5492581129074097,-0.07902954518795013,0.6631509065628052,0.49582749605178833,-0.12533621490001678,0.6585643887519836,0.5747356414794922,-0.12315505743026733,0.6570101380348206,0.6270182132720947,-0.1082158014178276,0.7091186046600342,0.5766562819480896,-0.09508777409791946,0.7123963832855225,0.525703489780426,-0.11980100721120834,0.7028858065605164,0.5810431241989136,-0.10354354977607727,0.694499135017395,0.6234884262084961,-0.08459567278623581
0.6715006828308105,0.7863929271697998,1.136132596002426e-06,0.6168496608734131,0.7641808986663818,-0.036337725818157196,0.5625619292259216,0.7282582521438599,-0.0692644938826561,0.5154136419296265,0.7266912460327148,-0.10426396131515503,0.46970507502555847,0.7568468451499939,-0.13929186761379242,0.5517178773880005,0.5619557499885559,-0.05534512922167778,0.5051899552345276,0.4513438642024994,-0.0961669310927391,0.47478511929512024,0.3808431029319763,-0.12006120383739471,0.44960278272628784,0.31947797536849976,-0.13387803733348846,0.6038557291030884,0.5404394268989563,-0.06565812230110168,0.5968624353408813,0.4013522267341614,-0.11044658720493317,0.594608724117279,0.3074415624141693,-0.1341674029827118,0.5937018394470215,0.22418564558029175,-0.14441341161727905,0.6574622988700867,0.5500807762145996,-0.07876450568437576,0.6652974486351013,0.5040018558502197,-0.12858740985393524,0.6619669795036316,0.5887464284896851,-0.1267201006412506,0.6607112884521484,0.647578239440918,-0.11054821312427521,0.7089602947235107,0.5771586298942566,-0.0948079451918602,0.7129799723625183,0.5288264155387878,-0.12236370891332626,0.704678475856781,0.5848033428192139,-0.10643782466650009,0.6966646909713745,0.6305074095726013,-0.08676502853631973
0.6774262189865112,0.7868821024894714,1.0395353911007987e-06,0.6228354573249817,0.7602443099021912,-0.03134432062506676,0.5671183466911316,0.7136764526367188,-0.057757455855607986,0.5220456123352051,0.7013648152351379,-0.08682215958833694,0.4765365719795227,0.7240487337112427,-0.11591246724128723,0.5550717711448669,0.5605112314224243,-0.04539235681295395,0.5067003965377808,0.45168232917785645,-0.08479759097099304,0.47743090987205505,0.3812538981437683,-0.1082482784986496,0.45282480120658875,0.3205087184906006,-0.12166556715965271,0.6070602536201477,0.5382599234580994,-0.05628597363829613,0.5978977084159851,0.39808154106140137,-0.09858804941177368,0.5945580005645752,0.3070705235004425,-0.12021651864051819,0.592639148235321,0.22613072395324707,-0.12888136506080627,0.661801815032959,0.5471687316894531,-0.07029743492603302,0.6665080785751343,0.49567174911499023,-0.11883392184972763,0.664435088634491,0.5782047510147095,-0.1161264181137085,0.6653878092765808,0.6354879140853882,-0.09921988844871521,0.7151917219161987,0.5743169784545898,-0.08688411116600037,0.7186393141746521,0.5207974314689636,-0.11485902220010757,0.7097768187522888,0.5741385817527771,-0.09975652396678925,0.7019694447517395,0.6179997324943542,-0.0804014578461647
0.6766452789306641,0.7897585034370422,1.0388479267930961e-06,0.6214014887809753,0.759743332862854,-0.03518449887633324,0.5707721710205078,0.7092742919921875,-0.06410060822963715,0.5321727395057678,0.6873923540115356,-0.09496593475341797,0.4874398112297058,0.7056989669799805,-0.12579917907714844,0.5574185848236084,0.5587710738182068,-0.047361280769109726,0.5136291980743408,0.4468575119972229,-0.08596687018871307,0.48635274171829224,0.37774789333343506,-0.1087697222828865,0.46300628781318665,0.3161875009536743,-0.12126385420560837,0.6095035076141357,0.5384525060653687,-0.0563979409635067,0.6007331013679504,0.40011054277420044,-0.09832412004470825,0.5973919630050659,0.31057652831077576,-0.11940965056419373,0.5956127643585205,0.2331027388572693,-0.127391517162323,0.6627289056777954,0.5471037030220032,-0.06886375695466995,0.6672024726867676,0.4986796975135803,-0.11827875673770905,0.6620572209358215,0.5861579179763794,-0.11711502820253372,0.6603121161460876,0.6487234234809875,-0.10083317756652832,0.7144941091537476,0.5717585682868958,-0.08409382402896881,0.7161685228347778,0.5210538506507874,-0.1121097058057785,0.7052039504051208,0.5782578587532043,-0.09763288497924805,0.6952033638954163,0.6260727643966675,-0.07879234105348587
0.6845982074737549,0.800328254699707,-7.520562803620123e-07,0.6202272772789001,0.7390223741531372,-0.007093748077750206,0.5826705098152161,0.6698252558708191,-0.022346708923578262,0.5715211033821106,0.6171352863311768,-0.04502003267407417,0.58207768201828,0.569754421710968,-0.06572192907333374,0.6143952012062073,0.5390571355819702,0.007926935330033302,0.5890454649925232,0.4766620397567749,-0.029696714133024216,0.5713382363319397,0.5283644199371338,-0.060212280601263046,0.5734796524047852,0.58046954870224,-0.07644418627023697,0.6557754278182983,0.5362486243247986,-0.008063675835728645,0.6292453408241272,0.4735589027404785,-0.042641595005989075,0.6105379462242126,0.5348246097564697,-0.06145031750202179,0.6108964681625366,0.5874024629592896,-0.06806738674640656,0.6994951963424683,0.5462042689323425,-0.02911834605038166,0.6751419901847839,0.498765766620636,-0.05563933029770851,0.65511554479599,0.5564208626747131,-0.05254097655415535,0.6521580815315247,0.6015492081642151,-0.04515182599425316,0.7441990375518799,0.5675060749053955,-0.0522371344268322,0.7231436967849731,0.5267386436462402,-0.061520256102085114,0.7007132768630981,0.5635851621627808,-0.0497293546795845,0.6924660801887512,0.5940112471580505,-0.03840316832065582
0.6810938119888306,0.7460352182388306,-4.144690990415256e-07,0.6201086044311523,0.702083945274353,-0.017257455736398697,0.5809267163276672,0.6412535309791565,-0.03406481817364693,0.5730152130126953,0.5903725028038025,-0.05442056432366371,0.5733371376991272,0.5612478852272034,-0.07196259498596191,0.5985873937606812,0.5183175802230835,-0.0011388808488845825,0.5878865718841553,0.4739333987236023,-0.040157873183488846,0.5820865631103516,0.5281796455383301,-0.06766699254512787,0.585570216178894,0.5673823952674866,-0.08105356991291046,0.6445643901824951,0.5105345249176025,-0.011093003675341606,0.6397080421447754,0.455940842628479,-0.05029541626572609,0.6307876706123352,0.5274307727813721,-0.06621331721544266,0.6289334893226624,0.5692939758300781,-0.06733381003141403,0.6903592348098755,0.5156160593032837,-0.026720575988292694,0.6859370470046997,0.486270546913147,-0.05882798880338669,0.6740454435348511,0.5536476969718933,-0.05336612090468407,0.6689959764480591,0.5863458514213562,-0.041266366839408875,0.7351216077804565,0.5336758494377136,-0.0447259284555912,0.7323211431503296,0.5116144418716431,-0.05597728118300438,0.7178008556365967,0.5597870349884033,-0.04275614768266678,0.7104252576828003,0.5834089517593384,-0.02883872017264366
0.6568167805671692,0.7249793410301208,-2.945033941159636e-07,0.6033642888069153,0.6983759999275208,-0.020215656608343124,0.5640040636062622,0.6429417133331299,-0.03599788621068001,0.5571308135986328,0.5972079038619995,-0.05357613414525986,0.5556740164756775,0.5750717520713806,-0.07009449601173401,0.5834944248199463,0.5241252183914185,-0.008040380664169788,0.5742733478546143,0.480800598859787,-0.044339075684547424,0.5623294115066528,0.509017825126648,-0.07162198424339294,0.5615500807762146,0.5407402515411377,-0.08589363843202591,0.6266515254974365,0.5104817152023315,-0.01600201427936554,0.6154075264930725,0.45076844096183777,-0.05189317464828491,0.6005038022994995,0.502765953540802,-0.06735936552286148,0.5996558666229248,0.5432454943656921,-0.0692400112748146,0.670932412147522,0.5129470825195312,-0.029321305453777313,0.6611952185630798,0.4759415090084076,-0.06213625147938728,0.6482608914375305,0.5387142896652222,-0.05953511223196983,0.6485989093780518,0.576498806476593,-0.04909593611955643,0.7180935144424438,0.5294446349143982,-0.045045848935842514,0.7076719403266907,0.5017801523208618,-0.06208503618836403,0.6919528245925903,0.5491772294044495,-0.05303554609417915,0.6882994771003723,0.5782584547996521,-0.041566334664821625
0.6622122526168823,0.723712682723999,-3.543032960351411e-07,0.6091271042823792,0.7019131183624268,-0.02608427032828331,0.5706496238708496,0.6488081216812134,-0.04615607112646103,0.557193398475647,0.6081076264381409,-0.06668448448181152,0.5483924746513367,0.5758380889892578,-0.08563105762004852,0.5882065892219543,0.5245799422264099,-0.013683291152119637,0.5712831020355225,0.4960092306137085,-0.050772737711668015,0.5576210021972656,0.5276159048080444,-0.08005639165639877,0.5522180795669556,0.5534006357192993,-0.09703350812196732,0.629941999912262,0.5074301362037659,-0.01964041404426098,0.6145433187484741,0.4676460027694702,-0.056056518107652664,0.6012058258056641,0.5218117237091064,-0.0737379938364029,0.5965653657913208,0.5575032234191895,-0.07863476872444153,0.673223614692688,0.508446216583252,-0.031058216467499733,0.661017119884491,0.4808955192565918,-0.06368785351514816,0.6515174508094788,0.5444936752319336,-0.059956543147563934,0.6516290903091431,0.5776132345199585,-0.05042819306254387,0.718347430229187,0.5259910225868225,-0.04550434648990631,0.7105808258056641,0.5072389841079712,-0.06404411047697067,0.6984973549842834,0.5542437434196472,-0.05480315163731575,0.6966670751571655,0.5776992440223694,-0.04342233017086983
0.6589810252189636,0.7139325141906738,-2.4095285766634333e-07,0.6123872995376587,0.7000190615653992,-0.02758430689573288,0.5746469497680664,0.6537805795669556,-0.04643278568983078,0.5598943829536438,0.6134635806083679,-0.06466405838727951,0.5527667999267578,0.5875324606895447,-0.0815742164850235,0.5865212678909302,0.5306150913238525,-0.01789613999426365,0.5723472237586975,0.5029420852661133,-0.05050531402230263,0.5585828423500061,0.5175816416740417,-0.07588852196931839,0.5525221228599548,0.5351932048797607,-0.09063630551099777,0.6304161548614502,0.5121511220932007,-0.021654414013028145,0.6179983019828796,0.4727616608142853,-0.05262733995914459,0.6037920117378235,0.5191008448600769,-0.06665272265672684,0.5986044406890869,0.5515866279602051,-0.07014904171228409,0.6748086810112,0.515038788318634,-0.03048708662390709,0.664793074131012,0.4859830141067505,-0.060171227902173996,0.6516661047935486,0.5405532121658325,-0.05724041536450386,0.6502968668937683,0.5720158815383911,-0.04876425489783287,0.7202863693237305,0.5351850390434265,-0.042224373668432236,0.7140061259269714,0.5132965445518494,-0.05977223441004753,0.698340654373169,0.5534805655479431,-0.0519176684319973,0.6933125257492065,0.579392671585083,-0.04194708541035652
0.6538324952125549,0.719842791557312,-3.979816085575294e-07,0.6050047874450684,0.6993159055709839,-0.012754997238516808,0.5681962370872498,0.6420007944107056,-0.0209442600607872,0.5575755834579468,0.5965765118598938,-0.031354669481515884,0.5453345775604248,0.5756745338439941,-0.03931903839111328,0.5870846509933472,0.5412940382957458,0.00015531620010733604,0.5817819237709045,0.5011323690414429,-0.024646811187267303,0.58529132604599,0.5490471124649048,-0.04119681566953659,0.5921019911766052,0.5757038593292236,-0.049737393856048584,0.6268815398216248,0.531493604183197,-0.006979336030781269,0.6223286986351013,0.4864954650402069,-0.031417038291692734,0.6232241988182068,0.5418726801872253,-0.039704300463199615,0.6280086636543274,0.5720409154891968,-0.03957628831267357,0.6673498153686523,0.533988356590271,-0.01850968971848488,0.6627272963523865,0.49380677938461304,-0.038940418511629105,0.6572954058647156,0.5465589761734009,-0.0323479138314724,0.6581278443336487,0.5747021436691284,-0.02327432483434677,0.7088832259178162,0.5483922362327576,-0.03199498727917671,0.7066546678543091,0.5107784867286682,-0.04070374742150307,0.696353554725647,0.5491708517074585,-0.030877742916345596,0.6936807036399841,0.5745559334754944,-0.02107766643166542
0.6641039252281189,0.7201273441314697,-3.727569435341138e-07,0.6228297352790833,0.6949326992034912,-0.02156299352645874,0.5914730429649353,0.6382288336753845,-0.03546120971441269,0.5771486759185791,0.5861509442329407,-0.05018024519085884,0.5721712112426758,0.54986572265625,-0.061424583196640015,0.6203941702842712,0.5552207231521606,-0.011929861269891262,0.617409348487854,0.4978601336479187,-0.0442303828895092,0.6105786561965942,0.5471861362457275,-0.06263676285743713,0.6123042702674866,0.5837766528129578,-0.06969796121120453,0.6514968872070312,0.5467068552970886,-0.013511613011360168,0.6476683616638184,0.48888206481933594,-0.04464932158589363,0.6380909085273743,0.5435178279876709,-0.054205700755119324,0.6412224769592285,0.5755800008773804,-0.053039200603961945,0.6836085319519043,0.5507342219352722,-0.020188719034194946,0.6789873242378235,0.4946075677871704,-0.049066513776779175,0.6660578846931458,0.5458981394767761,-0.044805124402046204,0.6674681901931763,0.5792658925056458,-0.03384869545698166,0.714840292930603,0.5636857748031616,-0.02856922149658203,0.7128680944442749,0.5167534351348877,-0.044673748314380646,0.6990442872047424,0.5484753251075745,-0.038098156452178955,0.698871910572052,0.5767121315002441,-0.027817539870738983
0.6795703768730164,0.7631360292434692,8.16911892798089e-07,0.6055984497070312,0.7634913921356201,-0.05486660823225975,0.5412005186080933,0.7258475422859192,-0.09443819522857666,0.48393815755844116,0.6914471983909607,-0.12650251388549805,0.427340030670166,0.6745474338531494,-0.16111110150814056,0.5763925909996033,0.5511231422424316,-0.08478853851556778,0.5434687733650208,0.44803959131240845,-0.12493006139993668,0.5241638422012329,0.3731725215911865,-0.15678836405277252,0.5071457624435425,0.3071075677871704,-0.18013440072536469,0.6303910613059998,0.5213111639022827,-0.08336807042360306,0.6191617846488953,0.3910587430000305,-0.11843619495630264,0.6120264530181885,0.30073821544647217,-0.14723831415176392,0.6050962209701538,0.2180919647216797,-0.1682414561510086,0.6843163371086121,0.5265279412269592,-0.0852212905883789,0.688641369342804,0.3999132513999939,-0.11744263023138046,0.6942080855369568,0.3154560327529907,-0.1420425921678543,0.6975325345993042,0.24110493063926697,-0.15933862328529358,0.7338619828224182,0.55501389503479,-0.09067889302968979,0.7485672235488892,0.46177345514297485,-0.12008487433195114,0.7587360739707947,0.4002709984779358,-0.13349345326423645,0.7661167979240417,0.34464412927627563,-0.14202970266342163
0.6915014982223511,0.8029763102531433,7.485896276193671e-07,0.611236035823822,0.7814626693725586,-0.04595068097114563,0.5430271029472351,0.7272146940231323,-0.07848433405160904,0.48055499792099,0.6797056198120117,-0.10647264122962952,0.41654783487319946,0.6569840908050537,-0.13580568134784698,0.5831079483032227,0.5538945198059082,-0.06146341934800148,0.5428312420845032,0.4392974376678467,-0.09849751740694046,0.5180623531341553,0.36437511444091797,-0.12669254839420319,0.4992190897464752,0.29687586426734924,-0.1471809595823288,0.6366001963615417,0.5260236859321594,-0.06543833762407303,0.6236956119537354,0.3850695490837097,-0.09715530276298523,0.6169573664665222,0.2930161654949188,-0.1220635250210762,0.6115772128105164,0.2116745114326477,-0.14021936058998108,0.6899961233139038,0.5322504043579102,-0.07395094633102417,0.693780779838562,0.3994191288948059,-0.10672654956579208,0.6998625993728638,0.3148448169231415,-0.12756910920143127,0.7035781741142273,0.24000436067581177,-0.1417158991098404,0.7410601377487183,0.5619775652885437,-0.08588597923517227,0.7576271295547485,0.46734651923179626,-0.1146613284945488,0.7679320573806763,0.40333253145217896,-0.12566441297531128,0.7745158076286316,0.343630850315094,-0.13257402181625366
0.6927424669265747,0.8046389818191528,6.971434345359739e-07,0.612654447555542,0.7788236141204834,-0.03864671289920807,0.5399847030639648,0.7172234654426575,-0.06387242674827576,0.4777681827545166,0.6656733751296997,-0.08566207438707352,0.4171488881111145,0.6460923552513123,-0.10893607139587402,0.5827123522758484,0.5524888634681702,-0.04827982559800148,0.5414907336235046,0.4350166320800781,-0.0789274349808693,0.5171576738357544,0.3596688210964203,-0.10237673670053482,0.49956196546554565,0.2937445044517517,-0.11951454728841782,0.6367256045341492,0.5231044292449951,-0.052920129150152206,0.624571681022644,0.3770592510700226,-0.07731766253709793,0.6176348328590393,0.2854461371898651,-0.09712787717580795,0.6123082041740417,0.2082553505897522,-0.11222238838672638,0.6903203725814819,0.5259273052215576,-0.061913181096315384,0.6965951323509216,0.3896447420120239,-0.0877489447593689,0.7011652588844299,0.3052438497543335,-0.10434956848621368,0.7028566598892212,0.23238003253936768,-0.11641263216733932,0.741277277469635,0.5525288581848145,-0.07404279708862305,0.757655918598175,0.4573308825492859,-0.09582777321338654,0.7671419382095337,0.3956722915172577,-0.10249260067939758,0.7728284597396851,0.3390074372291565,-0.10725978016853333
0.6960160732269287,0.8048175573348999,7.002117285992426e-07,0.6174009442329407,0.7749403119087219,-0.04159533604979515,0.5478090047836304,0.7163673639297485,-0.06964496523141861,0.4849545359611511,0.6688131093978882,-0.09405995905399323,0.4232906103134155,0.6526675820350647,-0.11993256211280823,0.5862225294113159,0.5487784743309021,-0.051643114537000656,0.5458141565322876,0.4321243166923523,-0.08424019813537598,0.5201600193977356,0.35823366045951843,-0.10952059179544449,0.4998616874217987,0.29155686497688293,-0.12811195850372314,0.6398518085479736,0.5198078155517578,-0.05615375190973282,0.627794623374939,0.37419289350509644,-0.08224259316921234,0.6194502711296082,0.2824796438217163,-0.10318490117788315,0.6120713353157043,0.20307335257530212,-0.11907167732715607,0.693313479423523,0.524268388748169,-0.06525561958551407,0.7000341415405273,0.3900887966156006,-0.09189635515213013,0.7042778730392456,0.30652257800102234,-0.10795058310031891,0.7057916522026062,0.2331462800502777,-0.11954769492149353,0.7440390586853027,0.5526332259178162,-0.07798405736684799,0.7589145302772522,0.4584270715713501,-0.09951373934745789,0.7676795125007629,0.39715462923049927,-0.10509663820266724,0.7734878063201904,0.340573251247406,-0.10914801806211472
0.6941922903060913,0.8052785396575928,6.884410481688974e-07,0.6319215297698975,0.7658227682113647,-0.031595561653375626,0.594387412071228,0.718097448348999,-0.05664440616965294,0.5859546661376953,0.6862685680389404,-0.08182685077190399,0.5607417225837708,0.6827425956726074,-0.10787313431501389,0.5813871026039124,0.5539665222167969,-0.036967333406209946,0.5407459139823914,0.4373849630355835,-0.06915374100208282,0.517541229724884,0.3663807809352875,-0.09324809163808823,0.5002020597457886,0.3038949966430664,-0.10876074433326721,0.634335994720459,0.5286111235618591,-0.04603451117873192,0.6147615909576416,0.3874650001525879,-0.07210395485162735,0.6035943031311035,0.29877611994743347,-0.09367407113313675,0.5966026186943054,0.22727718949317932,-0.10775861144065857,0.6878925561904907,0.533706545829773,-0.059446245431900024,0.6943327784538269,0.4162346124649048,-0.0853557363152504,0.7000404596328735,0.35709527134895325,-0.09865539520978928,0.7042099237442017,0.30872082710266113,-0.10455325245857239,0.7406529188156128,0.5587494373321533,-0.07607140392065048,0.7533524632453918,0.4659888744354248,-0.0923425629734993,0.7618131041526794,0.4095239043235779,-0.0919198989868164,0.7685861587524414,0.35866230726242065,-0.08970367908477783
0.688430905342102,0.8025734424591064,7.335455052270845e-07,0.6368492841720581,0.7707220315933228,-0.05078741908073425,0.6033453345298767,0.7110334634780884,-0.08153589069843292,0.5961470603942871,0.6466836333274841,-0.11052732914686203,0.5737566351890564,0.5947532653808594,-0.13607686758041382,0.5858287215232849,0.5553193092346191,-0.04883577302098274,0.5544703006744385,0.4404096007347107,-0.08790940791368484,0.5321810841560364,0.36911988258361816,-0.11201557517051697,0.5151258111000061,0.30674612522125244,-0.12538330256938934,0.6349021196365356,0.5331102609634399,-0.048653729259967804,0.6161929368972778,0.4006205201148987,-0.09251876175403595,0.6003439426422119,0.3216511011123657,-0.11770733445882797,0.5890628695487976,0.24922052025794983,-0.1296311467885971,0.6853111982345581,0.5395500659942627,-0.05402341112494469,0.688543438911438,0.4772374629974365,-0.1055845394730568,0.6793901920318604,0.5466736555099487,-0.11033711582422256,0.67294842004776,0.5973958373069763,-0.09942794591188431,0.734512984752655,0.562307596206665,-0.06367258727550507,0.7421407699584961,0.4933291971683502,-0.095502108335495,0.7322108149528503,0.5335131883621216,-0.08969137072563171,0.7224521636962891,0.5714111924171448,-0.07758473604917526
0.6812773942947388,0.812734067440033,3.163785891047155e-07,0.6252836585044861,0.7565289735794067,-0.027538908645510674,0.5925781726837158,0.6844526529312134,-0.040724582970142365,0.5850467681884766,0.6111922860145569,-0.056816279888153076,0.5716040730476379,0.5480323433876038,-0.06979192048311234,0.5826321840286255,0.5610308647155762,0.0046155983582139015,0.5665442943572998,0.4815886914730072,-0.018434729427099228,0.5621005296707153,0.43209218978881836,-0.03737691417336464,0.5627084374427795,0.3894554674625397,-0.04858092963695526,0.6259136199951172,0.5434784889221191,0.0008867168799042702,0.6067993640899658,0.4461138844490051,-0.024727145209908485,0.5960018634796143,0.40705907344818115,-0.04034745320677757,0.5919169187545776,0.3738563656806946,-0.04708889126777649,0.6723650693893433,0.547664225101471,-0.009747931733727455,0.6651848554611206,0.4849810004234314,-0.049154993146657944,0.6561676859855652,0.5480751991271973,-0.05388130992650986,0.655485212802887,0.6037651300430298,-0.04463595896959305,0.7209227681159973,0.5660802125930786,-0.023095445707440376,0.7252170443534851,0.4907089173793793,-0.04846389219164848,0.7081195116043091,0.5220116972923279,-0.045747458934783936,0.696282684803009,0.5634941458702087,-0.03684348240494728
0.6718509197235107,0.8024460077285767,-1.4053489394427743e-07,0.615013837814331,0.7464105486869812,-0.02448023296892643,0.582679033279419,0.6695649027824402,-0.0379757322371006,0.5746912956237793,0.5914219617843628,-0.05507087707519531,0.5624867081642151,0.519880473613739,-0.06849803775548935,0.578877866268158,0.5572558045387268,0.010225044563412666,0.5600625276565552,0.48269733786582947,-0.021855974569916725,0.551760733127594,0.47262662649154663,-0.04605237767100334,0.5552452802658081,0.4893028736114502,-0.056227222084999084,0.6210142374038696,0.5444486141204834,0.007457677740603685,0.6051883101463318,0.4581245183944702,-0.026174407452344894,0.6030613780021667,0.4885280728340149,-0.04411531612277031,0.6103499531745911,0.5273634195327759,-0.04724252223968506,0.6672353744506836,0.5447536110877991,-0.0026071425527334213,0.6609833836555481,0.4723007082939148,-0.03850584477186203,0.6526283621788025,0.5202733278274536,-0.042629219591617584,0.6543287038803101,0.5745570063591003,-0.03370262682437897,0.7158145308494568,0.556191623210907,-0.01534933503717184,0.7183825373649597,0.47623106837272644,-0.03627212345600128,0.7007948160171509,0.4968455135822296,-0.03421253338456154,0.6879296898841858,0.5394927263259888,-0.02550690434873104
0.6724057197570801,0.7826088666915894,-3.652235704976192e-07,0.6159650683403015,0.7374948859214783,-0.03250723332166672,0.579644501209259,0.6618814468383789,-0.05080287903547287,0.5727678537368774,0.5822104215621948,-0.07118304073810577,0.5654119253158569,0.5091418027877808,-0.08557862043380737,0.5664913058280945,0.5424895286560059,-0.005055172368884087,0.5518006682395935,0.4711863398551941,-0.05097661912441254,0.5661824941635132,0.5069398880004883,-0.078553706407547,0.5831150412559509,0.5567015409469604,-0.08673736453056335,0.612991452217102,0.5289918184280396,-0.0040239812806248665,0.6028928756713867,0.4605727195739746,-0.04984501004219055,0.6139084696769714,0.5393170118331909,-0.06468135118484497,0.6234546899795532,0.5979572534561157,-0.061467912048101425,0.6617795825004578,0.5280051827430725,-0.01158147118985653,0.6560297608375549,0.4730241596698761,-0.055986564606428146,0.6526598930358887,0.5491235256195068,-0.053336575627326965,0.6530671119689941,0.6085367798805237,-0.03654751181602478,0.710744321346283,0.5385655164718628,-0.02223806455731392,0.7151528596878052,0.4630906283855438,-0.04526175186038017,0.7007789611816406,0.494373619556427,-0.03858412057161331,0.6867427229881287,0.5340945720672607,-0.024618489667773247
0.6719001531600952,0.7803840637207031,-2.0000484823867737e-07,0.6168963313102722,0.7330896854400635,-0.03291117027401924,0.5813758373260498,0.6601313352584839,-0.0522727444767952,0.5736220479011536,0.5815172791481018,-0.07336047291755676,0.5629954934120178,0.5085262060165405,-0.09003863483667374,0.5710887312889099,0.5479477643966675,-0.003234161762520671,0.5561913847923279,0.4755623936653137,-0.041080180555582047,0.5526886582374573,0.4677141010761261,-0.06544562429189682,0.5585509538650513,0.49196508526802063,-0.07427889108657837,0.6166498064994812,0.5352440476417542,-0.00253219879232347,0.6058028936386108,0.4648250937461853,-0.045861151069402695,0.6102998852729797,0.5296538472175598,-0.06095641478896141,0.6196951866149902,0.5859811902046204,-0.05829325318336487,0.664795994758606,0.5331724882125854,-0.009792931377887726,0.6578264236450195,0.46666795015335083,-0.050340231508016586,0.6514403223991394,0.5247896909713745,-0.048896949738264084,0.6524635553359985,0.5821347832679749,-0.034584902226924896,0.7130175232887268,0.5434049963951111,-0.020575540140271187,0.7142667770385742,0.46608680486679077,-0.0443204902112484,0.6981238126754761,0.48856621980667114,-0.04049094393849373,0.6848241686820984,0.529018759727478,-0.029236799106001854
0.6721930503845215,0.7777379751205444,-1.0313495835134745e-07,0.6187777519226074,0.7357370853424072,-0.030850721523165703,0.583298921585083,0.6623623967170715,-0.04829421639442444,0.574421226978302,0.5826512575149536,-0.06682506203651428,0.5599892139434814,0.5122969150543213,-0.08087900280952454,0.5687747597694397,0.5524214506149292,-0.006048134062439203,0.5504490733146667,0.48443037271499634,-0.036655180156230927,0.5513741970062256,0.46649885177612305,-0.05334951728582382,0.5617606043815613,0.48428642749786377,-0.05815228819847107,0.614810585975647,0.5372802019119263,-0.005458040628582239,0.6009973883628845,0.46287569403648376,-0.04152270406484604,0.6080458164215088,0.5155695080757141,-0.05144160985946655,0.6170146465301514,0.5641987919807434,-0.04681805148720741,0.6633508205413818,0.5340008735656738,-0.011588072404265404,0.6562365889549255,0.46922802925109863,-0.046915240585803986,0.6531479358673096,0.5222752094268799,-0.04188438877463341,0.653938353061676,0.5746987462043762,-0.026836108416318893,0.7128676176071167,0.5452380776405334,-0.02105538360774517,0.7160463333129883,0.46959489583969116,-0.042720258235931396,0.7012207508087158,0.4887021481990814,-0.03732903301715851,0.685865581035614,0.5236746668815613,-0.025737442076206207
0.6652101874351501,0.7675268650054932,6.493874025181867e-07,0.6046591401100159,0.7305514812469482,-0.027959538623690605,0.5674207210540771,0.6567801237106323,-0.04408754035830498,0.5774153470993042,0.578992486000061,-0.061008255928754807,0.6056895852088928,0.5381025671958923,-0.0766620859503746,0.5791852474212646,0.549151599407196,-0.023092349991202354,0.5586591958999634,0.452156662940979,-0.05053069442510605,0.5443563461303711,0.3818933367729187,-0.06983594596385956,0.536442756652832,0.32476237416267395,-0.08125805109739304,0.6241995096206665,0.5343207120895386,-0.026136919856071472,0.6117271780967712,0.4403667449951172,-0.05614471063017845,0.5995622873306274,0.3711960017681122,-0.07344771176576614,0.5929189920425415,0.3130432069301605,-0.08052590489387512,0.670830249786377,0.5394527912139893,-0.03310403972864151,0.675915002822876,0.4794628918170929,-0.0719008520245552,0.6672357320785522,0.5174852013587952,-0.07680243253707886,0.6597471237182617,0.5613163709640503,-0.06758365035057068,0.7180657982826233,0.5592377185821533,-0.042539194226264954,0.7279065847396851,0.4950399398803711,-0.06977952271699905,0.718713104724884,0.50525963306427,-0.06844634562730789,0.7072520852088928,0.531450092792511,-0.059151146560907364
0.6646960377693176,0.7667262554168701,1.1533669521668344e-06,0.607097864151001,0.7593673467636108,-0.04973703250288963,0.554832935333252,0.7329418659210205,-0.0884784609079361,0.5194147229194641,0.7282152771949768,-0.12673412263393402,0.48381268978118896,0.7470532059669495,-0.16589443385601044,0.559650182723999,0.5575066208839417,-0.06623326241970062,0.5436092615127563,0.44243359565734863,-0.1095900759100914,0.5361014604568481,0.3630005419254303,-0.1383114755153656,0.53163743019104,0.2923671007156372,-0.15469041466712952,0.6156589984893799,0.5359948873519897,-0.0694538950920105,0.6034467220306396,0.41499119997024536,-0.11615870893001556,0.5914373397827148,0.326637327671051,-0.1425454169511795,0.5794916152954102,0.24687638878822327,-0.15397946536540985,0.6705486178398132,0.5411749482154846,-0.07690045237541199,0.6707629561424255,0.500893235206604,-0.13333764672279358,0.6636357307434082,0.5823842883110046,-0.1391981691122055,0.656164288520813,0.6465384364128113,-0.1257411390542984,0.7229804396629333,0.5617011785507202,-0.0880066305398941,0.7234408855438232,0.5082753896713257,-0.12478598207235336,0.7160581350326538,0.5550782680511475,-0.11760515719652176,0.7063159942626953,0.6001080274581909,-0.1016271635890007
0.6627004146575928,0.7737452387809753,1.1685988283716142e-06,0.6103854179382324,0.7653506994247437,-0.05569018796086311,0.5647287964820862,0.7359923124313354,-0.097470223903656,0.5278286337852478,0.724117636680603,-0.13720759749412537,0.48927077651023865,0.7438244819641113,-0.17630204558372498,0.5551168322563171,0.5618682503700256,-0.07145010679960251,0.5367553234100342,0.44326961040496826,-0.11662367731332779,0.5237792730331421,0.36656755208969116,-0.1457674652338028,0.5132734179496765,0.2998574376106262,-0.1621728390455246,0.6070083975791931,0.5405389666557312,-0.07157115638256073,0.5926125049591064,0.41284170746803284,-0.12166927009820938,0.5826823711395264,0.32723021507263184,-0.1477886438369751,0.5720162987709045,0.24943116307258606,-0.15830735862255096,0.6610320210456848,0.5453929901123047,-0.07601739466190338,0.6683556437492371,0.5023424625396729,-0.13244830071926117,0.6656639575958252,0.5834311246871948,-0.1335248202085495,0.6608161926269531,0.6441370248794556,-0.11669375747442245,0.7115227580070496,0.5656342506408691,-0.08484599739313126,0.7214949727058411,0.507462739944458,-0.11654230952262878,0.7177966237068176,0.5550358295440674,-0.10403688251972198,0.7103309035301208,0.5979463458061218,-0.08530334383249283
0.6666310429573059,0.7793946266174316,1.1053192565668724e-06,0.6131738424301147,0.763035774230957,-0.04933802783489227,0.5654231309890747,0.7280775904655457,-0.0868351012468338,0.5275188684463501,0.7165592908859253,-0.12333177775144577,0.490435391664505,0.7373452186584473,-0.15918861329555511,0.5608252286911011,0.5578604936599731,-0.0647670105099678,0.5380922555923462,0.43927159905433655,-0.10564137995243073,0.5220754742622375,0.3638705015182495,-0.131564661860466,0.5086747407913208,0.3001207709312439,-0.14581036567687988,0.6112003326416016,0.5395738482475281,-0.06670977920293808,0.5958871245384216,0.4072679281234741,-0.1106155514717102,0.5837690830230713,0.3204965591430664,-0.13311733305454254,0.5735729932785034,0.24558714032173157,-0.14214280247688293,0.6633797883987427,0.5480253100395203,-0.07293958216905594,0.6686811447143555,0.5029518008232117,-0.12407813221216202,0.6619380712509155,0.5781127214431763,-0.1269581913948059,0.6560975909233093,0.63727867603302,-0.11255773901939392,0.7131227850914001,0.5699317455291748,-0.08320140093564987,0.723422110080719,0.5015376210212708,-0.11301320046186447,0.7176133990287781,0.537440836429596,-0.10360704362392426,0.7093161344528198,0.5764926671981812,-0.08778133243322372
0.6671320199966431,0.7809653282165527,1.0430264865135541e-06,0.6154986619949341,0.7630389928817749,-0.045938994735479355,0.5681025981903076,0.7256923317909241,-0.08036784082651138,0.5352749824523926,0.7077991962432861,-0.11454864591360092,0.497898668050766,0.7290863394737244,-0.14836859703063965,0.5627115964889526,0.5610365271568298,-0.06184187904000282,0.5376286506652832,0.44123199582099915,-0.10131716728210449,0.5200327038764954,0.3670676052570343,-0.12498053908348083,0.5059678554534912,0.30186328291893005,-0.13736215233802795,0.6136118769645691,0.5408468246459961,-0.0640338882803917,0.5967715978622437,0.4078584909439087,-0.10770486295223236,0.5838698744773865,0.319242388010025,-0.12929312884807587,0.5744167566299438,0.24427679181098938,-0.13743220269680023,0.665570080280304,0.5461223125457764,-0.07011664658784866,0.6664543151855469,0.5069665312767029,-0.12160597741603851,0.6593564748764038,0.5882058143615723,-0.12364888936281204,0.6546337604522705,0.6537853479385376,-0.10783332586288452,0.7152288556098938,0.5629119277000427,-0.07981213927268982,0.7200616598129272,0.4960275888442993,-0.10900822281837463,0.713500440120697,0.5374434590339661,-0.09847789257764816,0.7052814364433289,0.5814245343208313,-0.08165857940912247
0.668122410774231,0.779981791973114,9.9169710665592e-07,0.6164309978485107,0.7598227858543396,-0.04617077112197876,0.5687840580940247,0.7184196710586548,-0.07991736382246017,0.536504864692688,0.6930031776428223,-0.11361461877822876,0.4999048709869385,0.7036945223808289,-0.14647121727466583,0.561255156993866,0.5594485402107239,-0.0591987669467926,0.5325778126716614,0.44295820593833923,-0.10048099607229233,0.5117828249931335,0.37004005908966064,-0.12566369771957397,0.49523746967315674,0.3064131438732147,-0.13962440192699432,0.6141232252120972,0.5402998924255371,-0.06229843571782112,0.6002230048179626,0.4107033908367157,-0.10936925560235977,0.5876975655555725,0.3238404393196106,-0.1341182291507721,0.5795142650604248,0.24866849184036255,-0.1445128321647644,0.6674596667289734,0.5484866499900818,-0.06962165236473083,0.6687324643135071,0.5077716112136841,-0.12480662018060684,0.6582201719284058,0.5870239734649658,-0.12828248739242554,0.6526290774345398,0.6492858529090881,-0.11341146379709244,0.7182704210281372,0.569102942943573,-0.08056581765413284,0.7231930494308472,0.5052015781402588,-0.11321000754833221,0.715474545955658,0.5422950983047485,-0.10468576848506927,0.7084270715713501,0.5799099802970886,-0.08921709656715393
0.671256422996521,0.7800797820091248,9.298921668232651e-07,0.6188609004020691,0.7541807889938354,-0.03540569916367531,0.573189914226532,0.7052131295204163,-0.061698198318481445,0.5451844930648804,0.6795772314071655,-0.08990176022052765,0.512665331363678,0.6972028017044067,-0.11790749430656433,0.5630154609680176,0.5576594471931458,-0.04056607186794281,0.5277175903320312,0.44723349809646606,-0.0743643119931221,0.5059778094291687,0.3782970607280731,-0.09497647732496262,0.48797276616096497,0.3192661702632904,-0.10573678463697433,0.6147041320800781,0.5395646691322327,-0.047631315886974335,0.602667510509491,0.4106132984161377,-0.08516950160264969,0.592169463634491,0.32492595911026,-0.1055523231625557,0.5861422419548035,0.25439563393592834,-0.11340823769569397,0.6666499376296997,0.5500286221504211,-0.05878715217113495,0.6671630144119263,0.5068739652633667,-0.10585368424654007,0.6567882299423218,0.5787777900695801,-0.11033520102500916,0.6536458134651184,0.6377745270729065,-0.09734376519918442,0.7158257961273193,0.5745624899864197,-0.0727178230881691,0.7174411416053772,0.509616494178772,-0.09917508065700531,0.7081694602966309,0.5475506782531738,-0.08956130594015121,0.7027919888496399,0.5891839861869812,-0.07424154877662659
0.6763219833374023,0.7808361649513245,-2.592949499558017e-07,0.6193820834159851,0.7275311946868896,-0.03038676641881466,0.584460437297821,0.6564324498176575,-0.050312645733356476,0.5729376673698425,0.5820019841194153,-0.0734110102057457,0.5608689785003662,0.5159046053886414,-0.09098401665687561,0.5676649808883667,0.5458477139472961,-0.00038485255208797753,0.5522207617759705,0.46645697951316833,-0.03801886737346649,0.5563583374023438,0.4529217481613159,-0.057277508080005646,0.5676395297050476,0.4803568124771118,-0.061293475329875946,0.6145161986351013,0.535438060760498,-0.0011304508661851287,0.6030498743057251,0.46479958295822144,-0.04348362237215042,0.6132470369338989,0.5367549061775208,-0.05152515694499016,0.6204354166984558,0.5843433737754822,-0.043018896132707596,0.661678671836853,0.5343701243400574,-0.010158111341297626,0.6566681861877441,0.4798415005207062,-0.053050510585308075,0.6546244025230408,0.546697199344635,-0.04464411363005638,0.6554521322250366,0.5962507724761963,-0.02422439120709896,0.7093071937561035,0.5440873503684998,-0.022465208545327187,0.7133810520172119,0.474033921957016,-0.04500069096684456,0.7017979621887207,0.5023589134216309,-0.03511910140514374,0.6917510032653809,0.5350883603096008,-0.018965845927596092
0.6725450158119202,0.780845582485199,-3.1346456808023504e-07,0.6170440316200256,0.7342628240585327,-0.03174564242362976,0.5791645646095276,0.6584328413009644,-0.049049388617277145,0.5692797303199768,0.5789755582809448,-0.06809809803962708,0.5608121752738953,0.510963499546051,-0.08163920044898987,0.565242350101471,0.5515428185462952,-0.0045447866432368755,0.5474151372909546,0.47582733631134033,-0.04378742724657059,0.5507673025131226,0.5013070106506348,-0.06500396132469177,0.5612949132919312,0.5385876297950745,-0.07046091556549072,0.609772801399231,0.5377352237701416,-0.0036998309660702944,0.5971180200576782,0.4641988277435303,-0.04335242137312889,0.6032853722572327,0.533720850944519,-0.054047487676143646,0.6124541163444519,0.5765630006790161,-0.049403440207242966,0.6575427651405334,0.5364610552787781,-0.010836501605808735,0.652067244052887,0.48060065507888794,-0.051156267523765564,0.6485011577606201,0.5506979823112488,-0.04658900201320648,0.6506527066230774,0.600237250328064,-0.03006901405751705,0.7048128843307495,0.5464006066322327,-0.021066056564450264,0.7052266597747803,0.472501665353775,-0.04201307147741318,0.6919546723365784,0.5048403739929199,-0.034084662795066833,0.6819504499435425,0.5431292653083801,-0.020055687054991722
0.672383725643158,0.7774749994277954,-2.781343653168733e-07,0.6143779754638672,0.7339787483215332,-0.0289173424243927,0.5787179470062256,0.659528374671936,-0.04357006028294563,0.5698868036270142,0.583638608455658,-0.05984292924404144,0.5567739605903625,0.5187829732894897,-0.07075334340333939,0.5617222189903259,0.5590081214904785,-0.0031197324860841036,0.5432189702987671,0.48426058888435364,-0.039765696972608566,0.5469563007354736,0.5040384531021118,-0.06087913364171982,0.5576673746109009,0.5386180281639099,-0.06719284504652023,0.6073815226554871,0.5441025495529175,-0.002884699497371912,0.5937448143959045,0.4671705961227417,-0.04017530754208565,0.5990419983863831,0.5239814519882202,-0.052433792501688004,0.607155442237854,0.564429521560669,-0.050535235553979874,0.6553304195404053,0.5409704446792603,-0.01004361268132925,0.6478198170661926,0.4748897850513458,-0.04774123802781105,0.6436747312545776,0.5368908047676086,-0.04497135058045387,0.6454796195030212,0.5863271951675415,-0.031154893338680267,0.7040286064147949,0.5487649440765381,-0.020161263644695282,0.7046617865562439,0.47122660279273987,-0.04101395234465599,0.6904296875,0.4970585107803345,-0.03551953658461571,0.6787559986114502,0.531819760799408,-0.024201752617955208
0.6757611632347107,0.7743390202522278,-1.9519229965681006e-07,0.6201128363609314,0.7368167042732239,-0.030845485627651215,0.5820575952529907,0.6698076128959656,-0.04772654175758362,0.5714230537414551,0.5965405106544495,-0.06606737524271011,0.5544121861457825,0.5324786901473999,-0.08001669496297836,0.562636137008667,0.5629629492759705,-0.005192588083446026,0.5398631691932678,0.49782291054725647,-0.0396275594830513,0.5447912812232971,0.49819085001945496,-0.059718839824199677,0.558131754398346,0.5187093019485474,-0.06633558869361877,0.6073825359344482,0.5444493293762207,-0.005050203297287226,0.5924122333526611,0.47323232889175415,-0.04372117295861244,0.6019334197044373,0.5334663987159729,-0.05617866665124893,0.6127340793609619,0.5765669345855713,-0.052987612783908844,0.6548916697502136,0.5381886959075928,-0.011991270817816257,0.6472411155700684,0.4806109070777893,-0.0519140250980854,0.646241307258606,0.5475132465362549,-0.04912257194519043,0.6496679186820984,0.5985926985740662,-0.033918291330337524,0.70388263463974,0.5447258353233337,-0.02187296561896801,0.7033894658088684,0.4744514524936676,-0.04491889104247093,0.6900005340576172,0.507594108581543,-0.03880169987678528,0.6787378191947937,0.5472832918167114,-0.026068363338708878
0.6702464818954468,0.7728173136711121,-2.9088172937008494e-07,0.6156943440437317,0.7313553690910339,-0.02662690170109272,0.5785620212554932,0.6630618572235107,-0.04230984300374985,0.5675617456436157,0.5924248695373535,-0.06060536950826645,0.5565616488456726,0.5300671458244324,-0.07494867593050003,0.5675680637359619,0.5577050447463989,-0.0022669988684356213,0.5484097003936768,0.4960406720638275,-0.039337001740932465,0.5522193312644958,0.508082389831543,-0.061875902116298676,0.562736988067627,0.5377159714698792,-0.0690903589129448,0.6115483045578003,0.5421526432037354,-0.0039550988003611565,0.5954775214195251,0.4791119694709778,-0.04420188069343567,0.6032349467277527,0.5486570596694946,-0.056860215961933136,0.6135680675506592,0.5998291969299316,-0.05301288142800331,0.6586217880249023,0.5383086800575256,-0.012707616202533245,0.6492058038711548,0.4845087230205536,-0.0530717559158802,0.6458077430725098,0.5579494833946228,-0.049460381269454956,0.648854672908783,0.6157092452049255,-0.032888878136873245,0.7071017622947693,0.5465155839920044,-0.024088691920042038,0.7058552503585815,0.4734904170036316,-0.04590732976794243,0.691903293132782,0.5010745525360107,-0.03917102515697479,0.6823141574859619,0.5367592573165894,-0.025748001411557198
0.6669126152992249,0.7645766735076904,-2.9778215093756444e-07,0.6073688268661499,0.7216758728027344,-0.010157795622944832,0.566271960735321,0.6422407627105713,-0.013949657790362835,0.5556218028068542,0.567008912563324,-0.022969219833612442,0.5442696809768677,0.5155291557312012,-0.030985092744231224,0.5728685259819031,0.5562824010848999,0.014588729478418827,0.5530493855476379,0.49511831998825073,-0.010522262193262577,0.5420437455177307,0.4775994122028351,-0.029472561553120613,0.5394524931907654,0.48015567660331726,-0.037732187658548355,0.6142062544822693,0.5422285199165344,0.00752161955460906,0.601580798625946,0.48786067962646484,-0.024686826393008232,0.6070639491081238,0.543747067451477,-0.03770213946700096,0.6166204810142517,0.596916139125824,-0.03641515597701073,0.6571151614189148,0.5387581586837769,-0.004478790331631899,0.6475419402122498,0.48989394307136536,-0.0371444970369339,0.6439908742904663,0.5504911541938782,-0.03493909165263176,0.6481338143348694,0.6077188849449158,-0.021520080044865608,0.7011677026748657,0.5463209748268127,-0.017925318330526352,0.7011280655860901,0.4742756187915802,-0.03626512736082077,0.6869029402732849,0.4987890124320984,-0.030225493013858795,0.6763818860054016,0.5413070917129517,-0.01865018531680107
0.652794361114502,0.7468734383583069,9.76498313320917e-07,0.600821852684021,0.7433744668960571,-0.041559431701898575,0.5652494430541992,0.7088661789894104,-0.07175633311271667,0.5734307765960693,0.674530029296875,-0.09987162798643112,0.5820603370666504,0.653017520904541,-0.12694412469863892,0.5484196543693542,0.5624544620513916,-0.0572148859500885,0.5075613856315613,0.47399380803108215,-0.09191925823688507,0.47995758056640625,0.41040635108947754,-0.11556702107191086,0.4571148455142975,0.3568783104419708,-0.1305595487356186,0.5983814597129822,0.5383201837539673,-0.05927319824695587,0.5961196422576904,0.4320293962955475,-0.09362234175205231,0.5987161993980408,0.36200034618377686,-0.11268526315689087,0.6011301875114441,0.3053947985172272,-0.12145352363586426,0.6472374200820923,0.5434204936027527,-0.06440083682537079,0.6470316648483276,0.49940651655197144,-0.10280393809080124,0.6440863013267517,0.560591995716095,-0.10211136937141418,0.6451162695884705,0.6059432029724121,-0.09090682119131088,0.6945669651031494,0.5659884214401245,-0.0730336531996727,0.6966258883476257,0.5205828547477722,-0.09702453762292862,0.6883972883224487,0.558716893196106,-0.08619380742311478,0.6859018206596375,0.5943289399147034,-0.07126878947019577
0.6500259637832642,0.7624846696853638,1.3760479760094313e-06,0.6085628867149353,0.7664021253585815,-0.05225519835948944,0.5690441727638245,0.7538002133369446,-0.09770091623067856,0.5474992990493774,0.7641212940216064,-0.1405695229768753,0.5244184136390686,0.7979384660720825,-0.18408454954624176,0.5431522130966187,0.5885227918624878,-0.08850794285535812,0.4971820116043091,0.48034119606018066,-0.13290825486183167,0.4685085117816925,0.40999025106430054,-0.16019195318222046,0.44427424669265747,0.3468056321144104,-0.17779652774333954,0.5984450578689575,0.5619936585426331,-0.0908697322010994,0.6085019707679749,0.44014880061149597,-0.14058108627796173,0.628055214881897,0.3629908561706543,-0.16574983298778534,0.6409811973571777,0.2979493737220764,-0.17725539207458496,0.6505425572395325,0.5655877590179443,-0.09499938786029816,0.6685215830802917,0.5431041717529297,-0.1420440822839737,0.6648023724555969,0.6173292398452759,-0.1393384486436844,0.6557313799858093,0.6655361652374268,-0.12602771818637848,0.6973995566368103,0.5819041728973389,-0.10361895710229874,0.7127317190170288,0.5532599687576294,-0.1300106942653656,0.7095284461975098,0.604307234287262,-0.11482545733451843,0.7001677751541138,0.6438834071159363,-0.09686142951250076
0.6630056500434875,0.7639915347099304,1.3476482081387076e-06,0.6179852485656738,0.7602005004882812,-0.05126048997044563,0.573863685131073,0.7402103543281555,-0.09464448690414429,0.5520774126052856,0.7528025507926941,-0.13626474142074585,0.5273146033287048,0.7878652811050415,-0.17810814082622528,0.550198495388031,0.5813496708869934,-0.08369608968496323,0.5069746971130371,0.47550368309020996,-0.1279001086950302,0.47714197635650635,0.40585124492645264,-0.15451680123806,0.4539906978607178,0.34268760681152344,-0.1717371940612793,0.6064192652702332,0.5572363138198853,-0.0876108705997467,0.6181960701942444,0.434691846370697,-0.13892725110054016,0.6345453858375549,0.3519784212112427,-0.16594712436199188,0.6477866768836975,0.2775614857673645,-0.17886853218078613,0.659586489200592,0.5632594227790833,-0.09386339783668518,0.6820929050445557,0.5262871980667114,-0.14560264348983765,0.676387369632721,0.6032534837722778,-0.14598217606544495,0.6688826084136963,0.6545026898384094,-0.13323263823986053,0.7073478698730469,0.5816395282745361,-0.10421431809663773,0.721356987953186,0.5380763411521912,-0.13447239995002747,0.716335117816925,0.5849756598472595,-0.12245205789804459,0.7084592580795288,0.6231139898300171,-0.10633356869220734
0.6575767397880554,0.7619044780731201,1.3994700793773518e-06,0.6118656396865845,0.7604560256004333,-0.06060392037034035,0.5723764300346375,0.747206449508667,-0.10983936488628387,0.5544728636741638,0.7514939904212952,-0.15630607306957245,0.534433126449585,0.7764472961425781,-0.2021389752626419,0.5500584840774536,0.5734178423881531,-0.08885490149259567,0.5071661472320557,0.47054994106292725,-0.13472461700439453,0.4770870506763458,0.403670072555542,-0.16202402114868164,0.45311808586120605,0.3429766297340393,-0.17929169535636902,0.6063063144683838,0.5512784719467163,-0.08946619927883148,0.6154839396476746,0.4289996027946472,-0.14163900911808014,0.6318055391311646,0.3442257046699524,-0.168260395526886,0.6444213390350342,0.2717157304286957,-0.18068037927150726,0.6585754156112671,0.5598211884498596,-0.09410011768341064,0.6719526648521423,0.5306697487831116,-0.15058909356594086,0.6689487099647522,0.6056296825408936,-0.1540462076663971,0.6639297008514404,0.6575220823287964,-0.14226160943508148,0.7051777243614197,0.5802112817764282,-0.10350387543439865,0.7177343368530273,0.5346824526786804,-0.1376999318599701,0.7136548161506653,0.5827823281288147,-0.12864293158054352,0.7050998210906982,0.6261866688728333,-0.11439909785985947
0.6588514447212219,0.7599198818206787,1.387418251397321e-06,0.6121625900268555,0.7594105005264282,-0.05866441875696182,0.5687170028686523,0.740492045879364,-0.10471802949905396,0.5464611053466797,0.74465411901474,-0.14824771881103516,0.5232623815536499,0.7758331298828125,-0.19144392013549805,0.5445625185966492,0.5768307447433472,-0.08575696498155594,0.50376957654953,0.4710695147514343,-0.1290261596441269,0.47564834356307983,0.4042091965675354,-0.1536438763141632,0.45319700241088867,0.3431658148765564,-0.1689797341823578,0.603929877281189,0.550042450428009,-0.08617565035820007,0.6115472912788391,0.42458534240722656,-0.1360553354024887,0.6222189664840698,0.3410700559616089,-0.16171212494373322,0.6300132274627686,0.26841995120048523,-0.1736525595188141,0.6580173969268799,0.557194709777832,-0.09029997885227203,0.6710185408592224,0.5220081806182861,-0.14671602845191956,0.6635653376579285,0.6045154929161072,-0.15042929351329803,0.6562862396240234,0.6617836952209473,-0.13776187598705292,0.7062793374061584,0.5775084495544434,-0.0987817570567131,0.7170088291168213,0.5246135592460632,-0.13452450931072235,0.7143712043762207,0.5658318400382996,-0.12712791562080383,0.7092157602310181,0.6040334701538086,-0.11312643438577652
0.6530457139015198,0.7612977027893066,1.2936748134961817e-06,0.6042906641960144,0.7504010200500488,-0.04740992933511734,0.5554875135421753,0.7241287231445312,-0.08643080294132233,0.5343915224075317,0.7339820861816406,-0.12445083260536194,0.5197803974151611,0.7671367526054382,-0.16326840221881866,0.5429897308349609,0.5681994557380676,-0.06952941417694092,0.49999094009399414,0.4698248505592346,-0.10841679573059082,0.47128456830978394,0.40540874004364014,-0.13265645503997803,0.44890379905700684,0.3481248617172241,-0.14773857593536377,0.5963771939277649,0.5460349321365356,-0.07292808592319489,0.601333737373352,0.42170965671539307,-0.11527866125106812,0.6115840077400208,0.33779120445251465,-0.13686524331569672,0.620914876461029,0.26809030771255493,-0.1459721177816391,0.6491462588310242,0.5524808764457703,-0.07969584316015244,0.6558536291122437,0.5159687995910645,-0.12516427040100098,0.6518707275390625,0.5910062789916992,-0.12522397935390472,0.6488515138626099,0.642047643661499,-0.11251293122768402,0.6986133456230164,0.5718013048171997,-0.09043238312005997,0.7034392356872559,0.5307532548904419,-0.11618564277887344,0.6978941559791565,0.5793295502662659,-0.10324078798294067,0.6920042037963867,0.6184347867965698,-0.08689358085393906
0.6732504367828369,0.7696356177330017,-2.1957313833809167e-07,0.6155624389648438,0.7247779965400696,-0.03168629854917526,0.5764570832252502,0.6538165211677551,-0.04965794086456299,0.5641077756881714,0.5769432187080383,-0.06874922662973404,0.5541852712631226,0.5119163990020752,-0.08243934065103531,0.5539558529853821,0.5551217794418335,-0.004815776366740465,0.5277688503265381,0.4881356358528137,-0.03875233605504036,0.5384836792945862,0.4926984906196594,-0.05884845182299614,0.5570290088653564,0.5202428102493286,-0.06540978699922562,0.5974457859992981,0.5369622111320496,-0.002501443959772587,0.5842432975769043,0.4696744680404663,-0.03207184001803398,0.593996524810791,0.5104392170906067,-0.04234973341226578,0.6016302704811096,0.5386480689048767,-0.04251018166542053,0.6442724466323853,0.5296425223350525,-0.007812333293259144,0.6396724581718445,0.46777668595314026,-0.03995353728532791,0.6379886865615845,0.509518563747406,-0.03768349438905716,0.6390155553817749,0.5459339618682861,-0.027760451659560204,0.6921390891075134,0.5338415503501892,-0.016564248129725456,0.694029688835144,0.4580780863761902,-0.03628921136260033,0.6861815452575684,0.47682178020477295,-0.03146927431225777,0.6790906190872192,0.5089316964149475,-0.022093795239925385
0.6686077117919922,0.7636862397193909,-2.937328247298865e-07,0.6157457232475281,0.7280203104019165,-0.03654205799102783,0.5773709416389465,0.6610609889030457,-0.05764743685722351,0.5658084154129028,0.587320864200592,-0.07928609102964401,0.560556173324585,0.5281246900558472,-0.0950731635093689,0.5506002902984619,0.5594304203987122,-0.013799279928207397,0.5335131883621216,0.4927840828895569,-0.057015109807252884,0.5494755506515503,0.5230884552001953,-0.07996818423271179,0.5657863020896912,0.5630917549133301,-0.0860920175909996,0.5962743163108826,0.5379859805107117,-0.011608180589973927,0.5880290865898132,0.4723685085773468,-0.050108496099710464,0.6011655330657959,0.5402881503105164,-0.05852885916829109,0.6049355864524841,0.5751972198486328,-0.054011907428503036,0.6454047560691833,0.5283112525939941,-0.01781592331826687,0.6424049735069275,0.47330474853515625,-0.05708428472280502,0.6453713178634644,0.5453243851661682,-0.04866788163781166,0.6448912620544434,0.5888952016830444,-0.031644057482481,0.6946830749511719,0.531545102596283,-0.02769341692328453,0.6946365237236023,0.4652177691459656,-0.047924064099788666,0.6871868371963501,0.5085335373878479,-0.03663639724254608,0.6790748238563538,0.5475643277168274,-0.021338680759072304
0.6639304757118225,0.7658222913742065,-2.0403768985488568e-07,0.6111905574798584,0.7290022969245911,-0.04138537868857384,0.5746588110923767,0.6651972532272339,-0.06655251234769821,0.5641918182373047,0.5935708284378052,-0.09171894937753677,0.559169590473175,0.5317968726158142,-0.11075200885534286,0.5522927641868591,0.5572648644447327,-0.016412559896707535,0.5345284342765808,0.4986231327056885,-0.05903097614645958,0.5421745181083679,0.5207343101501465,-0.0803774744272232,0.5555306077003479,0.5613935589790344,-0.08515725284814835,0.5984292030334473,0.5387723445892334,-0.012192829512059689,0.5865678787231445,0.47823864221572876,-0.05214233696460724,0.5958303213119507,0.5431357622146606,-0.06020161882042885,0.6003618836402893,0.5787914395332336,-0.05422016605734825,0.6478238105773926,0.5310036540031433,-0.01687266305088997,0.6414711475372314,0.48116135597229004,-0.056536562740802765,0.6429902911186218,0.5463111996650696,-0.04820679873228073,0.6445103287696838,0.5929397940635681,-0.030471673235297203,0.6967638731002808,0.5378873944282532,-0.025895435363054276,0.69825279712677,0.4708087742328644,-0.047683991491794586,0.6875683665275574,0.5024595856666565,-0.039089951664209366,0.6770069003105164,0.5393446683883667,-0.024965351447463036
0.6620060205459595,0.7693623900413513,2.6893298255004083e-08,0.610499382019043,0.7314378023147583,-0.03518440201878548,0.5771730542182922,0.6689786314964294,-0.05659395828843117,0.566717267036438,0.5981225967407227,-0.07818758487701416,0.5565022230148315,0.531495988368988,-0.09639831632375717,0.552497148513794,0.5666595101356506,-0.009008034132421017,0.5290650725364685,0.5112137794494629,-0.04115333408117294,0.529277503490448,0.499358206987381,-0.064406618475914,0.5426474213600159,0.5189721584320068,-0.07453881204128265,0.5957428812980652,0.5479165315628052,-0.006255177780985832,0.5803220868110657,0.48490577936172485,-0.037232641130685806,0.5819363594055176,0.5033330917358398,-0.054718535393476486,0.5872997045516968,0.5310470461845398,-0.060242898762226105,0.6434078812599182,0.5394783020019531,-0.010653420351445675,0.6366515159606934,0.47664594650268555,-0.043005943298339844,0.6359788179397583,0.514674186706543,-0.04763879254460335,0.6414871215820312,0.5649778246879578,-0.04252878949046135,0.6942285895347595,0.5439934730529785,-0.01868724822998047,0.6928437948226929,0.4741981327533722,-0.04106771945953369,0.6794598698616028,0.4992232322692871,-0.0417439229786396,0.6684715747833252,0.5475677847862244,-0.03646750748157501
0.6633979678153992,0.7647145986557007,2.4667942355449668e-08,0.607803463935852,0.7290329933166504,-0.030566278845071793,0.571779191493988,0.6672223806381226,-0.04746193811297417,0.5618158578872681,0.598947286605835,-0.0641740933060646,0.5553198456764221,0.5393170118331909,-0.07698793709278107,0.5498565435409546,0.5714923143386841,-0.010212878696620464,0.5282742977142334,0.5158240795135498,-0.03705408796668053,0.5292115211486816,0.5017508864402771,-0.05531185120344162,0.5410608649253845,0.5164796710014343,-0.06327749788761139,0.5949603915214539,0.5512140393257141,-0.008455892093479633,0.5789259672164917,0.49249267578125,-0.034245047718286514,0.5786823630332947,0.5062560439109802,-0.046520207077264786,0.5824192762374878,0.5257369875907898,-0.050297923386096954,0.6438120007514954,0.5431746244430542,-0.012866519391536713,0.6342282295227051,0.4842853546142578,-0.0414075069129467,0.6320011615753174,0.522855281829834,-0.04105984419584274,0.6382379531860352,0.5691975355148315,-0.03385787829756737,0.696210503578186,0.5475217700004578,-0.0206361822783947,0.6953558921813965,0.47629907727241516,-0.040265582501888275,0.6817132234573364,0.49947476387023926,-0.03757408261299133,0.6723183393478394,0.5428906679153442,-0.030670611187815666
0.6466761231422424,0.744306206703186,7.584848731312377e-07,0.5929371118545532,0.7284491062164307,-0.02893063612282276,0.5543930530548096,0.6652050018310547,-0.044593557715415955,0.5612545013427734,0.5987180471420288,-0.060531266033649445,0.5718692541122437,0.5537731051445007,-0.07483083009719849,0.5529369115829468,0.5547643899917603,-0.0312025249004364,0.5193679928779602,0.4702712297439575,-0.05762666091322899,0.49528539180755615,0.40979599952697754,-0.07515237480401993,0.4778050482273102,0.35844552516937256,-0.08582430332899094,0.5984866619110107,0.5321484208106995,-0.03474653139710426,0.5861371159553528,0.43524348735809326,-0.06573189795017242,0.5793757438659668,0.36735016107559204,-0.0836632251739502,0.5774099230766296,0.31094637513160706,-0.09103365987539291,0.6466426849365234,0.5344365239143372,-0.04108339175581932,0.6421246528625488,0.4825291335582733,-0.08179519325494766,0.6406615972518921,0.5453181266784668,-0.08310498297214508,0.6433344483375549,0.6013023853302002,-0.07048796862363815,0.6950976252555847,0.551601767539978,-0.04955939203500748,0.6976873874664307,0.4879230260848999,-0.07857424020767212,0.6890802383422852,0.5146171450614929,-0.07306600362062454,0.6829140782356262,0.5536704063415527,-0.06007503718137741
0.6450413465499878,0.751926839351654,1.2183962780909496e-06,0.5943068861961365,0.7490702271461487,-0.04265023395419121,0.5453433394432068,0.7238849401473999,-0.07979639619588852,0.5134657621383667,0.7207776308059692,-0.1161160096526146,0.47826486825942993,0.7416401505470276,-0.15364013612270355,0.5337297320365906,0.5645303130149841,-0.07270573824644089,0.4961106777191162,0.45851683616638184,-0.11083216965198517,0.47140949964523315,0.3878958821296692,-0.133513942360878,0.4510054588317871,0.32564809918403625,-0.14707139134407043,0.5905695557594299,0.5404570698738098,-0.07834933698177338,0.5909798741340637,0.4148031771183014,-0.11988231539726257,0.5939611792564392,0.3295464515686035,-0.14187757670879364,0.594394326210022,0.2568289041519165,-0.15153515338897705,0.6439546942710876,0.5452966690063477,-0.0856408029794693,0.6438358426094055,0.507932186126709,-0.13238801062107086,0.6377266049385071,0.5877572894096375,-0.13210417330265045,0.633364200592041,0.6459057331085205,-0.11835186928510666,0.6930217742919922,0.5637184381484985,-0.09584403038024902,0.6920841932296753,0.5164668560028076,-0.12409017235040665,0.684222936630249,0.569403886795044,-0.11063390225172043,0.6767099499702454,0.6182278394699097,-0.09260701388120651
0.6516603231430054,0.7642434239387512,1.1618187727435725e-06,0.5995532274246216,0.754292905330658,-0.043989475816488266,0.5513460636138916,0.7279502749443054,-0.07865311205387115,0.5151486396789551,0.72642982006073,-0.11319994926452637,0.48214468359947205,0.7567472457885742,-0.14775067567825317,0.537520170211792,0.5644617676734924,-0.058999840170145035,0.5002884864807129,0.46216660737991333,-0.09385871142148972,0.47559186816215515,0.394305944442749,-0.1155659481883049,0.4546971917152405,0.3332172632217407,-0.1290200650691986,0.5914302468299866,0.5389776825904846,-0.06343358010053635,0.5940082669258118,0.41598308086395264,-0.10114797949790955,0.598842442035675,0.33074498176574707,-0.12197234481573105,0.6020742058753967,0.25916656851768494,-0.13175098598003387,0.6446046233177185,0.5440846085548401,-0.07135026156902313,0.6583465337753296,0.5012348890304565,-0.1159830391407013,0.6556457281112671,0.5738711953163147,-0.1180107444524765,0.6527222990989685,0.6315333843231201,-0.10606704652309418,0.6943314075469971,0.5644082427024841,-0.08274941891431808,0.7036869525909424,0.5078688263893127,-0.10834382474422455,0.699321985244751,0.55195552110672,-0.09674336761236191,0.6928656697273254,0.5988280773162842,-0.08106467127799988
0.6502321362495422,0.7660766243934631,1.1778342923207674e-06,0.6001946330070496,0.7551274299621582,-0.04101808741688728,0.5484703183174133,0.72594153881073,-0.07439549267292023,0.5133640170097351,0.720906674861908,-0.108220674097538,0.4851621985435486,0.7464827299118042,-0.1417502909898758,0.5376708507537842,0.5631470680236816,-0.05811501666903496,0.4997655749320984,0.4562727212905884,-0.0928129255771637,0.4744216799736023,0.38916823267936707,-0.11281494796276093,0.4534236192703247,0.33044883608818054,-0.12439870834350586,0.591780960559845,0.5409972071647644,-0.06340263783931732,0.5906055569648743,0.4158036708831787,-0.10321830213069916,0.5942561626434326,0.32940012216567993,-0.1233150064945221,0.5967176556587219,0.2576931118965149,-0.13140597939491272,0.6451640725135803,0.5466521978378296,-0.07178499549627304,0.652656078338623,0.5125544667243958,-0.11875668913125992,0.6485739350318909,0.5906263589859009,-0.11954160034656525,0.6444210410118103,0.6505724787712097,-0.1052846685051918,0.6954994797706604,0.5648422241210938,-0.0833377093076706,0.7028570175170898,0.5098680257797241,-0.10992901772260666,0.6989441514015198,0.5542035698890686,-0.09773120284080505,0.6914920210838318,0.5981495380401611,-0.08090592175722122
0.6572797298431396,0.7712554335594177,1.1323045328026637e-06,0.6088307499885559,0.7569292783737183,-0.04611101374030113,0.5619703531265259,0.7299455404281616,-0.08172369748353958,0.5240530967712402,0.7260015606880188,-0.1166733130812645,0.48849621415138245,0.7540353536605835,-0.15080338716506958,0.5441704988479614,0.5632317662239075,-0.061057306826114655,0.5051180124282837,0.4571496546268463,-0.09561331570148468,0.480307936668396,0.39093437790870667,-0.11606579273939133,0.45952725410461426,0.33232900500297546,-0.12771832942962646,0.5960859656333923,0.5401594042778015,-0.06314116716384888,0.5937908291816711,0.4176884889602661,-0.10067620873451233,0.5955915451049805,0.3316902816295624,-0.12007655948400497,0.5963962078094482,0.25991398096084595,-0.12837474048137665,0.6474169492721558,0.5472160577774048,-0.06908189505338669,0.6562655568122864,0.5134431719779968,-0.11418191343545914,0.6522707343101501,0.5892335176467896,-0.11701181530952454,0.6485374569892883,0.6474019885063171,-0.1047104224562645,0.6957969069480896,0.567194402217865,-0.07871225476264954,0.7048641443252563,0.5088910460472107,-0.10500489175319672,0.7011657953262329,0.5468084216117859,-0.09560757875442505,0.6953302025794983,0.586991548538208,-0.08112059533596039
0.6564630270004272,0.7708114385604858,1.0891064903262304e-06,0.6074735522270203,0.7558997273445129,-0.040804024785757065,0.556306779384613,0.7230417132377625,-0.07196282595396042,0.5237429141998291,0.7199500203132629,-0.10307595878839493,0.4921166002750397,0.7450530529022217,-0.13378560543060303,0.5402879118919373,0.5646982192993164,-0.055790845304727554,0.5045483112335205,0.4563209116458893,-0.09031981229782104,0.4815311133861542,0.38923606276512146,-0.11019700765609741,0.46265310049057007,0.3313990533351898,-0.12105248868465424,0.5934880375862122,0.5431563258171082,-0.0594816580414772,0.5897222757339478,0.41885411739349365,-0.09862321615219116,0.5911598205566406,0.33664369583129883,-0.11697658896446228,0.5913885831832886,0.2663903832435608,-0.12378712743520737,0.6453889012336731,0.5480640530586243,-0.06683635711669922,0.6537947654724121,0.50688236951828,-0.11382278054952621,0.6512136459350586,0.5857436060905457,-0.11433432251214981,0.6474762558937073,0.6445152759552002,-0.09959011524915695,0.6953538060188293,0.5645207166671753,-0.07728277891874313,0.7030595541000366,0.5007442831993103,-0.10472314059734344,0.7014923691749573,0.5444932579994202,-0.09356306493282318,0.6954438090324402,0.5871736407279968,-0.07733963429927826
0.6530054807662964,0.7714151740074158,5.548697004087444e-07,0.5909310579299927,0.7311413288116455,-0.020047707483172417,0.5537901520729065,0.6553669571876526,-0.03152580186724663,0.5603573322296143,0.5826582312583923,-0.04445556178689003,0.5732647180557251,0.54070645570755,-0.05635862797498703,0.5381909608840942,0.5628594756126404,-0.02083512768149376,0.5064159035682678,0.46292099356651306,-0.04435493424534798,0.48838531970977783,0.39969491958618164,-0.06003006175160408,0.47752130031585693,0.3467786908149719,-0.0694480910897255,0.5857351422309875,0.5398218035697937,-0.027446234598755836,0.5668802857398987,0.4285668432712555,-0.05170120671391487,0.5561294555664062,0.3521871566772461,-0.06793812662363052,0.5522260665893555,0.29095304012298584,-0.07708833366632462,0.6354233026504517,0.5411986112594604,-0.036846429109573364,0.6312452554702759,0.46486181020736694,-0.06562639772891998,0.6214829087257385,0.4842025637626648,-0.07153593748807907,0.6155893802642822,0.5131667852401733,-0.0682104155421257,0.6853973865509033,0.558037281036377,-0.04817672818899155,0.6873442530632019,0.4877113103866577,-0.06741053611040115,0.6779883503913879,0.4908488094806671,-0.06518852710723877,0.670322060585022,0.5081632137298584,-0.05904628708958626
0.661933422088623,0.780389130115509,-2.0158705638095853e-07,0.6036592125892639,0.7340899705886841,-0.03451502323150635,0.5618628859519958,0.6610091328620911,-0.05153970420360565,0.5467755198478699,0.5779606699943542,-0.06990871578454971,0.5325876474380493,0.5021167993545532,-0.08279234915971756,0.5428494811058044,0.5505621433258057,0.003453443991020322,0.5277431011199951,0.47616076469421387,-0.032844170928001404,0.5292390584945679,0.48085835576057434,-0.05424771457910538,0.5388904809951782,0.5060388445854187,-0.06050919368863106,0.5869983434677124,0.5352684855461121,0.00622226158156991,0.5733723640441895,0.4572855830192566,-0.029648544266819954,0.578606903553009,0.5102678537368774,-0.041192907840013504,0.5834035277366638,0.5463870763778687,-0.038019903004169464,0.6348258852958679,0.5332164764404297,0.0003463953617028892,0.626799464225769,0.473910927772522,-0.0381205715239048,0.6273427605628967,0.5384625196456909,-0.03378050774335861,0.6295341849327087,0.5859159231185913,-0.01785668358206749,0.6839489936828613,0.5437809824943542,-0.009079168550670147,0.6841526627540588,0.46781641244888306,-0.029822461307048798,0.6729903817176819,0.4966409206390381,-0.02242274209856987,0.6618601083755493,0.5325655937194824,-0.00907169934362173
0.6635051369667053,0.7830459475517273,-3.146730307435064e-07,0.6036470532417297,0.7428151965141296,-0.030917175114154816,0.5633411407470703,0.6657553911209106,-0.0443120039999485,0.5515094995498657,0.5827774405479431,-0.059779588133096695,0.5415033102035522,0.5110640525817871,-0.06927386671304703,0.550426721572876,0.5596503615379333,0.007459681946784258,0.53629469871521,0.47826436161994934,-0.031652987003326416,0.5371670722961426,0.510041356086731,-0.05591552332043648,0.5447030067443848,0.5458869338035583,-0.0637081190943718,0.5942568182945251,0.5444647669792175,0.008291804231703281,0.5801662802696228,0.4596056342124939,-0.031111720949411392,0.5816654562950134,0.5145848393440247,-0.04714944213628769,0.5873973369598389,0.5545312166213989,-0.046403300017118454,0.6410055160522461,0.5412924885749817,0.0005752345314249396,0.6331382393836975,0.4765382409095764,-0.038253866136074066,0.630001962184906,0.5414565205574036,-0.037247832864522934,0.632005512714386,0.590082585811615,-0.02335040457546711,0.6888691782951355,0.5479745268821716,-0.010459051467478275,0.6858206391334534,0.47035810351371765,-0.030190832912921906,0.6745039820671082,0.5018810629844666,-0.02417828142642975,0.6670946478843689,0.5403266549110413,-0.011881432496011257
0.6702591776847839,0.786971926689148,-7.489849451758346e-08,0.6086236238479614,0.7453351020812988,-0.037461623549461365,0.5663151144981384,0.676493227481842,-0.05767783895134926,0.553184986114502,0.597986102104187,-0.07836855202913284,0.5442134141921997,0.5260756015777588,-0.09419640898704529,0.550477147102356,0.5647413730621338,-0.004547780845314264,0.5358610153198242,0.4981539249420166,-0.04605643078684807,0.5377452969551086,0.49688205122947693,-0.07387928664684296,0.5466263890266418,0.521831214427948,-0.08440929651260376,0.5959707498550415,0.5471160411834717,-0.0017411491135135293,0.5793811082839966,0.4701905846595764,-0.044087015092372894,0.5866657495498657,0.5083326697349548,-0.06366819888353348,0.5958166122436523,0.5478473901748657,-0.065793476998806,0.6446555256843567,0.5433148741722107,-0.007426590658724308,0.6386289596557617,0.4877951145172119,-0.05143534392118454,0.6383926868438721,0.5452420711517334,-0.0543719045817852,0.6395482420921326,0.5981935262680054,-0.042397163808345795,0.6945716738700867,0.5522764325141907,-0.016620498150587082,0.6969403028488159,0.476246178150177,-0.04223841428756714,0.6860440373420715,0.49663811922073364,-0.0397917702794075,0.6734092831611633,0.5317991375923157,-0.029573654755949974
0.6787849068641663,0.810300886631012,-1.2800040138927216e-08,0.6133297681808472,0.7566666007041931,-0.01800713501870632,0.5761731266975403,0.6810827851295471,-0.025743937119841576,0.5649776458740234,0.6012874245643616,-0.03518496826291084,0.546478807926178,0.5347588062286377,-0.042279794812202454,0.5785390734672546,0.5940832495689392,0.017374197021126747,0.5614728927612305,0.5305857062339783,-0.00474908109754324,0.5479088425636292,0.507443904876709,-0.028867721557617188,0.5382994413375854,0.49826163053512573,-0.04382164031267166,0.6188145875930786,0.5792965292930603,0.014974107965826988,0.6061602234840393,0.5150017738342285,-0.002606738591566682,0.5888220071792603,0.48789554834365845,-0.023650800809264183,0.5715787410736084,0.4755798876285553,-0.038362130522727966,0.6609628796577454,0.5782288312911987,0.00623420812189579,0.6567265391349792,0.5145166516304016,-0.015441019088029861,0.6374247670173645,0.4969923496246338,-0.027449019253253937,0.6167739629745483,0.4998905062675476,-0.033094268292188644,0.707343339920044,0.5873307585716248,-0.004957324359565973,0.7084541916847229,0.5179008841514587,-0.023099157959222794,0.6916781067848206,0.49872371554374695,-0.02925734594464302,0.6686809659004211,0.5012913346290588,-0.031193353235721588
0.4673789441585541,0.6935393214225769,6.620127237511042e-07,0.5364577770233154,0.6691433191299438,-0.03824609890580177,0.588757336139679,0.6040298938751221,-0.06072962284088135,0.6313289999961853,0.536892294883728,-0.07879575341939926,0.6735955476760864,0.49082061648368835,-0.0974203571677208,0.5426679253578186,0.4724369943141937,-0.05396683141589165,0.5767465233802795,0.36923477053642273,-0.08405736833810806,0.5920463800430298,0.3005780279636383,-0.10499168187379837,0.5996505618095398,0.242751806974411,-0.11951316148042679,0.49275320768356323,0.4496639668941498,-0.05462298169732094,0.5039522647857666,0.32466867566108704,-0.08056624978780746,0.5091298818588257,0.2453640103340149,-0.09772222489118576,0.5085569620132446,0.18208959698677063,-0.10929619520902634,0.4447416067123413,0.4569225013256073,-0.058643508702516556,0.43538984656333923,0.3432856798171997,-0.08491726219654083,0.43165135383605957,0.2653196454048157,-0.10270335525274277,0.42820635437965393,0.20219576358795166,-0.11392997205257416,0.40003085136413574,0.48876142501831055,-0.06534862518310547,0.36726778745651245,0.40761563181877136,-0.09152574092149734,0.3466747999191284,0.3525838255882263,-0.1034245416522026,0.3311014175415039,0.30196142196655273,-0.10967499762773514
0.4536344110965729,0.7101146578788757,6.493026489806653e-07,0.5285004377365112,0.6893134117126465,-0.04719247668981552,0.5868135690689087,0.620924711227417,-0.07221650332212448,0.6297768950462341,0.5461563467979431,-0.09167104959487915,0.6757926940917969,0.49616652727127075,-0.11052955687046051,0.5453531742095947,0.4820282459259033,-0.059840258210897446,0.5821129083633423,0.3787188231945038,-0.09239669144153595,0.5991127490997314,0.30899107456207275,-0.11364850401878357,0.6094604730606079,0.24988199770450592,-0.12872104346752167,0.49294617772102356,0.45563939213752747,-0.05780307203531265,0.504024863243103,0.32927751541137695,-0.08839014172554016,0.5086326003074646,0.24959999322891235,-0.10669339448213577,0.5091316103935242,0.18275728821754456,-0.11846871674060822,0.4432207942008972,0.4610460102558136,-0.06016133353114128,0.4328078031539917,0.3457328677177429,-0.09229354560375214,0.42754068970680237,0.26915496587753296,-0.11085482686758041,0.42402923107147217,0.20529904961585999,-0.12171442061662674,0.398441344499588,0.49274036288261414,-0.06604833155870438,0.36211055517196655,0.41205090284347534,-0.09767571091651917,0.33888906240463257,0.3568231463432312,-0.11238789558410645,0.32130318880081177,0.3043927848339081,-0.1200147494673729
0.44793498516082764,0.7198355197906494,6.310469871095847e-07,0.5261813402175903,0.697523832321167,-0.04798228666186333,0.5862663388252258,0.6325711607933044,-0.0731167122721672,0.6313095092773438,0.5590653419494629,-0.09294062107801437,0.6768358945846558,0.5068070888519287,-0.11244041472673416,0.5402913093566895,0.4893553853034973,-0.05944643169641495,0.579250156879425,0.38640621304512024,-0.09165520966053009,0.5965246558189392,0.31561750173568726,-0.11296876519918442,0.605664849281311,0.2547118067741394,-0.12813138961791992,0.4889475703239441,0.4615755081176758,-0.05708158388733864,0.5038486123085022,0.33455562591552734,-0.08654879778623581,0.5087844729423523,0.2526487112045288,-0.10510202497243881,0.5077453851699829,0.1851361095905304,-0.11752436310052872,0.4391970634460449,0.4663965702056885,-0.05915403738617897,0.4310527443885803,0.35183030366897583,-0.08919369429349899,0.4282546043395996,0.27381572127342224,-0.10752548277378082,0.42655888199806213,0.2086597979068756,-0.11910746991634369,0.39324814081192017,0.4972277879714966,-0.06502779573202133,0.35757142305374146,0.41767749190330505,-0.09533064067363739,0.3358914852142334,0.360394686460495,-0.11002076417207718,0.31951770186424255,0.3069055378437042,-0.11801351606845856
0.4473416209220886,0.7239189147949219,6.173194719849562e-07,0.5261631608009338,0.7002845406532288,-0.04816896840929985,0.587236225605011,0.6333191394805908,-0.07219438254833221,0.6305375099182129,0.5569117069244385,-0.0908522829413414,0.6761009693145752,0.5017756223678589,-0.10886240750551224,0.5404857993125916,0.4890163540840149,-0.056246206164360046,0.5804243683815002,0.38625138998031616,-0.08663401007652283,0.5968335270881653,0.3160182535648346,-0.10729033499956131,0.6051037311553955,0.25479841232299805,-0.12218674272298813,0.489195317029953,0.46148860454559326,-0.053232114762067795,0.5037041902542114,0.3352183699607849,-0.08123330026865005,0.5077457427978516,0.25418442487716675,-0.09994054585695267,0.5060685276985168,0.18769901990890503,-0.11279187351465225,0.4398235082626343,0.4656885266304016,-0.054722413420677185,0.4328307807445526,0.3519291877746582,-0.08360366523265839,0.4289146959781647,0.27589187026023865,-0.10206327587366104,0.42625200748443604,0.21239352226257324,-0.11401452869176865,0.3935638666152954,0.49579140543937683,-0.06011905148625374,0.35887980461120605,0.41662174463272095,-0.08949804306030273,0.33650845289230347,0.3614231050014496,-0.10393568128347397,0.3195047974586487,0.30996090173721313,-0.11186511069536209
0.4477556645870209,0.7264147996902466,5.842185260007682e-07,0.5268083810806274,0.7020487189292908,-0.0459357351064682,0.5878030061721802,0.6315702795982361,-0.06809891760349274,0.6297798156738281,0.5545424222946167,-0.08531223982572556,0.675805926322937,0.502098798751831,-0.10202974826097488,0.539563775062561,0.4871658384799957,-0.0519767589867115,0.5760684013366699,0.3829994797706604,-0.08109045773744583,0.5919151306152344,0.3132067024707794,-0.10122843831777573,0.5998027920722961,0.25202810764312744,-0.11604152619838715,0.4884098470211029,0.4615320563316345,-0.049916233867406845,0.5025010108947754,0.33497220277786255,-0.076917864382267,0.5074206590652466,0.25436490774154663,-0.09562405943870544,0.5065175294876099,0.18762531876564026,-0.10866908729076385,0.4394190311431885,0.46681466698646545,-0.05240004137158394,0.4326111376285553,0.3519268035888672,-0.08092095702886581,0.42876869440078735,0.2748066186904907,-0.09985869377851486,0.4260893762111664,0.2084873616695404,-0.11223521083593369,0.39371544122695923,0.4976498484611511,-0.05862516537308693,0.35979390144348145,0.4165644645690918,-0.08804976940155029,0.33779531717300415,0.3600107431411743,-0.10288975387811661,0.32117465138435364,0.3060898780822754,-0.111301489174366
0.44487327337265015,0.722737193107605,5.900663495594927e-07,0.5212388634681702,0.6961761116981506,-0.04637371376156807,0.5830483436584473,0.6296168565750122,-0.07015308737754822,0.6318898797035217,0.5581346154212952,-0.08890144526958466,0.6822931170463562,0.5094905495643616,-0.10731649398803711,0.5383038520812988,0.4869590103626251,-0.05333792418241501,0.5757477283477783,0.3839399516582489,-0.08249779045581818,0.591053307056427,0.3148494362831116,-0.10332057625055313,0.5989110469818115,0.2540220022201538,-0.11870235204696655,0.4886271059513092,0.4611683189868927,-0.051632657647132874,0.5023517608642578,0.3338000476360321,-0.07818858325481415,0.5081266164779663,0.25333496928215027,-0.09748753160238266,0.5088526010513306,0.18586909770965576,-0.11133930087089539,0.43949615955352783,0.46566635370254517,-0.05435365065932274,0.43954455852508545,0.3520044684410095,-0.08220593631267548,0.4438835680484772,0.2751052975654602,-0.1015043556690216,0.44865694642066956,0.20937353372573853,-0.11452481895685196,0.39208805561065674,0.4939787983894348,-0.06085292622447014,0.3610335886478424,0.41394171118736267,-0.0898197665810585,0.3413751721382141,0.35760289430618286,-0.10443577170372009,0.32617753744125366,0.3044109344482422,-0.11291750520467758
0.4413045644760132,0.712526798248291,6.280156981119944e-07,0.5110071897506714,0.6788440942764282,-0.03818080574274063,0.571239709854126,0.6148948669433594,-0.060253337025642395,0.623746395111084,0.5575301051139832,-0.08005672693252563,0.6742258071899414,0.5223160982131958,-0.1001715287566185,0.5330206155776978,0.47823092341423035,-0.04355693608522415,0.5728416442871094,0.37915995717048645,-0.07281284034252167,0.5905510187149048,0.31318631768226624,-0.09479527175426483,0.6017084717750549,0.25525808334350586,-0.11055835336446762,0.48558369278907776,0.454866886138916,-0.04603901505470276,0.5031354427337646,0.33287346363067627,-0.07248663902282715,0.5117801427841187,0.2537180185317993,-0.09211470186710358,0.5154756903648376,0.18829435110092163,-0.1058448851108551,0.4382861256599426,0.4596346318721771,-0.052732858806848526,0.43897879123687744,0.3520476818084717,-0.07789485901594162,0.4457533061504364,0.27908921241760254,-0.09484940767288208,0.4536687433719635,0.21565288305282593,-0.10648586601018906,0.39171555638313293,0.486685574054718,-0.06303225457668304,0.3694436550140381,0.41045790910720825,-0.08676470816135406,0.3572627604007721,0.35774263739585876,-0.09726319462060928,0.3499249517917633,0.30864644050598145,-0.10337229073047638
0.41915038228034973,0.7216164469718933,2.8815091468459286e-07,0.4880775511264801,0.6531898975372314,-0.013322526589035988,0.5307762622833252,0.5747767090797424,-0.020096082240343094,0.5580248236656189,0.50105881690979,-0.03153739497065544,0.5924448370933533,0.44801634550094604,-0.04323047399520874,0.5107934474945068,0.4875257909297943,0.013615885749459267,0.5425981283187866,0.42363646626472473,-0.009754874743521214,0.5756106376647949,0.40518397092819214,-0.033094123005867004,0.6053917407989502,0.39908885955810547,-0.04797917231917381,0.4801471531391144,0.4700704514980316,0.005655920598655939,0.5144416093826294,0.39688584208488464,-0.015175076201558113,0.549701452255249,0.38162940740585327,-0.03500039502978325,0.583369791507721,0.3865693211555481,-0.048222124576568604,0.44120097160339355,0.46385693550109863,-0.008123437874019146,0.471805602312088,0.3926645815372467,-0.03337152674794197,0.5091767311096191,0.38884565234184265,-0.047122981399297714,0.542884349822998,0.41078928112983704,-0.05363893881440163,0.393273264169693,0.46652355790138245,-0.02409842424094677,0.4029793441295624,0.3979359567165375,-0.045944664627313614,0.43143796920776367,0.4024076461791992,-0.05144798755645752,0.4597753584384918,0.4351031184196472,-0.052352361381053925
0.41813766956329346,0.7140440940856934,3.757502611279051e-07,0.485751748085022,0.6510983109474182,-0.016533173620700836,0.5226913690567017,0.5741973519325256,-0.024575011804699898,0.5496017336845398,0.5065708756446838,-0.0363859198987484,0.5853643417358398,0.45697396993637085,-0.047984424978494644,0.5099236965179443,0.4989650249481201,0.011588283814489841,0.542402982711792,0.4497615396976471,-0.014117833226919174,0.5745283961296082,0.43347254395484924,-0.03930201008915901,0.604945182800293,0.42501410841941833,-0.055663060396909714,0.4805033206939697,0.4809861183166504,0.005148417316377163,0.5127517580986023,0.42174750566482544,-0.020789923146367073,0.5479108095169067,0.4130730628967285,-0.04311554878950119,0.5828187465667725,0.42140963673591614,-0.05702098831534386,0.4425450265407562,0.4723329544067383,-0.007594234310090542,0.47227567434310913,0.4101010262966156,-0.03601876646280289,0.5074229836463928,0.40727680921554565,-0.05095792934298515,0.5411316156387329,0.4281455874443054,-0.057412032037973404,0.39496129751205444,0.47218698263168335,-0.022872287780046463,0.40164461731910706,0.40872931480407715,-0.04609439894556999,0.4289689362049103,0.401342511177063,-0.05478021502494812,0.4590979218482971,0.41980814933776855,-0.05808814987540245
0.4198155105113983,0.6971679329872131,3.9846989352554374e-07,0.4852307140827179,0.6427721977233887,-0.006209174171090126,0.5216929912567139,0.5646340250968933,-0.00795553158968687,0.5489883422851562,0.5009803175926208,-0.014492562972009182,0.5819345116615295,0.45941978693008423,-0.021935034543275833,0.5066325068473816,0.5125375390052795,0.013348674401640892,0.5412715673446655,0.46583497524261475,-0.008161650039255619,0.5758906602859497,0.4453006982803345,-0.02902786061167717,0.6083694100379944,0.43235743045806885,-0.04254903644323349,0.4795389771461487,0.49167102575302124,0.0031549325212836266,0.5137989521026611,0.4331485629081726,-0.015924204140901566,0.5521286129951477,0.4179803133010864,-0.03228602558374405,0.5893566012382507,0.416354775428772,-0.04355600103735924,0.442249059677124,0.4799104630947113,-0.011970446445047855,0.4735560119152069,0.4167224168777466,-0.036393508315086365,0.5117329359054565,0.41280484199523926,-0.048314593732357025,0.5459609031677246,0.4269008934497833,-0.05399419739842415,0.39400744438171387,0.47588860988616943,-0.02841603197157383,0.39996984601020813,0.4085562229156494,-0.04958294704556465,0.4244551658630371,0.41000494360923767,-0.05504181981086731,0.44863587617874146,0.43523117899894714,-0.05676823854446411
0.42435699701309204,0.6880327463150024,4.243570117523632e-07,0.4850503206253052,0.6551440954208374,-0.0166469793766737,0.5277066230773926,0.5770049095153809,-0.021586762741208076,0.5492299795150757,0.5042704343795776,-0.027436930686235428,0.5779600143432617,0.457270085811615,-0.03370297700166702,0.5076788663864136,0.5182477235794067,-0.0014380294596776366,0.539501428604126,0.46570366621017456,-0.02256835252046585,0.5730369687080383,0.44193392992019653,-0.0412784181535244,0.6034174561500549,0.42777323722839355,-0.05339696258306503,0.478674978017807,0.49638381600379944,-0.0055580162443220615,0.5140445232391357,0.4329972267150879,-0.024181419983506203,0.5523735284805298,0.41736501455307007,-0.03795597702264786,0.5863561630249023,0.415406733751297,-0.04706214368343353,0.4412856101989746,0.4850996732711792,-0.01465314719825983,0.4739707112312317,0.41058993339538574,-0.03961656987667084,0.5160887241363525,0.4014034867286682,-0.05108027905225754,0.551110565662384,0.4109078049659729,-0.0563996322453022,0.39398467540740967,0.48290595412254333,-0.02530403435230255,0.40372753143310547,0.41303613781929016,-0.04913227632641792,0.4301788806915283,0.4152110517024994,-0.055532827973365784,0.4518187642097473,0.4414360821247101,-0.05748030170798302
0.4189397990703583,0.6828234791755676,4.3666054239110963e-07,0.4809933602809906,0.6434617042541504,-0.013203196227550507,0.5219516754150391,0.5659367442131042,-0.018223918974399567,0.5502139329910278,0.5034144520759583,-0.02543671615421772,0.5880606174468994,0.473699152469635,-0.03370589017868042,0.5049868226051331,0.5066064596176147,-0.00011944565630983561,0.5351061224937439,0.45741844177246094,-0.021808957681059837,0.5687442421913147,0.43343329429626465,-0.04184113070368767,0.5992748737335205,0.41797998547554016,-0.055142201483249664,0.4753769040107727,0.4865097999572754,-0.006507407873868942,0.5092198252677917,0.4307428300380707,-0.025137057527899742,0.5462390184402466,0.4165278971195221,-0.03998235613107681,0.5799396634101868,0.40970271825790405,-0.050117287784814835,0.43740567564964294,0.47581347823143005,-0.017301108688116074,0.4689980149269104,0.41205963492393494,-0.04055122658610344,0.5075672268867493,0.40843719244003296,-0.050825655460357666,0.539993166923523,0.4174797832965851,-0.055642277002334595,0.39049577713012695,0.47514963150024414,-0.029782013967633247,0.4007289707660675,0.4099709391593933,-0.051414698362350464,0.42868462204933167,0.42010384798049927,-0.055918287485837936,0.4523799419403076,0.4528183937072754,-0.05647282674908638
0.4237324595451355,0.6721863150596619,5.513616088137496e-07,0.47799959778785706,0.6570210456848145,-0.025932641699910164,0.530767560005188,0.598292350769043,-0.036315783858299255,0.558478832244873,0.5469862818717957,-0.04549907520413399,0.5786624550819397,0.5103635787963867,-0.055546484887599945,0.516092836856842,0.49899351596832275,-0.025735443457961082,0.5481724739074707,0.43748795986175537,-0.0509849488735199,0.5696330070495605,0.39000529050827026,-0.07122468203306198,0.5869134068489075,0.35317111015319824,-0.08314076066017151,0.47653108835220337,0.4797256588935852,-0.02658708207309246,0.4990805685520172,0.41071435809135437,-0.04847469553351402,0.5162948966026306,0.3553429841995239,-0.06457213312387466,0.5321784615516663,0.30907273292541504,-0.07458176463842392,0.4329136610031128,0.4753378927707672,-0.030809657648205757,0.44865697622299194,0.4173046052455902,-0.05464648827910423,0.4652804136276245,0.40577203035354614,-0.06101487949490547,0.4790087342262268,0.403395414352417,-0.061335936188697815,0.38472607731819153,0.4853512942790985,-0.03756404668092728,0.38749903440475464,0.42694389820098877,-0.0566837303340435,0.4011440575122833,0.4121282696723938,-0.05731201171875,0.4149685800075531,0.41365063190460205,-0.054020706564188004
0.4108743667602539,0.6721910834312439,7.783395972182916e-07,0.4711341857910156,0.6796901226043701,-0.04491289705038071,0.5344253182411194,0.6516784429550171,-0.07103891670703888,0.5893715023994446,0.6498382091522217,-0.09492728859186172,0.6398143768310547,0.6555664539337158,-0.1199674904346466,0.5178509950637817,0.5058190822601318,-0.048114482313394547,0.5450547337532043,0.4290230870246887,-0.08093368262052536,0.5639686584472656,0.3727591931819916,-0.1042567789554596,0.5809705257415771,0.3315191864967346,-0.11747466027736664,0.47393283247947693,0.48142680525779724,-0.044417690485715866,0.4915352165699005,0.3986121118068695,-0.07749989628791809,0.5041829943656921,0.3434991240501404,-0.0973970964550972,0.5173794031143188,0.30107927322387695,-0.10729631036520004,0.4268772602081299,0.47532299160957336,-0.04548909515142441,0.43970030546188354,0.42831698060035706,-0.08570832759141922,0.44181084632873535,0.47517210245132446,-0.09511081129312515,0.4438112676143646,0.5227692127227783,-0.09006722271442413,0.3802224397659302,0.4827099144458771,-0.05007003992795944,0.37901055812835693,0.429057240486145,-0.07754246145486832,0.3854270577430725,0.4452587962150574,-0.078353650867939,0.39230796694755554,0.47251445055007935,-0.0717415139079094
0.40437668561935425,0.6898088455200195,7.771259333821945e-07,0.4687556326389313,0.6821039915084839,-0.042983278632164,0.5369071960449219,0.6444429159164429,-0.06730210781097412,0.5967245101928711,0.6377238631248474,-0.09206654131412506,0.6505039930343628,0.6529518365859985,-0.11740818619728088,0.5091068744659424,0.49066248536109924,-0.04469083994626999,0.5403105020523071,0.3872731924057007,-0.07715284824371338,0.5548611283302307,0.3207525908946991,-0.09797511994838715,0.5666804909706116,0.2623198628425598,-0.10878083109855652,0.4632807970046997,0.46789005398750305,-0.047000717371702194,0.4773852229118347,0.35050541162490845,-0.08322583884000778,0.4847823977470398,0.27067700028419495,-0.10485852509737015,0.4889026880264282,0.20489993691444397,-0.11381711065769196,0.41437625885009766,0.47079962491989136,-0.053710464388132095,0.4290851056575775,0.42727988958358765,-0.10391619801521301,0.4380296468734741,0.5045405626296997,-0.11323688179254532,0.44199761748313904,0.5698927640914917,-0.10247213393449783,0.36632823944091797,0.48785802721977234,-0.06363660097122192,0.3727281987667084,0.41787201166152954,-0.0945252776145935,0.3885226845741272,0.44019848108291626,-0.09027468413114548,0.39975401759147644,0.47663238644599915,-0.0776236355304718
0.395809531211853,0.691697359085083,8.156033004524943e-07,0.46339789032936096,0.680240273475647,-0.04358699545264244,0.5293126702308655,0.6458766460418701,-0.07095108181238174,0.5907055735588074,0.6372438669204712,-0.09904485940933228,0.6494336724281311,0.6546450853347778,-0.12753337621688843,0.5072571635246277,0.4973873198032379,-0.043573081493377686,0.5398141145706177,0.3984362483024597,-0.07855237275362015,0.5540798306465149,0.32964417338371277,-0.10135751962661743,0.5655708312988281,0.26867014169692993,-0.11423525214195251,0.4650871157646179,0.4721934497356415,-0.046032894402742386,0.48271656036376953,0.35957521200180054,-0.0867755338549614,0.4899492859840393,0.27844321727752686,-0.11186376959085464,0.49454134702682495,0.2100526988506317,-0.12328964471817017,0.4184679388999939,0.47132664918899536,-0.052838027477264404,0.43136465549468994,0.4240627586841583,-0.1053864061832428,0.4376320540904999,0.49217161536216736,-0.11689327657222748,0.4400808811187744,0.5497652888298035,-0.10792947560548782,0.370534211397171,0.48250287771224976,-0.06291615217924118,0.37580856680870056,0.4213923513889313,-0.09559924900531769,0.3887593150138855,0.4521019458770752,-0.0930510088801384,0.39836424589157104,0.49216750264167786,-0.08143747597932816
0.4014381170272827,0.6975092887878418,7.279731448761595e-07,0.4660760462284088,0.6834942698478699,-0.044225115329027176,0.5275864005088806,0.6495054960250854,-0.07170623540878296,0.5852194428443909,0.63657546043396,-0.09939556568861008,0.6429665088653564,0.6483630537986755,-0.12766596674919128,0.5077353119850159,0.49830663204193115,-0.04577341675758362,0.5404020547866821,0.4007541537284851,-0.07872757315635681,0.5556243658065796,0.33503562211990356,-0.10110495984554291,0.5682644844055176,0.2762947082519531,-0.11420896649360657,0.46439433097839355,0.475536972284317,-0.04727984219789505,0.4757002592086792,0.3643426299095154,-0.08475171029567719,0.48059701919555664,0.2848498523235321,-0.10886810719966888,0.48365265130996704,0.2181224226951599,-0.12095844000577927,0.4174794554710388,0.4768889248371124,-0.052983593195676804,0.42932602763175964,0.43056124448776245,-0.10207892954349518,0.4359331727027893,0.4945845305919647,-0.11374074965715408,0.4378538131713867,0.5505720376968384,-0.10681983083486557,0.3699105381965637,0.49111852049827576,-0.06204010546207428,0.37274453043937683,0.4232626259326935,-0.09388096630573273,0.3880801796913147,0.4515305161476135,-0.09227188676595688,0.39920490980148315,0.494422972202301,-0.08219704031944275
0.40027377009391785,0.7022714614868164,7.198863727353455e-07,0.4629022777080536,0.6879240274429321,-0.041828759014606476,0.5240684747695923,0.6479969024658203,-0.06681958585977554,0.5786827802658081,0.6314993500709534,-0.09244325011968613,0.6348177194595337,0.6466028690338135,-0.11830274760723114,0.5023424029350281,0.5056359171867371,-0.04250149428844452,0.5334975123405457,0.4077158272266388,-0.07582812011241913,0.5477855801582336,0.34201622009277344,-0.09684702754020691,0.5588696599006653,0.283846378326416,-0.10799157619476318,0.4587043225765228,0.4834555685520172,-0.04518857225775719,0.47017133235931396,0.3706244230270386,-0.0833549052476883,0.47515615820884705,0.29329389333724976,-0.1055428758263588,0.47726747393608093,0.22709080576896667,-0.11438877880573273,0.4119855761528015,0.4860222637653351,-0.052121687680482864,0.42396342754364014,0.4469754099845886,-0.10249989479780197,0.4333236515522003,0.5206024646759033,-0.11067044734954834,0.437542587518692,0.5794880390167236,-0.09925121068954468,0.36520910263061523,0.5012671947479248,-0.062178611755371094,0.36825209856033325,0.4396737217903137,-0.09022313356399536,0.3807463049888611,0.4639609456062317,-0.08345533162355423,0.3892722427845001,0.4968046247959137,-0.06947814673185349
0.403473436832428,0.711475670337677,6.020482032909058e-07,0.4611913561820984,0.6905937194824219,-0.03505771607160568,0.5174546837806702,0.6460883617401123,-0.05566597729921341,0.5686229467391968,0.6204946041107178,-0.07772939652204514,0.6214129328727722,0.6279251575469971,-0.10006953775882721,0.49677884578704834,0.5122561454772949,-0.03212957829236984,0.5201133489608765,0.4164236783981323,-0.061625298112630844,0.5290468335151672,0.3521024286746979,-0.08117135614156723,0.5356445908546448,0.29642242193222046,-0.09248583018779755,0.45612579584121704,0.4949361979961395,-0.03676817566156387,0.4633789360523224,0.3823333978652954,-0.0704072117805481,0.4651433229446411,0.3056224584579468,-0.09171630442142487,0.4661470651626587,0.24277731776237488,-0.10162582248449326,0.41253501176834106,0.5000194311141968,-0.045236602425575256,0.41824498772621155,0.44528645277023315,-0.09014541655778885,0.4233127534389496,0.4985491633415222,-0.09860609471797943,0.42566749453544617,0.5477601885795593,-0.0901380255818367,0.3672831058502197,0.5168361663818359,-0.05647416040301323,0.36541748046875,0.4522159695625305,-0.08489608764648438,0.37646931409835815,0.4758431613445282,-0.0808064192533493,0.3856452703475952,0.5122315883636475,-0.06924743205308914
0.42123448848724365,0.71836256980896,5.280544996821845e-07,0.47728219628334045,0.6947546005249023,-0.03721810132265091,0.5250762104988098,0.6442834734916687,-0.05718151479959488,0.567107081413269,0.6120122671127319,-0.07748984545469284,0.6179910898208618,0.6129343509674072,-0.09749548137187958,0.5081706643104553,0.5145599842071533,-0.033048778772354126,0.5256327986717224,0.4208357632160187,-0.06109223887324333,0.5311158299446106,0.3608713448047638,-0.07967803627252579,0.5350714921951294,0.3090474009513855,-0.09001496434211731,0.46734514832496643,0.5006831884384155,-0.0353270098567009,0.4717700779438019,0.3959167003631592,-0.06684235483407974,0.47407063841819763,0.327470064163208,-0.0867280513048172,0.4752725660800934,0.2702501118183136,-0.09574926644563675,0.42441341280937195,0.5102378129959106,-0.04176744073629379,0.43056970834732056,0.4654846787452698,-0.08412371575832367,0.4403543472290039,0.5235207676887512,-0.09179046750068665,0.4472527801990509,0.5740448236465454,-0.08346717059612274,0.3806164264678955,0.5317765474319458,-0.05127078667283058,0.3765966296195984,0.4696846604347229,-0.07605384290218353,0.38604938983917236,0.4841771125793457,-0.07128741592168808,0.39513450860977173,0.5102478265762329,-0.06055096164345741
0.4335208833217621,0.7305781245231628,9.23672089925276e-08,0.4902235269546509,0.6818350553512573,-0.016991181299090385,0.5200371146202087,0.613162636756897,-0.0242131557315588,0.524412214756012,0.5493770837783813,-0.0339198037981987,0.5250198245048523,0.4990144670009613,-0.04306485503911972,0.5085184574127197,0.5140314102172852,0.0020850743167102337,0.5159188508987427,0.4447387456893921,-0.016971079632639885,0.5299397706985474,0.43544960021972656,-0.034948088228702545,0.5414629578590393,0.44271165132522583,-0.045664068311452866,0.4726841151714325,0.5068237781524658,-0.0012388130417093635,0.4800616204738617,0.43720635771751404,-0.01953311450779438,0.4943649470806122,0.4411695599555969,-0.035646822303533554,0.5057241320610046,0.46189945936203003,-0.045268360525369644,0.4330693185329437,0.5108004808425903,-0.00905750971287489,0.4440760910511017,0.45119649171829224,-0.02969999797642231,0.45754924416542053,0.4677961766719818,-0.03783005475997925,0.4647458791732788,0.501654326915741,-0.039969995617866516,0.3901422619819641,0.5251607894897461,-0.01901113986968994,0.38795849680900574,0.45919638872146606,-0.03552146255970001,0.40463823080062866,0.46508312225341797,-0.03788289427757263,0.41896703839302063,0.49506789445877075,-0.03658483177423477
0.41848501563072205,0.7194162607192993,1.575706818357503e-07,0.47559890151023865,0.6673427224159241,-0.020824959501624107,0.49977344274520874,0.6017276048660278,-0.028000378981232643,0.5011603236198425,0.5328052043914795,-0.037718046456575394,0.5125678777694702,0.47588807344436646,-0.04689880087971687,0.4777137041091919,0.5200066566467285,0.013164198026061058,0.4843224287033081,0.46191418170928955,-0.0048474641516804695,0.49866238236427307,0.44432711601257324,-0.023670457303524017,0.5108548998832703,0.4428514242172241,-0.03451142460107803,0.4491555094718933,0.5115692019462585,0.013005075044929981,0.45733004808425903,0.4419974982738495,-0.008002782240509987,0.4702327251434326,0.4424400329589844,-0.028820045292377472,0.479054719209671,0.4678909182548523,-0.03944961354136467,0.41639310121536255,0.511437714099884,0.007430854719132185,0.42754465341567993,0.4470301568508148,-0.017115456983447075,0.438153475522995,0.4631557762622833,-0.03132662922143936,0.4425567388534546,0.508255124092102,-0.0345083549618721,0.37842288613319397,0.5206369161605835,-0.00034887611400336027,0.37424564361572266,0.45319637656211853,-0.020549261942505836,0.389956533908844,0.4516696333885193,-0.028661388903856277,0.40404829382896423,0.48255181312561035,-0.029767265543341637
0.41772544384002686,0.7080727815628052,1.8213245311926585e-07,0.4696841835975647,0.6590147614479065,-0.018888935446739197,0.49208906292915344,0.5944388508796692,-0.024191511794924736,0.4929400682449341,0.5314856171607971,-0.031186573207378387,0.5031082034111023,0.48308759927749634,-0.03726993128657341,0.47660768032073975,0.5123594403266907,0.01199269574135542,0.48263251781463623,0.4611870050430298,-0.00345849571749568,0.4923675060272217,0.4470854103565216,-0.020817607641220093,0.5020406246185303,0.4461284279823303,-0.03156571835279465,0.4451391398906708,0.5041230916976929,0.012252376414835453,0.45038458704948425,0.4453749358654022,-0.001675090054050088,0.46054643392562866,0.4346120059490204,-0.017277579754590988,0.4712147116661072,0.43960246443748474,-0.02703382819890976,0.41029876470565796,0.5063863396644592,0.007141675800085068,0.41592222452163696,0.4489881992340088,-0.011088736355304718,0.42607593536376953,0.4530338644981384,-0.020165706053376198,0.4342505633831024,0.4782710671424866,-0.022755397483706474,0.37095242738723755,0.5197733044624329,-0.0003232595045119524,0.36546269059181213,0.4583064913749695,-0.01652623526751995,0.37752294540405273,0.45513197779655457,-0.020625969395041466,0.39014965295791626,0.4756348729133606,-0.020220743492245674
0.4193421006202698,0.7032235264778137,2.1908223857280973e-07,0.47183501720428467,0.65729159116745,-0.014606747776269913,0.4951157867908478,0.5847410559654236,-0.01558968611061573,0.498338520526886,0.5203195810317993,-0.018587611615657806,0.5103577375411987,0.4728682041168213,-0.021352989599108696,0.4719184935092926,0.5158061385154724,0.014804068952798843,0.48077863454818726,0.4710855484008789,0.003945035394281149,0.4940534830093384,0.44969677925109863,-0.008997626602649689,0.5070100426673889,0.434599369764328,-0.017728982493281364,0.4432295262813568,0.5057065486907959,0.013921376317739487,0.4521022140979767,0.45271971821784973,0.004584088455885649,0.4670618772506714,0.4335596263408661,-0.00670158164575696,0.482205331325531,0.42411354184150696,-0.014750043861567974,0.4100979268550873,0.5066829323768616,0.008107529953122139,0.4194408357143402,0.4509434103965759,-0.00919855386018753,0.43464505672454834,0.4586867690086365,-0.017704246565699577,0.4456178545951843,0.4838636815547943,-0.020161733031272888,0.37172380089759827,0.5171863436698914,0.0005134026287123561,0.36696305871009827,0.4562093913555145,-0.016783038154244423,0.3837551772594452,0.4583485424518585,-0.021575912833213806,0.4000135064125061,0.485097736120224,-0.02181841805577278
0.4224606454372406,0.6977387070655823,2.4819908617246256e-07,0.4726931154727936,0.6580109000205994,-0.013865996152162552,0.49595654010772705,0.5798197984695435,-0.013254436664283276,0.49912434816360474,0.5151720643043518,-0.014015807770192623,0.5146297812461853,0.4727591574192047,-0.014427204616367817,0.47161179780960083,0.5165930986404419,0.01678548753261566,0.4792969822883606,0.46991515159606934,0.007212457247078419,0.49516355991363525,0.44655004143714905,-0.00567819457501173,0.5106310844421387,0.43226122856140137,-0.01437271386384964,0.4423225224018097,0.5062324404716492,0.01644832268357277,0.45085206627845764,0.4505704641342163,0.0090505201369524,0.468101441860199,0.43104320764541626,-0.0016322026494890451,0.4863443672657013,0.42276912927627563,-0.008668412454426289,0.40982139110565186,0.5051118731498718,0.011286096647381783,0.4164327085018158,0.4437362849712372,-0.0008104131557047367,0.4359606206417084,0.42884254455566406,-0.008755572140216827,0.4548609256744385,0.43137791752815247,-0.012410682626068592,0.37164506316185,0.5131146907806396,0.0040901354514062405,0.3674412965774536,0.4548633098602295,-0.008694659918546677,0.384505033493042,0.4498893916606903,-0.012008797377347946,0.402909517288208,0.46625617146492004,-0.01207640115171671
0.4245655834674835,0.698554277420044,2.234014715440935e-07,0.4738892912864685,0.6516869068145752,-0.010824081487953663,0.4947962164878845,0.5795523524284363,-0.00943179614841938,0.49888861179351807,0.5192767977714539,-0.009867837652564049,0.5124601721763611,0.4777188301086426,-0.010093708522617817,0.473066121339798,0.519581139087677,0.017028411850333214,0.48524558544158936,0.4770083427429199,0.008134194649755955,0.5019029974937439,0.4573900103569031,-0.0042312173172831535,0.5173424482345581,0.4412902295589447,-0.013149941340088844,0.4445726275444031,0.5076663494110107,0.014658600091934204,0.4575064778327942,0.4569375514984131,0.010006466880440712,0.4738222062587738,0.4373723268508911,0.0017760562477633357,0.49135899543762207,0.4232242703437805,-0.00502813421189785,0.41194817423820496,0.5068700313568115,0.007502045948058367,0.4227409064769745,0.4485228359699249,-0.003702756017446518,0.43965864181518555,0.43329715728759766,-0.010464731603860855,0.4564265012741089,0.4304039478302002,-0.014308789744973183,0.37305086851119995,0.5169653296470642,-0.0014593986561521888,0.36952051520347595,0.4576869606971741,-0.013639351353049278,0.3851405680179596,0.4553682208061218,-0.015451333485543728,0.4017643630504608,0.472980797290802,-0.015115203335881233
0.4240652322769165,0.6938254833221436,3.753151247565256e-07,0.468139111995697,0.6660594344139099,-0.026478532701730728,0.49990594387054443,0.6082236766815186,-0.036764610558748245,0.510857343673706,0.5574760437011719,-0.04578934237360954,0.5226667523384094,0.5163000226020813,-0.054932791739702225,0.4860122799873352,0.5166519284248352,-0.015387024730443954,0.49649304151535034,0.45986294746398926,-0.03252634406089783,0.5054931044578552,0.4221384525299072,-0.04896297678351402,0.5131484270095825,0.3910435140132904,-0.060045164078474045,0.45181983709335327,0.5064172744750977,-0.014694469049572945,0.45857587456703186,0.44228994846343994,-0.027636537328362465,0.46714943647384644,0.40044891834259033,-0.04076359421014786,0.47597235441207886,0.36434096097946167,-0.05108058080077171,0.41409334540367126,0.5119372010231018,-0.01800820231437683,0.42147591710090637,0.45116642117500305,-0.03547198697924614,0.43561750650405884,0.43079355359077454,-0.04367345944046974,0.44627732038497925,0.42234522104263306,-0.04816418141126633,0.3709995448589325,0.5304960012435913,-0.024073662236332893,0.3626825213432312,0.4679562449455261,-0.041632577776908875,0.3788766860961914,0.46230560541152954,-0.04362818971276283,0.3952304422855377,0.4790293872356415,-0.04275600612163544
0.420172780752182,0.6893754005432129,6.472213271990768e-07,0.46641501784324646,0.6691772937774658,-0.032177042216062546,0.505361020565033,0.6128969192504883,-0.04832965135574341,0.5373873710632324,0.5775331854820251,-0.06450968235731125,0.5762344598770142,0.5686025023460388,-0.08166366815567017,0.48664599657058716,0.5063648223876953,-0.029596757143735886,0.5020118951797485,0.42935797572135925,-0.054846059530973434,0.5086126923561096,0.36972469091415405,-0.0721898302435875,0.5134457945823669,0.3215692639350891,-0.08119691163301468,0.4480203688144684,0.4973298907279968,-0.029636597260832787,0.4541168808937073,0.41778236627578735,-0.05765936151146889,0.4569367468357086,0.3545178771018982,-0.07597353309392929,0.4601283669471741,0.30156409740448,-0.08399558067321777,0.40752315521240234,0.5062194466590881,-0.03299673646688461,0.4112508296966553,0.4616206884384155,-0.07135467231273651,0.42163118720054626,0.5106890797615051,-0.07960467785596848,0.42998358607292175,0.5579994916915894,-0.07234309613704681,0.36596453189849854,0.5263490676879883,-0.03849928081035614,0.35682129859924316,0.47008389234542847,-0.06297202408313751,0.3683115243911743,0.48293352127075195,-0.060672011226415634,0.380742609500885,0.5101048946380615,-0.051277969032526016
0.4081882834434509,0.6990854740142822,6.004243573443091e-07,0.4569067060947418,0.6781672239303589,-0.031697094440460205,0.4966735541820526,0.6254827380180359,-0.04906749352812767,0.5325368642807007,0.5866408944129944,-0.066705621778965,0.5766218304634094,0.5814753770828247,-0.08475474268198013,0.48026812076568604,0.5170289278030396,-0.03331467881798744,0.4995989501476288,0.4288507103919983,-0.06049371883273125,0.5089723467826843,0.36964505910873413,-0.07876840978860855,0.5168982744216919,0.31788885593414307,-0.08919719606637955,0.4429642856121063,0.5050919651985168,-0.03571486845612526,0.44199538230895996,0.4087333083152771,-0.06530832499265671,0.44071266055107117,0.34181272983551025,-0.08402137458324432,0.4391806125640869,0.28595083951950073,-0.09273616224527359,0.4043039083480835,0.5155593156814575,-0.04126371070742607,0.40343472361564636,0.47050902247428894,-0.07936474680900574,0.4138791561126709,0.5138608813285828,-0.08741700649261475,0.4213514029979706,0.5556370615959167,-0.08083950728178024,0.36534130573272705,0.5380950570106506,-0.049231886863708496,0.3544760048389435,0.4789957106113434,-0.07284494489431381,0.3634255528450012,0.48673832416534424,-0.07035334408283234,0.37329304218292236,0.5072270035743713,-0.06166613847017288
0.4090560972690582,0.7033520936965942,5.93093147926993e-07,0.45930084586143494,0.6788944005966187,-0.033092234283685684,0.4982962906360626,0.6242494583129883,-0.05090746656060219,0.5314762592315674,0.5859073400497437,-0.06967876106500626,0.5773377418518066,0.5818018913269043,-0.08871285617351532,0.48049789667129517,0.5104691982269287,-0.029815901070833206,0.49832913279533386,0.4227847456932068,-0.05747431889176369,0.5077829957008362,0.36400917172431946,-0.07611320167779922,0.516554057598114,0.312433123588562,-0.08659273386001587,0.4419710040092468,0.5010151863098145,-0.032700490206480026,0.4385960102081299,0.40595924854278564,-0.06394181400537491,0.4377751350402832,0.33772021532058716,-0.08383305370807648,0.4362557530403137,0.27954015135765076,-0.09313131123781204,0.40175873041152954,0.5128630995750427,-0.03944752737879753,0.40246209502220154,0.47211766242980957,-0.0820935070514679,0.4169071316719055,0.5271309018135071,-0.09058135747909546,0.4258275032043457,0.5754863619804382,-0.08263931423425674,0.3611813485622406,0.5354586243629456,-0.048751119524240494,0.35368612408638,0.47272056341171265,-0.0751790776848793,0.36589181423187256,0.4903600215911865,-0.0717814713716507,0.3758600950241089,0.5201922059059143,-0.06164216622710228
0.400879442691803,0.701770544052124,5.824406912324775e-07,0.45014455914497375,0.6776697635650635,-0.03644445538520813,0.48830118775367737,0.6257714033126831,-0.05616449564695358,0.5207186937332153,0.5842909216880798,-0.07576251029968262,0.5658776760101318,0.578241229057312,-0.09529094398021698,0.4736788868904114,0.5144427418708801,-0.03460315242409706,0.4929645359516144,0.4251481294631958,-0.06273210793733597,0.5025407671928406,0.36636513471603394,-0.08146630972623825,0.5104480981826782,0.3142296373844147,-0.09233899414539337,0.43560388684272766,0.5035338401794434,-0.0355999581515789,0.4343676269054413,0.40529516339302063,-0.06637568026781082,0.43340039253234863,0.33939096331596375,-0.08508173376321793,0.43174320459365845,0.2836306691169739,-0.09398417919874191,0.3960042893886566,0.5132263898849487,-0.04053884744644165,0.39937371015548706,0.46498745679855347,-0.08215848356485367,0.41138628125190735,0.5136507749557495,-0.0900019109249115,0.41812610626220703,0.5579434037208557,-0.08256508409976959,0.3559015095233917,0.5332838296890259,-0.048336222767829895,0.3502466678619385,0.4689035713672638,-0.07596082240343094,0.36331531405448914,0.4903664290904999,-0.07326486706733704,0.3740521967411041,0.5259894132614136,-0.06359181553125381
0.397314190864563,0.7058145403862,5.724884317714896e-07,0.449222207069397,0.6770945191383362,-0.030872713774442673,0.4894696772098541,0.6204577088356018,-0.04743942245841026,0.5217588543891907,0.5788793563842773,-0.06465379148721695,0.5655303001403809,0.5735824108123779,-0.08184009790420532,0.46992993354797363,0.5112852454185486,-0.027384789660573006,0.4893641471862793,0.426580011844635,-0.053417839109897614,0.49992746114730835,0.3689107596874237,-0.07129988074302673,0.5096302628517151,0.3183322250843048,-0.08188845217227936,0.4310334026813507,0.499979168176651,-0.02984772063791752,0.42917585372924805,0.4058241546154022,-0.05925372987985611,0.42763903737068176,0.3415067195892334,-0.0778965875506401,0.4268442988395691,0.2877766489982605,-0.08666188269853592,0.3913516104221344,0.5094601511955261,-0.035608477890491486,0.39413368701934814,0.46960097551345825,-0.07547379285097122,0.40423783659935,0.5222341418266296,-0.08187364041805267,0.41072261333465576,0.567756712436676,-0.07363676279783249,0.3521633744239807,0.5308412313461304,-0.04375501722097397,0.3467205762863159,0.480209082365036,-0.06963834166526794,0.3593742847442627,0.5072615146636963,-0.06559638679027557,0.3699735403060913,0.5418797731399536,-0.054930757731199265
0.39641550183296204,0.7025390863418579,5.828983375977259e-07,0.44789019227027893,0.6755659580230713,-0.03194720670580864,0.48789334297180176,0.6188127398490906,-0.049291301518678665,0.5187621116638184,0.5783417224884033,-0.06752870231866837,0.5622776746749878,0.5727414488792419,-0.08589640259742737,0.4657554626464844,0.510631799697876,-0.03091072477400303,0.4854670763015747,0.42115673422813416,-0.05788513273000717,0.496235728263855,0.3618149757385254,-0.07511300593614578,0.5059674978256226,0.30960655212402344,-0.08440718054771423,0.4270811676979065,0.5006239414215088,-0.03331035375595093,0.426521897315979,0.40891599655151367,-0.06384524703025818,0.4263322651386261,0.3430541753768921,-0.08210722357034683,0.42461830377578735,0.2866365313529968,-0.09023655951023102,0.38687604665756226,0.5109254121780396,-0.03924747556447983,0.39122438430786133,0.4759576916694641,-0.08128877729177475,0.4085812270641327,0.5340685248374939,-0.08827447891235352,0.41869276762008667,0.5827319025993347,-0.07921882718801498,0.34705889225006104,0.532085657119751,-0.04750973358750343,0.3434213697910309,0.4739162027835846,-0.073065385222435,0.3580595850944519,0.4964613914489746,-0.06829541176557541,0.36887288093566895,0.5297903418540955,-0.05708678066730499
0.3923119306564331,0.7010048031806946,5.991705052110774e-07,0.4423391819000244,0.6743934154510498,-0.029149716719985008,0.4847996234893799,0.614517331123352,-0.04412123188376427,0.5201589465141296,0.57676100730896,-0.06057054176926613,0.5627360343933105,0.5753533840179443,-0.07717454433441162,0.46319451928138733,0.5087094902992249,-0.02581912651658058,0.48135268688201904,0.4142085909843445,-0.05037471279501915,0.4912829101085663,0.35376864671707153,-0.06517348438501358,0.5000649690628052,0.3018644452095032,-0.07255704700946808,0.4235181212425232,0.4988677203655243,-0.02921309880912304,0.4225609600543976,0.40321338176727295,-0.05881189554929733,0.41984522342681885,0.33605390787124634,-0.07637295126914978,0.4164511263370514,0.2800637483596802,-0.08328702300786972,0.3821044862270355,0.5081972479820251,-0.035967160016298294,0.38841333985328674,0.4716944098472595,-0.07782931625843048,0.40625759959220886,0.5313419699668884,-0.0847836509346962,0.417483925819397,0.5820393562316895,-0.07499963045120239,0.34111452102661133,0.5276743173599243,-0.044658832252025604,0.3397008180618286,0.47204700112342834,-0.06926727294921875,0.35530567169189453,0.49789223074913025,-0.06336679309606552,0.3664502501487732,0.532418429851532,-0.05100354552268982
0.3904019594192505,0.6961503624916077,5.980519972581533e-07,0.4382231831550598,0.6683032512664795,-0.03444971889257431,0.4758073389530182,0.6150127649307251,-0.053901705890893936,0.5089603662490845,0.5776095390319824,-0.07431294769048691,0.552416205406189,0.5717185139656067,-0.09470303356647491,0.4604576826095581,0.49922946095466614,-0.032923758029937744,0.47817856073379517,0.40827250480651855,-0.061762526631355286,0.4867062568664551,0.3474404513835907,-0.0802735909819603,0.4939277172088623,0.29365116357803345,-0.09017878025770187,0.4213336110115051,0.49012503027915955,-0.035856544971466064,0.4160817861557007,0.3919660449028015,-0.06882837414741516,0.4104999303817749,0.3234454393386841,-0.08822868019342422,0.4048523008823395,0.2647184431552887,-0.0963466539978981,0.381136417388916,0.5028782486915588,-0.042715173214673996,0.38137087225914,0.4631471633911133,-0.08764674514532089,0.397735595703125,0.5229712724685669,-0.0953964963555336,0.40863314270973206,0.573245108127594,-0.08584243059158325,0.34152284264564514,0.5262419581413269,-0.05217362940311432,0.33180466294288635,0.4629025161266327,-0.07918442040681839,0.3465251922607422,0.4822406768798828,-0.07467127591371536,0.36008891463279724,0.5132369995117188,-0.06323421001434326
0.3898088335990906,0.7272741198539734,-1.62041757789666e-08,0.4419806897640228,0.6711044311523438,-0.0078053767792880535,0.46662941575050354,0.6104651093482971,-0.010922730900347233,0.4683586061000824,0.5554990172386169,-0.01807146519422531,0.4694088101387024,0.5116488933563232,-0.024809353053569794,0.44767290353775024,0.5332600474357605,0.009665559977293015,0.4530866742134094,0.4700472950935364,-0.005455088336020708,0.47006550431251526,0.4681459963321686,-0.02071426995098591,0.4817722737789154,0.48132628202438354,-0.029567871242761612,0.4184151887893677,0.5234008431434631,0.003613137174397707,0.4226633906364441,0.4562307298183441,-0.009348229505121708,0.4404858648777008,0.4575144350528717,-0.02247794345021248,0.4524247348308563,0.47950485348701477,-0.030616499483585358,0.3842519521713257,0.5231081247329712,-0.006079144775867462,0.3869251608848572,0.45635801553726196,-0.019862163811922073,0.40494945645332336,0.46149522066116333,-0.02771054394543171,0.4169866144657135,0.48990073800086975,-0.031181085854768753,0.34450405836105347,0.5321505069732666,-0.017266811802983284,0.336989164352417,0.467243492603302,-0.02805190347135067,0.3548067808151245,0.46932336688041687,-0.029749369248747826,0.3720613718032837,0.499856561422348,-0.02904251590371132
0.39632025361061096,0.7139828205108643,1.2207893007598614e-07,0.4442700445652008,0.663341224193573,-0.013117529451847076,0.4684459865093231,0.6051218509674072,-0.01893424056470394,0.46633821725845337,0.549169659614563,-0.027054419741034508,0.4671643078327179,0.5062820911407471,-0.03453793749213219,0.44644543528556824,0.5244945883750916,0.008559041656553745,0.4526123106479645,0.4753653407096863,-0.006981861311942339,0.4677765965461731,0.4704764783382416,-0.023522760719060898,0.48004278540611267,0.4803123474121094,-0.03316686302423477,0.41610535979270935,0.5147674679756165,0.005796290934085846,0.41927456855773926,0.4534297287464142,-0.007309917826205492,0.4347118139266968,0.45761537551879883,-0.020789483562111855,0.444421648979187,0.4785998463630676,-0.02868434228003025,0.38186806440353394,0.5147026181221008,-0.0009698939975351095,0.3828175365924835,0.4517466127872467,-0.015602671541273594,0.3980847895145416,0.46228158473968506,-0.022420955821871758,0.4055536091327667,0.4942937195301056,-0.024261336773633957,0.34303295612335205,0.525938093662262,-0.009452162310481071,0.33595168590545654,0.461098849773407,-0.021219676360487938,0.3513590693473816,0.46530357003211975,-0.02210211381316185,0.3626941442489624,0.49408769607543945,-0.019994737580418587
0.387527197599411,0.7084158658981323,1.6295740579153062e-07,0.43626347184181213,0.6611337661743164,-0.011928134597837925,0.4622599184513092,0.6050023436546326,-0.016074612736701965,0.46317434310913086,0.5505275726318359,-0.022764405235648155,0.46861732006073,0.506057620048523,-0.029179193079471588,0.4352576732635498,0.5308241844177246,0.014304246753454208,0.4442117214202881,0.48449498414993286,0.0009584436193108559,0.4609023332595825,0.4731113612651825,-0.01466907374560833,0.4744279682636261,0.47522273659706116,-0.024025432765483856,0.4068617522716522,0.5190032124519348,0.011635635048151016,0.4133702516555786,0.45973581075668335,0.000867796188686043,0.42955395579338074,0.4567413628101349,-0.012350575067102909,0.44059956073760986,0.47379299998283386,-0.020311938598752022,0.3737727701663971,0.516507089138031,0.004726780112832785,0.37660467624664307,0.4537537395954132,-0.008314747363328934,0.3909781277179718,0.45573481917381287,-0.015760963782668114,0.3992708623409271,0.481667160987854,-0.0182761512696743,0.3353589177131653,0.5246923565864563,-0.0038135196082293987,0.3302451968193054,0.4636286795139313,-0.014680570922791958,0.34536147117614746,0.4645007848739624,-0.015784645453095436,0.3568981885910034,0.4905577301979065,-0.013980268500745296
0.38060373067855835,0.701373815536499,5.5851383962135515e-08,0.4267340898513794,0.6611160039901733,-0.016116375103592873,0.4517157971858978,0.6022892594337463,-0.02329714223742485,0.45010483264923096,0.5443809628486633,-0.031856290996074677,0.46045738458633423,0.5018450021743774,-0.03965325281023979,0.43509596586227417,0.5217810869216919,0.0026092156767845154,0.43769121170043945,0.4749182164669037,-0.014195147901773453,0.44958171248435974,0.4714638292789459,-0.029965678229928017,0.45964252948760986,0.4835571050643921,-0.03894972428679466,0.4024190604686737,0.5126057267189026,0.0013707492034882307,0.40541133284568787,0.45435911417007446,-0.014531968161463737,0.4171224534511566,0.46567460894584656,-0.027244914323091507,0.42448315024375916,0.49175605177879333,-0.0333772711455822,0.3678784966468811,0.514966607093811,-0.003809843910858035,0.3697851002216339,0.4578777253627777,-0.021304208785295486,0.3826983869075775,0.47260475158691406,-0.02729218266904354,0.39003410935401917,0.506690263748169,-0.02742466889321804,0.3297501504421234,0.5292556881904602,-0.010730553418397903,0.3213956952095032,0.46964356303215027,-0.025405697524547577,0.3374141752719879,0.4733772873878479,-0.02751331217586994,0.3519243597984314,0.5019782185554504,-0.02541898936033249
0.3729439675807953,0.7027350664138794,7.275546209939421e-08,0.4219892621040344,0.6642498970031738,-0.014255537651479244,0.4483611583709717,0.6055323481559753,-0.018627287819981575,0.4495314657688141,0.5493331551551819,-0.02467736415565014,0.45638030767440796,0.5055419206619263,-0.03028242662549019,0.4282047152519226,0.5267719030380249,0.007175862323492765,0.43375226855278015,0.4806070923805237,-0.008624907582998276,0.44547444581985474,0.4708019196987152,-0.024035189300775528,0.45564234256744385,0.4788459837436676,-0.03228108212351799,0.396371454000473,0.5164852738380432,0.006211130414158106,0.40065041184425354,0.4594537019729614,-0.008442897349596024,0.412658154964447,0.4652417004108429,-0.02156444825232029,0.421269029378891,0.4888450503349304,-0.027950841933488846,0.36187106370925903,0.51636803150177,0.0012426344910636544,0.3666056990623474,0.462971568107605,-0.015682755038142204,0.37857717275619507,0.47957462072372437,-0.0225992389023304,0.3850773870944977,0.515357494354248,-0.022894375026226044,0.32460373640060425,0.5265730023384094,-0.0052922312170267105,0.31962624192237854,0.46841466426849365,-0.018755758181214333,0.33396244049072266,0.47237157821655273,-0.0208037830889225,0.34574171900749207,0.5002882480621338,-0.018585622310638428
0.36929887533187866,0.705750584602356,1.788451697848359e-07,0.4150990843772888,0.6636311411857605,-0.01607717201113701,0.4412926137447357,0.6090662479400635,-0.019946502521634102,0.4450668692588806,0.5564289689064026,-0.02486712858080864,0.4498482048511505,0.5128455758094788,-0.029224516823887825,0.42043060064315796,0.5349103808403015,0.007541682571172714,0.4289196729660034,0.4939020276069641,-0.005103584844619036,0.4409920871257782,0.4793921113014221,-0.019365733489394188,0.4525057077407837,0.47221946716308594,-0.028567709028720856,0.39072126150131226,0.5235579609870911,0.007033513858914375,0.3951258361339569,0.4722757935523987,-0.002458779839798808,0.40456873178482056,0.45759713649749756,-0.014042466878890991,0.4143378734588623,0.45734161138534546,-0.022382648661732674,0.3574092984199524,0.5236876606941223,0.0019051737617701292,0.3594111502170563,0.47062018513679504,-0.012261283583939075,0.3667338490486145,0.4624866843223572,-0.021621892228722572,0.3734452426433563,0.47607776522636414,-0.02604839764535427,0.3193347752094269,0.5339135527610779,-0.005167620722204447,0.312175452709198,0.4771462082862854,-0.018992777913808823,0.32236725091934204,0.4697275161743164,-0.02388368360698223,0.33337706327438354,0.48650264739990234,-0.025136731564998627
0.37000441551208496,0.682494580745697,4.993460152036278e-07,0.41865918040275574,0.6629776954650879,-0.02572123147547245,0.45092129707336426,0.6120713353157043,-0.034276083111763,0.4534328877925873,0.5659326314926147,-0.043300047516822815,0.45417729020118713,0.5309863090515137,-0.05237778276205063,0.43828481435775757,0.510789155960083,-0.017336176708340645,0.45074692368507385,0.4406440854072571,-0.03661303222179413,0.45491474866867065,0.38773924112319946,-0.050763893872499466,0.4570564031600952,0.34422898292541504,-0.058400943875312805,0.3992186486721039,0.500906765460968,-0.017908236011862755,0.3972671627998352,0.4292081296443939,-0.03967004269361496,0.39716875553131104,0.3742353022098541,-0.055796004831790924,0.3985162079334259,0.3298302888870239,-0.06394381821155548,0.3585401773452759,0.5076281428337097,-0.02168198861181736,0.3631400465965271,0.4639832377433777,-0.05548875406384468,0.37595072388648987,0.5100014805793762,-0.0635136067867279,0.38259074091911316,0.5565458536148071,-0.05803704634308815,0.31727588176727295,0.526023805141449,-0.027149254456162453,0.3110370635986328,0.4694207012653351,-0.052467230707407,0.32313331961631775,0.4841057360172272,-0.05236384645104408,0.3323979377746582,0.515403687953949,-0.04489891231060028
0.36844325065612793,0.6868550181388855,6.636681177951687e-07,0.41531404852867126,0.6720736622810364,-0.03961741179227829,0.45417851209640503,0.6315210461616516,-0.06100127846002579,0.48600292205810547,0.6093067526817322,-0.08088931441307068,0.5236409306526184,0.6144904494285583,-0.10120568424463272,0.44388219714164734,0.5080834627151489,-0.04096284136176109,0.46506476402282715,0.4212053120136261,-0.06911128014326096,0.47632813453674316,0.3595411479473114,-0.08823508769273758,0.4850371181964874,0.30786705017089844,-0.0995865985751152,0.40290921926498413,0.49832671880722046,-0.038570836186409,0.39777374267578125,0.4134690463542938,-0.06863351166248322,0.3918587267398834,0.3513580858707428,-0.0874035507440567,0.38776472210884094,0.29959139227867126,-0.09665793925523758,0.362756609916687,0.5090311169624329,-0.04001041129231453,0.35838326811790466,0.46724289655685425,-0.07891438156366348,0.3669177293777466,0.5140697956085205,-0.08789517730474472,0.37524592876434326,0.556401252746582,-0.08221489191055298,0.32348740100860596,0.531022310256958,-0.044509407132864,0.3104681968688965,0.4810599386692047,-0.07091030478477478,0.3176686763763428,0.4959920346736908,-0.07110960781574249,0.32741671800613403,0.5175875425338745,-0.06402496248483658
0.36600902676582336,0.6985496282577515,7.059883273541345e-07,0.415489137172699,0.6814540028572083,-0.03460351750254631,0.4609406888484955,0.6370484232902527,-0.05495655909180641,0.502617359161377,0.6170506477355957,-0.07616919279098511,0.5454564690589905,0.6228526830673218,-0.09761100262403488,0.4418514370918274,0.5113406181335449,-0.035973794758319855,0.46719303727149963,0.4177555441856384,-0.06679236143827438,0.4819256365299225,0.3566707372665405,-0.08628543466329575,0.493606299161911,0.30329573154449463,-0.09673867374658585,0.4011189937591553,0.49833381175994873,-0.038432952016592026,0.3956102728843689,0.3928961753845215,-0.07399113476276398,0.389268696308136,0.3215041160583496,-0.09451442956924438,0.3840979039669037,0.2599731385707855,-0.10251034051179886,0.3602650463581085,0.5082385540008545,-0.044325023889541626,0.3592350482940674,0.4698687195777893,-0.09085888415575027,0.36968427896499634,0.5331336259841919,-0.0970834270119667,0.3771955668926239,0.5828345417976379,-0.08532723784446716,0.32243993878364563,0.5295408368110657,-0.052600208669900894,0.31463515758514404,0.47626933455467224,-0.08131381124258041,0.3260226845741272,0.5072566270828247,-0.07487644255161285,0.3358123004436493,0.541517972946167,-0.060609154403209686
0.36746999621391296,0.7037230730056763,7.036721285658132e-07,0.4184931218624115,0.6849818229675293,-0.03582049906253815,0.4669826328754425,0.6392919421195984,-0.05717161297798157,0.5103638172149658,0.6178206205368042,-0.07932157069444656,0.5558221340179443,0.6233364939689636,-0.10162045061588287,0.4438854455947876,0.5137085914611816,-0.039349690079689026,0.468919575214386,0.4173746109008789,-0.0705726221203804,0.4840129613876343,0.35605913400650024,-0.08909668773412704,0.49630337953567505,0.30271977186203003,-0.09818685054779053,0.4020621180534363,0.5013628005981445,-0.04194754362106323,0.3980649411678314,0.39445728063583374,-0.07888194918632507,0.39338386058807373,0.32219019532203674,-0.09939920902252197,0.3886531591415405,0.2606585919857025,-0.10704599320888519,0.35938209295272827,0.5104010105133057,-0.04800628498196602,0.36216774582862854,0.4749024510383606,-0.09707579016685486,0.3758649528026581,0.5416842103004456,-0.10443060845136642,0.3845716416835785,0.5945069789886475,-0.0925724059343338,0.3192214369773865,0.5292909741401672,-0.05636458098888397,0.3151995539665222,0.4708392024040222,-0.08604633063077927,0.3288714587688446,0.5012069344520569,-0.07988474518060684,0.3392936587333679,0.5373463034629822,-0.06566352397203445
0.3724231421947479,0.6997463703155518,7.121174121493823e-07,0.4263394773006439,0.6791987419128418,-0.036438118666410446,0.4759472906589508,0.635718822479248,-0.05753983557224274,0.5214785933494568,0.614232063293457,-0.07943595945835114,0.5675028562545776,0.6133596897125244,-0.10115507990121841,0.44714319705963135,0.5067822337150574,-0.036038417369127274,0.46953079104423523,0.4132157266139984,-0.06640017777681351,0.48192501068115234,0.3524901270866394,-0.08451708406209946,0.4935378432273865,0.29905784130096436,-0.09342861920595169,0.4067928194999695,0.4961118996143341,-0.03846893832087517,0.4027674198150635,0.3920084238052368,-0.07590140402317047,0.3995223641395569,0.3207295536994934,-0.09760115295648575,0.3972703218460083,0.2589660882949829,-0.1061333566904068,0.3662327229976654,0.5083556771278381,-0.044563695788383484,0.36720389127731323,0.47379061579704285,-0.0934641882777214,0.3804667592048645,0.5406653881072998,-0.10082309693098068,0.3899385631084442,0.5917928814888,-0.08912260085344315,0.32839682698249817,0.5297805666923523,-0.053189560770988464,0.31976625323295593,0.47091326117515564,-0.08211889117956161,0.33232393860816956,0.4976208508014679,-0.07613672316074371,0.34290599822998047,0.52876216173172,-0.06242990866303444
0.37326353788375854,0.698128879070282,7.156505148486758e-07,0.4250134527683258,0.6814870238304138,-0.03883325308561325,0.47601237893104553,0.6346556544303894,-0.06143666058778763,0.5238297581672668,0.6110536456108093,-0.08457972854375839,0.5715139508247375,0.6107974052429199,-0.10773319005966187,0.44821467995643616,0.5089309811592102,-0.04009062796831131,0.47115427255630493,0.41605064272880554,-0.07336252927780151,0.4816890060901642,0.353534996509552,-0.09308286756277084,0.4911978542804718,0.29796069860458374,-0.10318339616060257,0.4073542654514313,0.4960630238056183,-0.04179515317082405,0.404742032289505,0.395017147064209,-0.08297339081764221,0.400165855884552,0.32464635372161865,-0.10526672005653381,0.39635971188545227,0.2623617947101593,-0.11343710869550705,0.3655732274055481,0.5046752691268921,-0.047306329011917114,0.36590689420700073,0.4719545841217041,-0.10089125484228134,0.37892287969589233,0.5465087294578552,-0.10715880244970322,0.3887805938720703,0.6017123460769653,-0.09362879395484924,0.3260699212551117,0.5227463841438293,-0.05531582608819008,0.3215208649635315,0.4755846858024597,-0.08783355355262756,0.3323522210121155,0.5117813944816589,-0.0815204605460167,0.34141263365745544,0.545525074005127,-0.06682021170854568
0.37334030866622925,0.697983980178833,6.81194080698333e-07,0.427171915769577,0.6774110198020935,-0.033965032547712326,0.4780208468437195,0.6311150789260864,-0.0530850850045681,0.5238344073295593,0.6061378717422485,-0.07337221503257751,0.5692936182022095,0.6030024290084839,-0.09383150190114975,0.4471578598022461,0.5043451189994812,-0.032559849321842194,0.46944308280944824,0.41437676548957825,-0.06146782264113426,0.4813302159309387,0.3540314733982086,-0.07955679297447205,0.4908231198787689,0.30055588483810425,-0.08865843713283539,0.40734246373176575,0.49331793189048767,-0.03592248633503914,0.4063500165939331,0.3924887478351593,-0.07027703523635864,0.4047345817089081,0.3220789134502411,-0.09069223701953888,0.40195488929748535,0.2612278163433075,-0.0985972210764885,0.3665793538093567,0.5052850246429443,-0.04286296293139458,0.369651734828949,0.4708325266838074,-0.0888436958193779,0.3837581276893616,0.5362568497657776,-0.09565035998821259,0.3924154043197632,0.5870424509048462,-0.0843731090426445,0.32714587450027466,0.5277161598205566,-0.052229128777980804,0.32128962874412537,0.4709464907646179,-0.07854505628347397,0.33330821990966797,0.49425676465034485,-0.07187342643737793,0.34286099672317505,0.5231922268867493,-0.058296751230955124
0.37155357003211975,0.702597975730896,6.347669909700926e-07,0.4263005554676056,0.6751677393913269,-0.030945273116230965,0.4722113609313965,0.6220746040344238,-0.046529270708560944,0.5084564685821533,0.5860143303871155,-0.06391051411628723,0.5476770997047424,0.5760515332221985,-0.08118997514247894,0.44801831245422363,0.5042306184768677,-0.02132958546280861,0.46723198890686035,0.41411200165748596,-0.04792168736457825,0.4780013859272003,0.35491180419921875,-0.06554556638002396,0.4862619936466217,0.3036312460899353,-0.07476948201656342,0.4102758765220642,0.49412021040916443,-0.024826059117913246,0.4110557436943054,0.3956536054611206,-0.05644386261701584,0.4100230038166046,0.32654523849487305,-0.07615106552839279,0.40767019987106323,0.2682194113731384,-0.08397874981164932,0.37065526843070984,0.5046514272689819,-0.0324985571205616,0.3692665994167328,0.46160688996315,-0.07614492624998093,0.3806454837322235,0.5217949748039246,-0.08332186937332153,0.38881388306617737,0.5706455707550049,-0.07313740253448486,0.33021080493927,0.5245642066001892,-0.04244101047515869,0.3239830732345581,0.46978557109832764,-0.06873655319213867,0.3339983820915222,0.49719563126564026,-0.06325601786375046,0.342465877532959,0.52936190366745,-0.0507662370800972
0.3771786391735077,0.7184503078460693,7.485418507258146e-08,0.4311334490776062,0.6696293354034424,-0.011015773750841618,0.46417608857154846,0.6058629751205444,-0.016912957653403282,0.4751226305961609,0.5496776700019836,-0.02613847516477108,0.47520098090171814,0.5051721334457397,-0.03557940945029259,0.44350874423980713,0.513908863067627,0.0015427223406732082,0.4525974690914154,0.4436318278312683,-0.01675473339855671,0.47002989053726196,0.4308011531829834,-0.03395935520529747,0.48415815830230713,0.437179833650589,-0.043875522911548615,0.41097506880760193,0.5091301798820496,-0.003965368494391441,0.41840481758117676,0.43949827551841736,-0.021854743361473083,0.4356098175048828,0.44663628935813904,-0.037252310663461685,0.44766026735305786,0.47376498579978943,-0.04580055922269821,0.3745573163032532,0.5137867331504822,-0.012612379156053066,0.38306355476379395,0.4545288681983948,-0.030377622693777084,0.399309903383255,0.47333472967147827,-0.03648104518651962,0.40780943632125854,0.5103456377983093,-0.037410590797662735,0.33530545234680176,0.5275433659553528,-0.022846506908535957,0.33011528849601746,0.46637243032455444,-0.03600316494703293,0.346842497587204,0.4766761064529419,-0.03594478592276573,0.36074399948120117,0.5112972855567932,-0.0329827144742012
0.36945658922195435,0.7170891165733337,7.503813748144239e-08,0.4229552447795868,0.6666790843009949,-0.01595395989716053,0.4507582187652588,0.6129151582717896,-0.023709697648882866,0.4565427899360657,0.5555856823921204,-0.03421737998723984,0.4655393660068512,0.507759690284729,-0.0438564158976078,0.43331804871559143,0.530224084854126,0.009860465303063393,0.4400680363178253,0.4776837229728699,-0.008996857330203056,0.4555950164794922,0.47557389736175537,-0.028486307710409164,0.4678401052951813,0.48809516429901123,-0.040248941630125046,0.4026734232902527,0.5175954103469849,0.007217105478048325,0.408528208732605,0.4543614685535431,-0.012007721699774265,0.4233456552028656,0.46355366706848145,-0.02980581298470497,0.43278589844703674,0.49084147810935974,-0.039722587913274765,0.3679427206516266,0.5128442645072937,-0.0001259016280528158,0.37374353408813477,0.45004594326019287,-0.01969417743384838,0.38855600357055664,0.46559014916419983,-0.02859475463628769,0.3959793448448181,0.5040769577026367,-0.030923256650567055,0.32824885845184326,0.5174655914306641,-0.009551212191581726,0.3291490972042084,0.4604930877685547,-0.024649301543831825,0.3449329733848572,0.4693354070186615,-0.027279846370220184,0.35537415742874146,0.5007460117340088,-0.025993291288614273
0.37034207582473755,0.714587926864624,5.2784258741667145e-08,0.4217417240142822,0.6706839203834534,-0.013751540333032608,0.44854098558425903,0.6144349575042725,-0.020119674503803253,0.4537743628025055,0.556515097618103,-0.028972232714295387,0.4656520485877991,0.5135278701782227,-0.03719516843557358,0.43233275413513184,0.5359939336776733,0.005892309360206127,0.44435399770736694,0.4832233488559723,-0.013415415771305561,0.4533191919326782,0.479897141456604,-0.030824653804302216,0.4586386978626251,0.4977758824825287,-0.039649464190006256,0.40057241916656494,0.522980809211731,0.00325413653627038,0.41109365224838257,0.45558518171310425,-0.014811871573328972,0.42208024859428406,0.4654567241668701,-0.029656050726771355,0.4279156029224396,0.4947640299797058,-0.03653651103377342,0.36602503061294556,0.5213413834571838,-0.003458835417404771,0.37341660261154175,0.4605674743652344,-0.02201623097062111,0.38603758811950684,0.4797224998474121,-0.030037807300686836,0.3922456204891205,0.5193909406661987,-0.03089573048055172,0.3275909721851349,0.5315067172050476,-0.011712688021361828,0.32077932357788086,0.4681851863861084,-0.02514529414474964,0.3385460078716278,0.4718853831291199,-0.027683615684509277,0.35484713315963745,0.5017791986465454,-0.026010306552052498
0.36879193782806396,0.7166268825531006,3.514931634640561e-08,0.41858991980552673,0.6791342496871948,-0.01159550528973341,0.4460105895996094,0.6209703683853149,-0.015958143398165703,0.45204904675483704,0.5642191171646118,-0.022809583693742752,0.46297281980514526,0.5237891674041748,-0.029125958681106567,0.42888665199279785,0.5411747694015503,0.007067334838211536,0.4370776116847992,0.4886791706085205,-0.008816315792500973,0.45288899540901184,0.48669520020484924,-0.02435525879263878,0.4631449580192566,0.5004640221595764,-0.03305548056960106,0.3992598354816437,0.527849555015564,0.00407175300642848,0.404594361782074,0.4650917649269104,-0.010140089318156242,0.42121651768684387,0.47539716958999634,-0.023154141381382942,0.4297920763492584,0.5019925832748413,-0.030134260654449463,0.3656974732875824,0.5252110958099365,-0.0026142955757677555,0.3683905303478241,0.46294161677360535,-0.01749821938574314,0.3853929042816162,0.47522902488708496,-0.02433224394917488,0.3939531445503235,0.5066127181053162,-0.026068223640322685,0.3273330330848694,0.5325738191604614,-0.010779817588627338,0.32028618454933167,0.4731255769729614,-0.022576196119189262,0.3362179398536682,0.4766697287559509,-0.0244933869689703,0.34867364168167114,0.5025079250335693,-0.023193906992673874
0.37119174003601074,0.7116631269454956,8.919395355633242e-08,0.4186348021030426,0.6701151132583618,-0.014291220344603062,0.4429044723510742,0.6159883737564087,-0.021075086668133736,0.4460902214050293,0.5617560148239136,-0.02997789904475212,0.4566793143749237,0.5200569033622742,-0.038214121013879776,0.4304264485836029,0.5370250940322876,0.005433984100818634,0.4377102851867676,0.48697948455810547,-0.012684052810072899,0.45187830924987793,0.4841952323913574,-0.030335361137986183,0.4614681601524353,0.4996825158596039,-0.03983650356531143,0.40014395117759705,0.5247824192047119,0.0030044361483305693,0.4054577946662903,0.460750013589859,-0.013067045249044895,0.4200825095176697,0.4667399525642395,-0.028257524594664574,0.42766857147216797,0.49530571699142456,-0.036206118762493134,0.36650753021240234,0.5237030982971191,-0.0034506465308368206,0.3676564693450928,0.45998817682266235,-0.01920369453728199,0.38222944736480713,0.4688776135444641,-0.02835429273545742,0.3895527422428131,0.5026262998580933,-0.03127658739686012,0.32877758145332336,0.5337046980857849,-0.011608099564909935,0.31833571195602417,0.4717726707458496,-0.024010682478547096,0.3333888649940491,0.4714084267616272,-0.027568332850933075,0.3465737998485565,0.4981752932071686,-0.027225369587540627
0.37204378843307495,0.7096493244171143,9.206595308342003e-08,0.4257250130176544,0.6705546379089355,-0.013250431045889854,0.45374882221221924,0.6124180555343628,-0.01721053011715412,0.45814937353134155,0.5574818253517151,-0.022986294701695442,0.46482720971107483,0.5162306427955627,-0.028456494212150574,0.4352800250053406,0.5370331406593323,0.003988106269389391,0.44126150012016296,0.4863021671772003,-0.010828749276697636,0.4531524181365967,0.47882241010665894,-0.02496396377682686,0.46249398589134216,0.48535266518592834,-0.03306667134165764,0.4019254744052887,0.5259532332420349,0.001881474512629211,0.40506917238235474,0.4629836082458496,-0.011239773593842983,0.4153599143028259,0.46385446190834045,-0.02259792387485504,0.42294198274612427,0.4809352457523346,-0.02854582853615284,0.36530742049217224,0.5263235569000244,-0.0039047927130013704,0.36617517471313477,0.4653601050376892,-0.018902955576777458,0.37797635793685913,0.47068971395492554,-0.024531695991754532,0.3860475420951843,0.49567002058029175,-0.02524474635720253,0.32477203011512756,0.5372805595397949,-0.011191639117896557,0.31592822074890137,0.47732609510421753,-0.023551054298877716,0.32969915866851807,0.47711336612701416,-0.0245871152728796,0.3427247405052185,0.500171422958374,-0.022349290549755096
0.3667873740196228,0.6920549869537354,7.318797088373685e-07,0.4245753884315491,0.6841084957122803,-0.03763260319828987,0.476127952337265,0.651276707649231,-0.05790869519114494,0.5186789631843567,0.6371210217475891,-0.0777127668261528,0.557671070098877,0.6280020475387573,-0.09801259636878967,0.44360411167144775,0.5235652327537537,-0.0359533466398716,0.460150808095932,0.44363000988960266,-0.06377823650836945,0.46891355514526367,0.3847533166408539,-0.08290024846792221,0.4756515622138977,0.3358672261238098,-0.09304382652044296,0.4026505649089813,0.5099015235900879,-0.03480340912938118,0.4038512110710144,0.4274609088897705,-0.06439258903265,0.4036346971988678,0.3648560643196106,-0.08294036239385605,0.40416863560676575,0.3130464255809784,-0.09137304872274399,0.36092981696128845,0.5159639716148376,-0.037775762379169464,0.36247414350509644,0.4803757667541504,-0.07725027948617935,0.3710479140281677,0.5334670543670654,-0.08617903292179108,0.37825024127960205,0.5811028480529785,-0.07936275005340576,0.3204326331615448,0.534422755241394,-0.043645936995744705,0.30793359875679016,0.48277854919433594,-0.06880495697259903,0.31845811009407043,0.4977099895477295,-0.06723260879516602,0.33083635568618774,0.5239067077636719,-0.05843716487288475
0.3706972897052765,0.7019060254096985,7.295529371731391e-07,0.42998993396759033,0.6869446039199829,-0.04101322218775749,0.48816558718681335,0.649404764175415,-0.06494933366775513,0.5422137379646301,0.6393356323242188,-0.08871336281299591,0.5923824906349182,0.6402917504310608,-0.11252418160438538,0.4411105215549469,0.5092010498046875,-0.043521150946617126,0.45936518907546997,0.415314257144928,-0.07527998089790344,0.46968016028404236,0.35507383942604065,-0.0945025160908699,0.4789990484714508,0.3014070391654968,-0.1045907512307167,0.39787864685058594,0.497130811214447,-0.04490068927407265,0.3939891457557678,0.39438867568969727,-0.08114393055438995,0.3903728425502777,0.32618504762649536,-0.10176560282707214,0.3854186236858368,0.26605212688446045,-0.110451340675354,0.3558952212333679,0.5118191838264465,-0.05035387724637985,0.353458046913147,0.4770996570587158,-0.09714026004076004,0.3680367171764374,0.5435793995857239,-0.10438010096549988,0.3792654871940613,0.5925453305244446,-0.0942373052239418,0.31863653659820557,0.538774311542511,-0.059007465839385986,0.3056429326534271,0.48392221331596375,-0.0865534245967865,0.31700897216796875,0.5042965412139893,-0.08179954439401627,0.32840514183044434,0.5273215770721436,-0.07031179219484329
0.3646939992904663,0.7158594131469727,7.290074108823319e-07,0.42815935611724854,0.69395911693573,-0.03902846947312355,0.491781085729599,0.6545090675354004,-0.06106280907988548,0.5479177832603455,0.644433319568634,-0.08399288356304169,0.597927451133728,0.6486943364143372,-0.1068909764289856,0.4414686858654022,0.5104939341545105,-0.03337790071964264,0.4603620171546936,0.4161248505115509,-0.06176446005702019,0.4676153361797333,0.35564011335372925,-0.08009813725948334,0.473979651927948,0.30151188373565674,-0.08961459249258041,0.39908677339553833,0.4986332654953003,-0.0352381132543087,0.3961125314235687,0.39384689927101135,-0.0699516087770462,0.3921358585357666,0.3236182928085327,-0.09271489083766937,0.3873354196548462,0.26447948813438416,-0.10287187248468399,0.3568718135356903,0.5108723640441895,-0.04106926918029785,0.3561539053916931,0.4730711281299591,-0.0876246765255928,0.3709021210670471,0.5394362211227417,-0.09751881659030914,0.3808731138706207,0.5910881757736206,-0.08858587592840195,0.3161433935165405,0.5328121781349182,-0.05001521855592728,0.3043857514858246,0.47536349296569824,-0.07760107517242432,0.31613290309906006,0.4973984658718109,-0.07354135811328888,0.3270817697048187,0.5242049098014832,-0.06195497885346413
0.3628712594509125,0.7173928618431091,7.233326755340386e-07,0.4249812662601471,0.6944835782051086,-0.04028614982962608,0.488702654838562,0.6536930799484253,-0.06363926082849503,0.546417772769928,0.6435593366622925,-0.08761284500360489,0.5984674692153931,0.6486149430274963,-0.11140210926532745,0.4380332827568054,0.5102352499961853,-0.03548312559723854,0.4571062922477722,0.41486185789108276,-0.06533288210630417,0.4645259380340576,0.35420963168144226,-0.08384932577610016,0.47187045216560364,0.29949504137039185,-0.09382221847772598,0.3954893946647644,0.4976564943790436,-0.03742685168981552,0.3933160603046417,0.3914254307746887,-0.0744527280330658,0.3909139633178711,0.3221513032913208,-0.09725606441497803,0.3882400095462799,0.26198288798332214,-0.10741330683231354,0.35316890478134155,0.509021520614624,-0.043557874858379364,0.3564990758895874,0.47026100754737854,-0.09280942380428314,0.37289392948150635,0.5418084859848022,-0.10138560086488724,0.384540855884552,0.5940927863121033,-0.09133215993642807,0.3127453327178955,0.5307613015174866,-0.05280021205544472,0.30356666445732117,0.47831225395202637,-0.0814923569560051,0.314381867647171,0.5023556351661682,-0.07691672444343567,0.32327359914779663,0.5262225866317749,-0.06527695804834366
0.36327674984931946,0.7200897336006165,7.063910629767634e-07,0.4259817600250244,0.6967419385910034,-0.03845665603876114,0.48999446630477905,0.6533077359199524,-0.06131799519062042,0.5487105250358582,0.6438964605331421,-0.08541073650121689,0.6018092632293701,0.6512104868888855,-0.10958360880613327,0.4406212568283081,0.5127242207527161,-0.0352746844291687,0.46081113815307617,0.41946274042129517,-0.06636860221624374,0.46858954429626465,0.35902515053749084,-0.08594534546136856,0.47646474838256836,0.3043137788772583,-0.0965634360909462,0.3976607918739319,0.5006952881813049,-0.03855548053979874,0.3954387605190277,0.39575597643852234,-0.0779067799448967,0.39244237542152405,0.3262070417404175,-0.10227670520544052,0.3898061513900757,0.2650732696056366,-0.11307152360677719,0.3553972840309143,0.5140827894210815,-0.04563870653510094,0.35685381293296814,0.47473520040512085,-0.09643088281154633,0.3707747161388397,0.5479112863540649,-0.10497014969587326,0.38124245405197144,0.6013694405555725,-0.09443848580121994,0.3158372938632965,0.5386069416999817,-0.0556863397359848,0.30529794096946716,0.4847906231880188,-0.08533207327127457,0.3145848512649536,0.5041263699531555,-0.08092238754034042,0.32318782806396484,0.5222291946411133,-0.06916586309671402
0.36127978563308716,0.7155104875564575,6.938481078577752e-07,0.424914687871933,0.6901899576187134,-0.035179417580366135,0.48885995149612427,0.6435952186584473,-0.0559992678463459,0.5424741506576538,0.6297177076339722,-0.07841847836971283,0.5904615521430969,0.6395394206047058,-0.10112256556749344,0.43991002440452576,0.5107885003089905,-0.032933007925748825,0.45990338921546936,0.4158005714416504,-0.06324483454227448,0.46905696392059326,0.3551475405693054,-0.08246191591024399,0.47823581099510193,0.30143582820892334,-0.09269174188375473,0.39702534675598145,0.4969572126865387,-0.036560192704200745,0.3956926167011261,0.39513641595840454,-0.07215259224176407,0.393463671207428,0.3261624574661255,-0.09417370706796646,0.39082071185112,0.2672083377838135,-0.10386557877063751,0.35475051403045654,0.505893886089325,-0.04382164403796196,0.35899460315704346,0.4730709493160248,-0.08970027416944504,0.37312814593315125,0.5406699180603027,-0.09747309982776642,0.3831096589565277,0.5933691263198853,-0.0877501592040062,0.31477847695350647,0.5268685817718506,-0.05402647703886032,0.30943262577056885,0.48483771085739136,-0.08062349259853363,0.3207986354827881,0.5115572810173035,-0.07548025995492935,0.3304484188556671,0.5409162044525146,-0.06346967071294785
0.3667256236076355,0.7223300337791443,1.0570983022262226e-07,0.4244070053100586,0.6715353727340698,-0.01710502803325653,0.46593695878982544,0.6110418438911438,-0.02770008146762848,0.47675561904907227,0.5614436268806458,-0.04133518785238266,0.4716314971446991,0.5204380750656128,-0.05546192824840546,0.4434780180454254,0.5103663206100464,-0.007305203936994076,0.4592917561531067,0.4240611493587494,-0.025608543306589127,0.46732550859451294,0.3762165904045105,-0.040260717272758484,0.4717540144920349,0.33922165632247925,-0.04973583668470383,0.4059242010116577,0.5056319236755371,-0.012159544974565506,0.41555559635162354,0.44278404116630554,-0.04090955853462219,0.42514175176620483,0.4757400155067444,-0.056656889617443085,0.42925330996513367,0.5157471895217896,-0.061605874449014664,0.3671867847442627,0.5099347233772278,-0.019831864163279533,0.3785327672958374,0.4507909119129181,-0.0466216579079628,0.3911084234714508,0.48483574390411377,-0.05016744136810303,0.39393842220306396,0.5296481847763062,-0.04604937508702278,0.32586759328842163,0.523076593875885,-0.02935626544058323,0.31902876496315,0.4570131301879883,-0.04786254093050957,0.33700549602508545,0.47280824184417725,-0.0466604083776474,0.3512769341468811,0.5111331343650818,-0.040917519479990005
0.3575640022754669,0.7324852347373962,3.2053961263045494e-08,0.4126020669937134,0.6767075657844543,-0.01358957402408123,0.43825098872184753,0.6190623641014099,-0.021253524348139763,0.4441234767436981,0.5584802627563477,-0.03268684446811676,0.45585504174232483,0.5107910633087158,-0.04319016635417938,0.4248407483100891,0.5373623371124268,0.013542694970965385,0.43462520837783813,0.4807127118110657,-0.00583368306979537,0.45213744044303894,0.47932112216949463,-0.02599257603287697,0.4626121520996094,0.494308203458786,-0.03786174952983856,0.39645829796791077,0.5234086513519287,0.009125648066401482,0.4052184820175171,0.453789621591568,-0.010503324680030346,0.42280423641204834,0.46458813548088074,-0.029010601341724396,0.4310978353023529,0.4965227544307709,-0.039136167615652084,0.3623047173023224,0.517254114151001,-0.00014564325101673603,0.36948996782302856,0.4491449296474457,-0.01978372223675251,0.38719695806503296,0.46447136998176575,-0.030104970559477806,0.3948237895965576,0.5036766529083252,-0.033377278596162796,0.32128939032554626,0.5195813179016113,-0.011278197169303894,0.3211711347103119,0.45885834097862244,-0.025182845070958138,0.33659815788269043,0.46782582998275757,-0.027885211631655693,0.3459841012954712,0.4997730851173401,-0.027016041800379753
0.3631138205528259,0.7231509685516357,7.112596733804821e-08,0.4170215129852295,0.6743085980415344,-0.015518825501203537,0.44467806816101074,0.6179832220077515,-0.023042460903525352,0.4491187036037445,0.5594437122344971,-0.03306709602475166,0.4581007957458496,0.5137091279029846,-0.04242387041449547,0.42855843901634216,0.5377504229545593,0.005826584063470364,0.4366970956325531,0.48501113057136536,-0.013133624568581581,0.45174288749694824,0.48210251331329346,-0.03172694519162178,0.4627394676208496,0.49461376667022705,-0.042449045926332474,0.3988521099090576,0.5259076952934265,0.002995255868881941,0.4050849676132202,0.4608851671218872,-0.01605386659502983,0.42104846239089966,0.4694922864437103,-0.03314990922808647,0.43025243282318115,0.4968315362930298,-0.04250716045498848,0.364706426858902,0.5238576531410217,-0.004227312747389078,0.36715981364250183,0.4575364291667938,-0.023640409111976624,0.38641461730003357,0.4688224196434021,-0.034880075603723526,0.3982795476913452,0.5046618580818176,-0.03890146687626839,0.32429981231689453,0.5324069857597351,-0.013284144923090935,0.3152098059654236,0.4654768705368042,-0.028725381940603256,0.33261510729789734,0.46837761998176575,-0.034099362790584564,0.34850993752479553,0.4987447261810303,-0.03499036282300949
0.359314501285553,0.7161886096000671,1.8612611896173803e-08,0.4088948667049408,0.675896406173706,-0.014178374782204628,0.43755456805229187,0.6165983080863953,-0.02134123258292675,0.44679948687553406,0.5582482814788818,-0.030549054965376854,0.4602617621421814,0.5160556435585022,-0.03890090808272362,0.42813819646835327,0.5377915501594543,0.0022052458953112364,0.4378988444805145,0.4860686659812927,-0.01591421104967594,0.45182880759239197,0.4871136546134949,-0.03206248581409454,0.4602142572402954,0.5036998391151428,-0.04084199666976929,0.3964593708515167,0.524296760559082,-0.00023762528144288808,0.4039497673511505,0.4634042978286743,-0.016902383416891098,0.41712868213653564,0.48237577080726624,-0.029299143701791763,0.4219985604286194,0.5132481455802917,-0.035228829830884933,0.360684871673584,0.5214528441429138,-0.006430977489799261,0.3662157952785492,0.46293020248413086,-0.02415575459599495,0.3811003267765045,0.48718875646591187,-0.028915509581565857,0.38542935252189636,0.5259480476379395,-0.02826925553381443,0.32066473364830017,0.5288052558898926,-0.014160976745188236,0.3175131380558014,0.46489161252975464,-0.02798122726380825,0.33459603786468506,0.47711509466171265,-0.02810538560152054,0.34528642892837524,0.5113363265991211,-0.024718303233385086
0.3650982975959778,0.7154836058616638,1.3237878704330797e-07,0.41675204038619995,0.6696280241012573,-0.010420363396406174,0.4414365589618683,0.6099106669425964,-0.014747370034456253,0.4450467824935913,0.5540463328361511,-0.022100456058979034,0.4592127203941345,0.5162732005119324,-0.029452409595251083,0.4208146035671234,0.540777325630188,0.009206379763782024,0.4295215308666229,0.4933270215988159,-0.007586469408124685,0.4489177167415619,0.4887360632419586,-0.0242100041359663,0.4643220007419586,0.4976421594619751,-0.033585622906684875,0.3918440639972687,0.5289039611816406,0.005326889455318451,0.3995782732963562,0.46748146414756775,-0.010162513703107834,0.4166038930416107,0.4739442467689514,-0.0241202712059021,0.4265873432159424,0.498368501663208,-0.03135063499212265,0.35855749249458313,0.5263938307762146,-0.002368603367358446,0.3643302023410797,0.46408534049987793,-0.0186994019895792,0.38169464468955994,0.4753115475177765,-0.02633870765566826,0.39057764410972595,0.5088691711425781,-0.02790733426809311,0.319877028465271,0.5343034267425537,-0.011472981423139572,0.3136591613292694,0.47103434801101685,-0.024090034887194633,0.33209508657455444,0.47256994247436523,-0.026666797697544098,0.3478015661239624,0.5007240772247314,-0.02554132416844368
0.3622632622718811,0.7108893394470215,1.1893144602481698e-07,0.41303107142448425,0.6678758859634399,-0.012764633633196354,0.43682488799095154,0.610016405582428,-0.017757322639226913,0.4449009895324707,0.5556676983833313,-0.025319963693618774,0.46465370059013367,0.5162801146507263,-0.03278772160410881,0.41765663027763367,0.5432219505310059,0.008906608447432518,0.4270409941673279,0.49782702326774597,-0.007787409238517284,0.4443383812904358,0.48823729157447815,-0.024680551141500473,0.45799198746681213,0.49387916922569275,-0.03461531177163124,0.3897556960582733,0.5312260985374451,0.0061159622855484486,0.3981371223926544,0.47242599725723267,-0.011072181165218353,0.4150346517562866,0.4740075469017029,-0.02685794048011303,0.42645034193992615,0.4959471523761749,-0.03559776768088341,0.35733866691589355,0.5277354121208191,-0.0007988974102772772,0.364052951335907,0.4667363166809082,-0.01932341791689396,0.381288081407547,0.47402888536453247,-0.030231306329369545,0.3914726972579956,0.5071229934692383,-0.03411027416586876,0.31987252831459045,0.5333930253982544,-0.009227478876709938,0.31351324915885925,0.4718395471572876,-0.02441234514117241,0.33083927631378174,0.4719250798225403,-0.03012075461447239,0.346465528011322,0.5000023245811462,-0.03146236389875412
0.3662073314189911,0.7038852572441101,1.2643928570810203e-08,0.4131803810596466,0.6705313920974731,-0.01033795066177845,0.44577011466026306,0.6063870787620544,-0.01349011342972517,0.4610615074634552,0.5529484152793884,-0.01934986561536789,0.47970646619796753,0.5211934447288513,-0.025036364793777466,0.43548181653022766,0.5313828587532043,0.0037809875793755054,0.44213029742240906,0.4899985194206238,-0.011985339224338531,0.45666319131851196,0.49408283829689026,-0.026462379842996597,0.46830612421035767,0.5042684674263,-0.03505496680736542,0.4025229215621948,0.5185573101043701,-0.0003512554394546896,0.41161754727363586,0.4653617739677429,-0.015780730172991753,0.4234798550605774,0.4833698272705078,-0.026790156960487366,0.42899075150489807,0.5046645402908325,-0.031892068684101105,0.365556001663208,0.5174654722213745,-0.007524412591010332,0.37234804034233093,0.4600300192832947,-0.024712800979614258,0.38499054312705994,0.48444411158561707,-0.027756527066230774,0.38833630084991455,0.5160025358200073,-0.026063593104481697,0.3235435485839844,0.5278239846229553,-0.015896718949079514,0.3193579912185669,0.46886497735977173,-0.02941887453198433,0.334237277507782,0.47962555289268494,-0.028063230216503143,0.3434021472930908,0.5071192383766174,-0.02375888265669346
0.370501846075058,0.6896012425422668,4.895553047390422e-07,0.4192245900630951,0.663701593875885,-0.026396889239549637,0.4635045528411865,0.6068567633628845,-0.0380839966237545,0.4968743622303009,0.5675063729286194,-0.05041481554508209,0.5332657098770142,0.5525606274604797,-0.06367446482181549,0.4380953311920166,0.5118478536605835,-0.019640402868390083,0.4479818642139435,0.44430577754974365,-0.038683101534843445,0.45056092739105225,0.3947112262248993,-0.052352648228406906,0.452942818403244,0.3547656536102295,-0.05990763008594513,0.40264075994491577,0.5020573139190674,-0.02140268310904503,0.40806955099105835,0.42848315834999084,-0.04204552620649338,0.41396966576576233,0.37592971324920654,-0.05695302039384842,0.42064258456230164,0.3323696255683899,-0.06487344950437546,0.36360013484954834,0.5084258317947388,-0.0265421811491251,0.37401703000068665,0.4618663191795349,-0.05826815590262413,0.39008215069770813,0.5044699907302856,-0.06743326038122177,0.4000778794288635,0.5505470633506775,-0.0640827864408493,0.3222227096557617,0.5248352885246277,-0.03357488662004471,0.31639182567596436,0.46046754717826843,-0.05538899078965187,0.33280879259109497,0.46988236904144287,-0.05557401105761528,0.34725672006607056,0.501172661781311,-0.049975086003541946
0.35353779792785645,0.6910946369171143,7.071394634294847e-07,0.4109438955783844,0.6778069138526917,-0.031256746500730515,0.46515583992004395,0.63004070520401,-0.04751850292086601,0.5146181583404541,0.6012564301490784,-0.06431394070386887,0.5596296787261963,0.5986149907112122,-0.08173228800296783,0.43581634759902954,0.5136690139770508,-0.028186293318867683,0.44848138093948364,0.4228801131248474,-0.051488686352968216,0.45153841376304626,0.36015504598617554,-0.06670238822698593,0.4540700912475586,0.3084678649902344,-0.07471013814210892,0.39766207337379456,0.4992111921310425,-0.030347291380167007,0.4039463996887207,0.3996593654155731,-0.056924570351839066,0.40888673067092896,0.3271113634109497,-0.07481138408184052,0.41433921456336975,0.27013418078422546,-0.08307214081287384,0.35713401436805725,0.5038412809371948,-0.03578375279903412,0.36272484064102173,0.4474709630012512,-0.07314763218164444,0.3709978759288788,0.4900926649570465,-0.083236925303936,0.3754569888114929,0.5368180871009827,-0.07737145572900772,0.31508010625839233,0.5213962197303772,-0.04338027536869049,0.308960884809494,0.45322221517562866,-0.06725838035345078,0.3233424425125122,0.4642161726951599,-0.06556160002946854,0.3371643126010895,0.4954574406147003,-0.05676114559173584
0.3490869998931885,0.7072147130966187,6.017334044372546e-07,0.4073926508426666,0.6852595210075378,-0.03377373144030571,0.46117937564849854,0.636208713054657,-0.05066642910242081,0.5097719430923462,0.6091068387031555,-0.06868751347064972,0.5570726990699768,0.6064758896827698,-0.0870191752910614,0.4320276379585266,0.51079261302948,-0.024599498137831688,0.4478343725204468,0.42085275053977966,-0.049607861787080765,0.45128458738327026,0.3600091338157654,-0.0667138621211052,0.45340442657470703,0.3078467845916748,-0.0767793133854866,0.3937908411026001,0.49829375743865967,-0.027886519208550453,0.398174524307251,0.3968292474746704,-0.057881638407707214,0.3997371196746826,0.3238046169281006,-0.07905302196741104,0.4000924229621887,0.2631455659866333,-0.08959054201841354,0.353467732667923,0.5069336891174316,-0.03545080125331879,0.35239729285240173,0.44669032096862793,-0.07682368159294128,0.3630927503108978,0.4954591393470764,-0.08774515986442566,0.3705748915672302,0.5436778664588928,-0.08213899284601212,0.3116530776023865,0.5258741974830627,-0.045802388340234756,0.30588415265083313,0.4600028991699219,-0.07249811291694641,0.31738317012786865,0.46895354986190796,-0.07265052944421768,0.32826074957847595,0.49183088541030884,-0.06549445539712906
0.3455613851547241,0.7073197960853577,6.129653229436371e-07,0.4040789008140564,0.6832910776138306,-0.03113557957112789,0.4587988257408142,0.6320613622665405,-0.04610242694616318,0.5080808997154236,0.6057009100914001,-0.06290361285209656,0.555337131023407,0.6059485673904419,-0.07947088778018951,0.4284478425979614,0.5085340142250061,-0.018155308440327644,0.4454324543476105,0.4170816242694855,-0.042272575199604034,0.45003342628479004,0.3565504550933838,-0.057897668331861496,0.4537948668003082,0.30401402711868286,-0.06664015352725983,0.3899058401584625,0.4948602020740509,-0.022175325080752373,0.3921980857849121,0.3925665020942688,-0.05299757421016693,0.3908493220806122,0.3202149271965027,-0.07291314005851746,0.3896547555923462,0.25746771693229675,-0.081306591629982,0.3494340479373932,0.5018536448478699,-0.03045818954706192,0.3499952554702759,0.45243149995803833,-0.07449932396411896,0.363226056098938,0.5137457847595215,-0.08210240304470062,0.3724088668823242,0.5625748038291931,-0.07225032150745392,0.30810847878456116,0.5193871259689331,-0.04114753007888794,0.3048762381076813,0.4603567123413086,-0.06848613172769547,0.31997108459472656,0.4893887937068939,-0.06392042338848114,0.33188098669052124,0.5227348804473877,-0.052068162709474564
0.3465745151042938,0.7069272994995117,6.058077133275219e-07,0.40381166338920593,0.685743510723114,-0.031502075493335724,0.4585299491882324,0.6369326710700989,-0.04736408218741417,0.5050790309906006,0.6094635725021362,-0.06469149887561798,0.5510024428367615,0.6058802008628845,-0.08205016702413559,0.4268113374710083,0.508581280708313,-0.023440824821591377,0.44567883014678955,0.4161258339881897,-0.04694730415940285,0.4520130753517151,0.3562304377555847,-0.0621020682156086,0.45605140924453735,0.30397599935531616,-0.07028726488351822,0.38837793469429016,0.49620524048805237,-0.027379702776670456,0.3909817934036255,0.39093017578125,-0.05573588237166405,0.39108121395111084,0.31983211636543274,-0.07441182434558868,0.3893035650253296,0.25954246520996094,-0.08272745460271835,0.34761399030685425,0.5045655965805054,-0.035214826464653015,0.3474583029747009,0.4543725252151489,-0.07529903203248978,0.3599979281425476,0.5108696222305298,-0.08289715647697449,0.3677949011325836,0.558683454990387,-0.07465814799070358,0.3056033253669739,0.5225350856781006,-0.04565367475152016,0.2982598543167114,0.4567498564720154,-0.06935513764619827,0.3124517798423767,0.4718753397464752,-0.06498824805021286,0.3253321349620819,0.49714195728302,-0.05460776016116142
0.34364748001098633,0.7107095718383789,6.235511591512477e-07,0.3962674140930176,0.6846539378166199,-0.032312605530023575,0.44446665048599243,0.6329384446144104,-0.04967975616455078,0.4875320792198181,0.5996529459953308,-0.06830968707799911,0.5329450368881226,0.5925368070602417,-0.08703074604272842,0.4217427670955658,0.5127449035644531,-0.02731809765100479,0.447115421295166,0.4223366975784302,-0.05324433743953705,0.4594264030456543,0.36272501945495605,-0.06968855857849121,0.4684438109397888,0.31116777658462524,-0.07808893918991089,0.38336530327796936,0.49910229444503784,-0.03093084692955017,0.38610514998435974,0.3934279978275299,-0.06153799220919609,0.3870844841003418,0.3225896656513214,-0.08082564175128937,0.3853064179420471,0.2635399103164673,-0.08902851492166519,0.34227296710014343,0.5063830018043518,-0.03834318369626999,0.3453875780105591,0.4566807150840759,-0.0808890238404274,0.36038464307785034,0.5165746808052063,-0.08894360810518265,0.3688305914402008,0.568294882774353,-0.08022143691778183,0.3006501793861389,0.5233955383300781,-0.0481099858880043,0.29570603370666504,0.45826637744903564,-0.0727023035287857,0.30950793623924255,0.4732580780982971,-0.0679110437631607,0.32039251923561096,0.4990841746330261,-0.05683305859565735
0.3458595871925354,0.7151433229446411,5.651811534335138e-07,0.39955294132232666,0.684666097164154,-0.03168817237019539,0.439867228269577,0.6271072030067444,-0.04534370079636574,0.4554010033607483,0.5706942081451416,-0.05945497006177902,0.455191433429718,0.5241162180900574,-0.07233090698719025,0.41969403624534607,0.5146018862724304,-0.02444390393793583,0.44460898637771606,0.4235405921936035,-0.04960832744836807,0.4590902030467987,0.3679453134536743,-0.06637490540742874,0.4692156910896301,0.31800705194473267,-0.07510901242494583,0.3801449239253998,0.5006222724914551,-0.0270035769790411,0.3834596276283264,0.39311474561691284,-0.05543259158730507,0.38456079363822937,0.3225421905517578,-0.07423747330904007,0.38273608684539795,0.2663872241973877,-0.0830407440662384,0.3390994071960449,0.5083951354026794,-0.033506445586681366,0.35073450207710266,0.4555070400238037,-0.07334518432617188,0.3671965003013611,0.5065898895263672,-0.08039878308773041,0.3734206259250641,0.555047869682312,-0.07214079797267914,0.29848355054855347,0.5269363522529602,-0.042304519563913345,0.29999154806137085,0.4649304151535034,-0.06834640353918076,0.31674692034721375,0.4884408116340637,-0.06437383592128754,0.32676810026168823,0.526151716709137,-0.05344739928841591
0.3429594039916992,0.7403061389923096,-9.61641930530277e-08,0.39751937985420227,0.6850760579109192,-0.010794177651405334,0.42761602997779846,0.623451292514801,-0.01631454937160015,0.4349639117717743,0.5618768334388733,-0.02587801404297352,0.4388643801212311,0.5124194622039795,-0.034810781478881836,0.4179210364818573,0.5345777273178101,0.00865783542394638,0.4272250235080719,0.47027158737182617,-0.007745387498289347,0.44089454412460327,0.47594305872917175,-0.024631323292851448,0.45005297660827637,0.4941723942756653,-0.03531486913561821,0.3855403959751129,0.5228561758995056,0.002606562338769436,0.39353471994400024,0.4496644139289856,-0.014267618767917156,0.406430721282959,0.46634191274642944,-0.029972825199365616,0.41286033391952515,0.5000731348991394,-0.03897736966609955,0.3483946919441223,0.5215377807617188,-0.007195403799414635,0.35221177339553833,0.4497770667076111,-0.023709841072559357,0.36676883697509766,0.4700547456741333,-0.031032057479023933,0.3739122748374939,0.5100833177566528,-0.03358329460024834,0.30549177527427673,0.5310769081115723,-0.018643245100975037,0.30246859788894653,0.46490803360939026,-0.03108758106827736,0.3172423839569092,0.47728660702705383,-0.03165698051452637,0.3278118073940277,0.5134934186935425,-0.029742900282144547
0.33075568079948425,0.7355579733848572,8.766972570128928e-08,0.3848840296268463,0.6919490098953247,-0.01741020195186138,0.41561275720596313,0.6373959183692932,-0.025683993473649025,0.42270219326019287,0.5762429237365723,-0.0361911803483963,0.43072208762168884,0.5244560837745667,-0.045945413410663605,0.40025174617767334,0.5437777638435364,0.005844609346240759,0.411899209022522,0.4850776493549347,-0.012922338210046291,0.42883187532424927,0.48397091031074524,-0.03194355219602585,0.44049298763275146,0.49905699491500854,-0.043080996721982956,0.3691236972808838,0.5316873788833618,0.0039200191386044025,0.37832188606262207,0.4618969261646271,-0.01416906900703907,0.3945658504962921,0.47212815284729004,-0.03190788999199867,0.402371883392334,0.5020198822021484,-0.0421367809176445,0.33398112654685974,0.5283970236778259,-0.0024593709968030453,0.3411960005760193,0.4616628885269165,-0.02134181372821331,0.35707369446754456,0.47667405009269714,-0.031233809888362885,0.362596720457077,0.5151846408843994,-0.03462142124772072,0.29336947202682495,0.5345029234886169,-0.010814537294209003,0.2945491075515747,0.4711036682128906,-0.026042863726615906,0.31081223487854004,0.4808390736579895,-0.02922861836850643,0.32002463936805725,0.5147410035133362,-0.02838624082505703
0.33438849449157715,0.7256435751914978,1.037072010490192e-07,0.3876107335090637,0.6806037425994873,-0.01501347217708826,0.41781923174858093,0.6248849034309387,-0.022763995453715324,0.42365631461143494,0.568734884262085,-0.03301586955785751,0.43020421266555786,0.5217605233192444,-0.042608991265296936,0.40113410353660583,0.5449644327163696,0.0028049403335899115,0.4128826856613159,0.48729902505874634,-0.017744969576597214,0.4287782311439514,0.485537052154541,-0.03653668612241745,0.4380456209182739,0.5015594959259033,-0.04658551886677742,0.37015634775161743,0.5323925018310547,-0.0006030668155290186,0.38054877519607544,0.4642057716846466,-0.01886664144694805,0.39677825570106506,0.47166815400123596,-0.03462626039981842,0.4042833745479584,0.49898719787597656,-0.04321940988302231,0.33479225635528564,0.5293962359428406,-0.008305900730192661,0.34237074851989746,0.4617784023284912,-0.026358719915151596,0.35944169759750366,0.47161543369293213,-0.03491808846592903,0.367570161819458,0.5044662952423096,-0.037629008293151855,0.2938452363014221,0.5368658304214478,-0.017841815948486328,0.2877984941005707,0.47122934460639954,-0.0319293849170208,0.3058425188064575,0.4744609296321869,-0.03485521301627159,0.320797324180603,0.5034686326980591,-0.03412044793367386
0.33051440119743347,0.727716326713562,1.3898643658194487e-07,0.3801143765449524,0.6892704963684082,-0.015182217583060265,0.41018182039260864,0.6322008371353149,-0.020980987697839737,0.4160105586051941,0.5743073225021362,-0.028703579679131508,0.4225826859474182,0.5263646841049194,-0.035740796476602554,0.3944302201271057,0.5483527183532715,0.005910640582442284,0.40511569380760193,0.4994422495365143,-0.011016368865966797,0.41967982053756714,0.4882374107837677,-0.027439801022410393,0.4305941164493561,0.4940294623374939,-0.03654400259256363,0.3635503053665161,0.5341290235519409,0.0038165904115885496,0.3724571764469147,0.473295658826828,-0.011485631577670574,0.38786983489990234,0.47089940309524536,-0.02552902325987816,0.39822691679000854,0.49037811160087585,-0.03339502587914467,0.3283223509788513,0.5313854217529297,-0.0026094538625329733,0.33387333154678345,0.4687637686729431,-0.020498648285865784,0.34865903854370117,0.4779455065727234,-0.029405837878584862,0.35682985186576843,0.513212263584137,-0.031781237572431564,0.28826409578323364,0.5400325655937195,-0.010797200724482536,0.28407156467437744,0.47591397166252136,-0.02684679441154003,0.3010634481906891,0.4760626554489136,-0.03155031055212021,0.3157047927379608,0.5046125054359436,-0.031442396342754364
0.3360837399959564,0.7221177816390991,1.4166928963277314e-07,0.3862086832523346,0.6805185079574585,-0.014653533697128296,0.41100412607192993,0.6228975057601929,-0.02040667086839676,0.4141296446323395,0.5648436546325684,-0.02795833721756935,0.4234943687915802,0.5214579105377197,-0.03494402393698692,0.3978707492351532,0.5495389103889465,0.004690949805080891,0.4069484770298004,0.5007652044296265,-0.011670472100377083,0.42129772901535034,0.48834341764450073,-0.027835559099912643,0.43074071407318115,0.49385038018226624,-0.03686661645770073,0.3668885827064514,0.5352420806884766,0.0022696591913700104,0.37177249789237976,0.47254857420921326,-0.0123770572245121,0.3870640993118286,0.4664704203605652,-0.026218725368380547,0.395792692899704,0.48547446727752686,-0.034181077033281326,0.33165910840034485,0.5324552655220032,-0.004279367160052061,0.3339737057685852,0.46802565455436707,-0.021355178207159042,0.3490954637527466,0.47469910979270935,-0.031021205708384514,0.3561033606529236,0.5093555450439453,-0.034335657954216,0.2915104031562805,0.5412645936012268,-0.0123980063945055,0.2824774980545044,0.4761192798614502,-0.02723163180053234,0.2970297634601593,0.47526630759239197,-0.031806062906980515,0.30882906913757324,0.5031732320785522,-0.032112620770931244
0.3329201340675354,0.7224351763725281,1.4464853848039638e-07,0.38583433628082275,0.6754471063613892,-0.009234696626663208,0.4103214144706726,0.619064211845398,-0.011686839163303375,0.41656309366226196,0.5634745359420776,-0.01688479073345661,0.4250783920288086,0.5215521454811096,-0.021980511024594307,0.3926053047180176,0.5526788234710693,0.010242024436593056,0.40222808718681335,0.5031633377075195,-0.00447163637727499,0.4172247350215912,0.4899936616420746,-0.01999131217598915,0.42820510268211365,0.49498793482780457,-0.02850414626300335,0.36242347955703735,0.5385333895683289,0.006762306205928326,0.3679810166358948,0.47428634762763977,-0.006034517660737038,0.38188436627388,0.46847254037857056,-0.020175538957118988,0.3907313346862793,0.48852232098579407,-0.02850518561899662,0.3278951644897461,0.5348433256149292,-0.00023579166736453772,0.32898229360580444,0.4710640609264374,-0.014369475655257702,0.3446456789970398,0.47523584961891174,-0.025252297520637512,0.3541847765445709,0.509641706943512,-0.029945624992251396,0.28855615854263306,0.5412209630012512,-0.008335798047482967,0.28167617321014404,0.47903650999069214,-0.02002773806452751,0.2970271110534668,0.47642141580581665,-0.024924950674176216,0.31054896116256714,0.5035392045974731,-0.025970418006181717
0.33361852169036865,0.7006982564926147,7.232642360577302e-07,0.38617250323295593,0.682225227355957,-0.028304390609264374,0.43478715419769287,0.6401932239532471,-0.04311761260032654,0.4794405698776245,0.6248311996459961,-0.05960980802774429,0.5194512605667114,0.6201372742652893,-0.07668131589889526,0.4103326201438904,0.5268924236297607,-0.021489080041646957,0.42708292603492737,0.44697991013526917,-0.04357840120792389,0.43284720182418823,0.38850656151771545,-0.05858044698834419,0.4370167851448059,0.33912795782089233,-0.06672241538763046,0.37116172909736633,0.5137927532196045,-0.02389243058860302,0.3779432773590088,0.43048200011253357,-0.048735879361629486,0.3840113878250122,0.369803249835968,-0.06516945362091064,0.3909088373184204,0.32071202993392944,-0.0726536437869072,0.3296170234680176,0.5192439556121826,-0.03004213236272335,0.3331593871116638,0.47611114382743835,-0.06675796955823898,0.3419479727745056,0.5288853645324707,-0.07542788982391357,0.3482454717159271,0.578780472278595,-0.06882651895284653,0.28795352578163147,0.5365127325057983,-0.0382629856467247,0.2791289687156677,0.4783565104007721,-0.06251554936170578,0.2910308241844177,0.49631834030151367,-0.06084083020687103,0.30328989028930664,0.526429295539856,-0.05214247480034828
0.33177053928375244,0.7088109254837036,7.268617991940118e-07,0.3894968330860138,0.6937246918678284,-0.03607150539755821,0.4453648626804352,0.6547763347625732,-0.05822046846151352,0.49759000539779663,0.6412195563316345,-0.08108730614185333,0.5461065769195557,0.6451696753501892,-0.10431923717260361,0.41065946221351624,0.5246109962463379,-0.04056140035390854,0.4331987500190735,0.43358054757118225,-0.07261502742767334,0.44596830010414124,0.37427884340286255,-0.09230960160493851,0.456762433052063,0.321792334318161,-0.10244450718164444,0.36821720004081726,0.5100544691085815,-0.044188980013132095,0.36476150155067444,0.4030357599258423,-0.08107110112905502,0.36303621530532837,0.33063095808029175,-0.10315578430891037,0.3596915602684021,0.2685670256614685,-0.11256576329469681,0.32521700859069824,0.5218084454536438,-0.051276497542858124,0.3276337683200836,0.4842880666255951,-0.09812742471694946,0.343771755695343,0.5462945103645325,-0.10686233639717102,0.35401368141174316,0.5946398377418518,-0.09740737825632095,0.2856968641281128,0.5459585189819336,-0.06083552911877632,0.2774111330509186,0.48769551515579224,-0.08669692277908325,0.28801989555358887,0.5041205883026123,-0.08098791539669037,0.29612240195274353,0.5259309411048889,-0.06882645189762115
0.32757046818733215,0.7212882041931152,7.270826927197049e-07,0.38699957728385925,0.6996254920959473,-0.0373588465154171,0.4446925222873688,0.6557443737983704,-0.05921170860528946,0.49865013360977173,0.6417562961578369,-0.08182045072317123,0.5513048768043518,0.6502177715301514,-0.10458554327487946,0.40834128856658936,0.5195029973983765,-0.03642258793115616,0.43592143058776855,0.42613014578819275,-0.06669827550649643,0.4499495029449463,0.3652884066104889,-0.08522734045982361,0.4607984721660614,0.31236496567726135,-0.09517832845449448,0.36526650190353394,0.5077694654464722,-0.03962061554193497,0.3611798584461212,0.4019894003868103,-0.07793889194726944,0.3562057316303253,0.3306910991668701,-0.10117907077074051,0.3502707779407501,0.26822254061698914,-0.11110995709896088,0.322320818901062,0.5205827951431274,-0.0465812124311924,0.3248547315597534,0.4836207330226898,-0.09609480947256088,0.3431226909160614,0.5508435368537903,-0.10496645420789719,0.35596057772636414,0.6006126999855042,-0.09508917480707169,0.2821466624736786,0.5436720848083496,-0.05616546794772148,0.27324986457824707,0.4906647801399231,-0.08531329780817032,0.28609538078308105,0.5125134587287903,-0.08097852766513824,0.2975125312805176,0.5336904525756836,-0.06932305544614792
0.32698583602905273,0.7192376852035522,7.407429620798212e-07,0.38552525639533997,0.7001315951347351,-0.038290925323963165,0.4430752694606781,0.6597658395767212,-0.06075146794319153,0.4944140613079071,0.6437860727310181,-0.08390004932880402,0.5434843897819519,0.6454485654830933,-0.10733115673065186,0.405922532081604,0.5199204087257385,-0.03928103297948837,0.43395110964775085,0.42821571230888367,-0.07094386965036392,0.4498083293437958,0.3669397234916687,-0.09065688401460648,0.46260908246040344,0.31263813376426697,-0.10091997683048248,0.3635508716106415,0.5073909759521484,-0.04265304654836655,0.36130189895629883,0.4002631902694702,-0.0811258852481842,0.35773319005966187,0.3281269073486328,-0.10423992574214935,0.3518104553222656,0.26565584540367126,-0.11410528421401978,0.3204023241996765,0.5207764506340027,-0.04979019612073898,0.3230573236942291,0.48150894045829773,-0.10091856867074966,0.3414019048213959,0.5525133609771729,-0.11000385880470276,0.3533070683479309,0.6066216230392456,-0.09972810000181198,0.27935296297073364,0.5447439551353455,-0.0596090704202652,0.26699963212013245,0.4824897050857544,-0.09064916521310806,0.2789214849472046,0.4993450343608856,-0.08705124258995056,0.2899841070175171,0.5207238793373108,-0.0756300538778305
0.3216104507446289,0.7227546572685242,7.391721510430216e-07,0.3814254403114319,0.7019822597503662,-0.036248236894607544,0.439949095249176,0.6572099328041077,-0.05759068951010704,0.4922904968261719,0.6407034397125244,-0.08040536940097809,0.5416864156723022,0.6444895267486572,-0.10344824939966202,0.40678247809410095,0.522098183631897,-0.036198608577251434,0.4322132170200348,0.4282887876033783,-0.06889668852090836,0.4457293152809143,0.36593198776245117,-0.08811096847057343,0.4571399986743927,0.3109007775783539,-0.09750306606292725,0.36336058378219604,0.5090462565422058,-0.04076051712036133,0.3616423010826111,0.3969232738018036,-0.08208407461643219,0.3591192364692688,0.32460805773735046,-0.10613635927438736,0.35547876358032227,0.2602606415748596,-0.1152966096997261,0.3195418119430542,0.5218775868415833,-0.04893261939287186,0.3200918436050415,0.4827078580856323,-0.10256033390760422,0.33666518330574036,0.5576080083847046,-0.11116443574428558,0.3483113646507263,0.6114165186882019,-0.0990176722407341,0.27815353870391846,0.5445955395698547,-0.059472523629665375,0.2668580710887909,0.4865646958351135,-0.0899125412106514,0.2785971164703369,0.5062236189842224,-0.08447978645563126,0.2886984944343567,0.5252365469932556,-0.0712524801492691
0.3225642740726471,0.7259674668312073,6.306581212811579e-07,0.3791063129901886,0.6955229043960571,-0.032126106321811676,0.4322166442871094,0.6368675231933594,-0.048991184681653976,0.4815064072608948,0.609837532043457,-0.06789816170930862,0.5286260843276978,0.6092023253440857,-0.0873916819691658,0.40681764483451843,0.5200761556625366,-0.02763114683330059,0.4317654073238373,0.4273776710033417,-0.056539054960012436,0.44576510787010193,0.3666398227214813,-0.07476677745580673,0.4565538465976715,0.31428062915802,-0.08427076786756516,0.36512330174446106,0.5088221430778503,-0.03286804258823395,0.36189982295036316,0.40182584524154663,-0.06767114996910095,0.35795894265174866,0.33019566535949707,-0.08902708441019058,0.3527621030807495,0.2692424952983856,-0.09764085710048676,0.3224867582321167,0.5224282145500183,-0.04216091334819794,0.32420051097869873,0.4832627773284912,-0.08968917280435562,0.33931735157966614,0.5517970323562622,-0.09836767613887787,0.34956687688827515,0.605846643447876,-0.08827048540115356,0.2813354730606079,0.5470173358917236,-0.053749725222587585,0.2748279273509979,0.4916714131832123,-0.08104885369539261,0.2848823070526123,0.508327066898346,-0.07611590623855591,0.2936057448387146,0.5284233093261719,-0.06433704495429993
0.3273668587207794,0.727213978767395,4.807299092135509e-07,0.38130781054496765,0.6900009512901306,-0.027927005663514137,0.41958945989608765,0.6331359148025513,-0.04025560989975929,0.43797820806503296,0.5758499503135681,-0.0539163239300251,0.44688236713409424,0.5246028900146484,-0.06694523245096207,0.4022308588027954,0.5261161923408508,-0.018830986693501472,0.42397862672805786,0.4415218234062195,-0.0430859811604023,0.43673115968704224,0.39013034105300903,-0.0606812909245491,0.44463756680488586,0.34435027837753296,-0.0704689472913742,0.36311209201812744,0.5106484293937683,-0.021935315802693367,0.367705374956131,0.4126596450805664,-0.04856037721037865,0.36809104681015015,0.3466663062572479,-0.06792791932821274,0.36481764912605286,0.2951659560203552,-0.07833394408226013,0.32265788316726685,0.5162340998649597,-0.02908071130514145,0.32746610045433044,0.4602614939212799,-0.06465328484773636,0.3396475911140442,0.4927787780761719,-0.07571294903755188,0.3451593518257141,0.5321422219276428,-0.07306503504514694,0.2803446650505066,0.5345406532287598,-0.03838660195469856,0.2749888002872467,0.4746236801147461,-0.06358108669519424,0.2885251045227051,0.4879995584487915,-0.0650268942117691,0.2983071208000183,0.5190842747688293,-0.05937868356704712
0.32473793625831604,0.7418855428695679,-5.4721560616144416e-08,0.380325585603714,0.6887592673301697,-0.015222858637571335,0.40809178352355957,0.6247714161872864,-0.023934055119752884,0.4150266647338867,0.5623772740364075,-0.0363030731678009,0.42562705278396606,0.5143680572509766,-0.047956086695194244,0.39537686109542847,0.5403333306312561,0.006556815933436155,0.4074622094631195,0.4776196777820587,-0.017605062574148178,0.4239311218261719,0.4737463891506195,-0.03834129497408867,0.43550461530685425,0.4912926256656647,-0.049295574426651,0.3643036484718323,0.5292734503746033,0.002036426216363907,0.3756698966026306,0.4572620391845703,-0.025639120489358902,0.38881880044937134,0.48800769448280334,-0.043981678783893585,0.3938840627670288,0.534000039100647,-0.05073929950594902,0.3286537230014801,0.5282031893730164,-0.007076662965118885,0.3373847007751465,0.46032780408859253,-0.033718742430210114,0.3503052592277527,0.49486732482910156,-0.04085381701588631,0.3538106381893158,0.5445514917373657,-0.038662414997816086,0.28763172030448914,0.537589430809021,-0.017971254885196686,0.2857186794281006,0.4699498116970062,-0.03536156937479973,0.30056604743003845,0.480631947517395,-0.03644471988081932,0.31000298261642456,0.5133128762245178,-0.032675523310899734
0.328403502702713,0.7325297594070435,5.719148177263378e-08,0.38234299421310425,0.685753345489502,-0.016863122582435608,0.4100039303302765,0.6253111362457275,-0.02550387755036354,0.4172019958496094,0.5639888644218445,-0.03675290197134018,0.4312231242656708,0.5163180828094482,-0.04748053476214409,0.3964184522628784,0.5461850166320801,0.0038295008707791567,0.4052337408065796,0.4848267436027527,-0.019679510965943336,0.41946926712989807,0.47848695516586304,-0.04046851769089699,0.42979416251182556,0.4944669008255005,-0.05143079161643982,0.3637031614780426,0.5343441963195801,0.0010535676265135407,0.3709631860256195,0.4608513116836548,-0.023716866970062256,0.3835887014865875,0.4769497215747833,-0.042482972145080566,0.38962283730506897,0.5146962404251099,-0.05078337341547012,0.32760247588157654,0.5332927703857422,-0.006257581990212202,0.3302651345729828,0.45929405093193054,-0.029557347297668457,0.3434445261955261,0.47529977560043335,-0.03927571326494217,0.34945404529571533,0.5163599848747253,-0.04043429344892502,0.2864753305912018,0.5427253842353821,-0.015428867191076279,0.28095659613609314,0.47300249338150024,-0.03261280432343483,0.2957843542098999,0.4749222993850708,-0.03687804564833641,0.3072225749492645,0.502526044845581,-0.035874854773283005
0.3276437819004059,0.7278542518615723,6.787922757212073e-08,0.37941688299179077,0.6802948713302612,-0.012878063134849072,0.40662580728530884,0.6209228038787842,-0.020483963191509247,0.4141727089881897,0.5637139678001404,-0.03136264160275459,0.42930421233177185,0.520006537437439,-0.041427433490753174,0.3932677209377289,0.5443416833877563,0.004718937445431948,0.4031619429588318,0.4802076816558838,-0.01880810037255287,0.41763779520988464,0.4774553179740906,-0.03824431076645851,0.4270699918270111,0.5009752511978149,-0.04729849472641945,0.3608245849609375,0.533802330493927,0.0006821871502324939,0.36816486716270447,0.4638197720050812,-0.021018385887145996,0.3831466734409332,0.4790025055408478,-0.036898422986269,0.39069297909736633,0.5149214267730713,-0.04374776408076286,0.3247899115085602,0.5335653424263,-0.007676855195313692,0.32897892594337463,0.4690214991569519,-0.02816375158727169,0.3449997007846832,0.4880707561969757,-0.0356445349752903,0.3528652787208557,0.5283192992210388,-0.03577170893549919,0.28389471769332886,0.5427565574645996,-0.017616650089621544,0.27702200412750244,0.4772654175758362,-0.032098885625600815,0.2947666049003601,0.48231062293052673,-0.034328341484069824,0.30937689542770386,0.5118994116783142,-0.03199310600757599
0.3314742147922516,0.7256864309310913,5.144436343584857e-08,0.38361817598342896,0.6777719259262085,-0.00986531376838684,0.4094880521297455,0.6150184273719788,-0.014944101683795452,0.41976261138916016,0.5610134601593018,-0.023471487686038017,0.4342467784881592,0.5206905007362366,-0.03186359629034996,0.40021923184394836,0.5407222509384155,0.005247363355010748,0.4070391058921814,0.4875371754169464,-0.014901688322424889,0.42145898938179016,0.48103082180023193,-0.032479576766490936,0.43279188871383667,0.4924278259277344,-0.04174469783902168,0.364966481924057,0.5297192335128784,3.524910789565183e-05,0.3696541488170624,0.465390682220459,-0.020066536962985992,0.3834154009819031,0.4835188388824463,-0.03441169112920761,0.3917919099330902,0.5150745511054993,-0.04053677245974541,0.32661017775535583,0.5305005311965942,-0.008725927211344242,0.32944339513778687,0.47011202573776245,-0.028060445562005043,0.3437712490558624,0.4935652017593384,-0.03410772979259491,0.35101526975631714,0.5306659936904907,-0.03348015248775482,0.28487491607666016,0.5426568388938904,-0.018830332905054092,0.2760516405105591,0.47617584466934204,-0.03211798891425133,0.292865514755249,0.47921496629714966,-0.03331100940704346,0.30795761942863464,0.5036830902099609,-0.030698437243700027
0.3246959149837494,0.7266445159912109,8.560967756920945e-08,0.37825047969818115,0.6891205906867981,-0.01525223720818758,0.4075471758842468,0.630307674407959,-0.022128010168671608,0.42227819561958313,0.5729779601097107,-0.03138537332415581,0.44415992498397827,0.5309972763061523,-0.04050508886575699,0.3939903974533081,0.5553413033485413,0.0004106237320229411,0.40459418296813965,0.4977268576622009,-0.020952120423316956,0.4207656681537628,0.48716866970062256,-0.03878539055585861,0.43254464864730835,0.49941951036453247,-0.047699324786663055,0.35978952050209045,0.541936993598938,-0.00231341109611094,0.3678712546825409,0.4709005653858185,-0.02471410669386387,0.38203999400138855,0.4808533787727356,-0.040993090718984604,0.389914870262146,0.5138322114944458,-0.04794494807720184,0.32258185744285583,0.5404052138328552,-0.00891934148967266,0.32883962988853455,0.4742715060710907,-0.031296346336603165,0.34363895654678345,0.49070626497268677,-0.04101511836051941,0.3508822023868561,0.5318171977996826,-0.04207250103354454,0.281535267829895,0.5488664507865906,-0.017009088769555092,0.2761233150959015,0.4816684126853943,-0.033935390412807465,0.29325705766677856,0.48262614011764526,-0.03853996843099594,0.30775073170661926,0.5116548538208008,-0.03772848844528198
0.3271125555038452,0.7188215255737305,5.35629794740089e-07,0.37923887372016907,0.6973358392715454,-0.024644330143928528,0.42289257049560547,0.6356269717216492,-0.03340521454811096,0.44882944226264954,0.5841861963272095,-0.042978670448064804,0.47530531883239746,0.5519614219665527,-0.053250156342983246,0.40046173334121704,0.5468342900276184,-0.020305251702666283,0.4269990921020508,0.4734267592430115,-0.0420243963599205,0.44148173928260803,0.421174556016922,-0.05686619505286217,0.45184484124183655,0.37788331508636475,-0.06456444412469864,0.36311644315719604,0.5313081741333008,-0.02244066819548607,0.3738410472869873,0.4486192762851715,-0.04596129432320595,0.38196200132369995,0.3878283202648163,-0.06206619739532471,0.3879302740097046,0.3364277482032776,-0.0701763704419136,0.32255256175994873,0.5340957641601562,-0.02758830599486828,0.3301592469215393,0.48213452100753784,-0.06115901097655296,0.3432002067565918,0.5209605097770691,-0.0685134008526802,0.34977206587791443,0.5616066455841064,-0.06316555291414261,0.27952370047569275,0.548623263835907,-0.03436726704239845,0.27518221735954285,0.4855000674724579,-0.05779837444424629,0.2904992401599884,0.4959179759025574,-0.05656726658344269,0.3030073046684265,0.5254367589950562,-0.0490029901266098
0.3173595070838928,0.7189664244651794,7.633099698978185e-07,0.3711426258087158,0.7067090272903442,-0.03293318301439285,0.4226331114768982,0.6665548086166382,-0.052531905472278595,0.46925055980682373,0.6503782272338867,-0.07332035154104233,0.5154837369918823,0.6565713882446289,-0.09493981301784515,0.40516531467437744,0.5421261787414551,-0.035286106169223785,0.4328928589820862,0.45555001497268677,-0.06551101803779602,0.44967979192733765,0.397928923368454,-0.08413379639387131,0.4634343683719635,0.3480936884880066,-0.09357021003961563,0.3635512888431549,0.5244491100311279,-0.037974920123815536,0.3682999908924103,0.4271957278251648,-0.072700634598732,0.3696412742137909,0.36097660660743713,-0.09321622550487518,0.3698594570159912,0.3048331141471863,-0.10146976262331009,0.3198639750480652,0.5298851728439331,-0.04399888589978218,0.31702086329460144,0.4865439832210541,-0.08763451129198074,0.32545074820518494,0.5461574196815491,-0.09568843245506287,0.3332509994506836,0.5948117971420288,-0.08660317957401276,0.27724820375442505,0.547545313835144,-0.05225676670670509,0.2646218538284302,0.4945369362831116,-0.07682965695858002,0.27143388986587524,0.5078463554382324,-0.07279174774885178,0.2799963355064392,0.5239102244377136,-0.062102630734443665
0.296538770198822,0.7267053723335266,7.423670922435122e-07,0.35051634907722473,0.7143585085868835,-0.042108241468667984,0.40042704343795776,0.6748785972595215,-0.0668053850531578,0.4454271197319031,0.6540006399154663,-0.09096454083919525,0.4925714433193207,0.6557024717330933,-0.11561737209558487,0.38023126125335693,0.5421226620674133,-0.04759209230542183,0.4141792058944702,0.45186230540275574,-0.08217224478721619,0.4339450001716614,0.3919104039669037,-0.10357227921485901,0.4490014314651489,0.339597225189209,-0.11482559889554977,0.3363068997859955,0.5246778726577759,-0.04907296597957611,0.33747121691703796,0.4144510328769684,-0.08898758143186569,0.33734452724456787,0.34081119298934937,-0.11272478848695755,0.3332577645778656,0.2790009379386902,-0.12305037677288055,0.29139354825019836,0.5330861806869507,-0.05428147688508034,0.2920193076133728,0.4914376735687256,-0.10521893948316574,0.3097066283226013,0.556204080581665,-0.11474583297967911,0.3207864463329315,0.6089353561401367,-0.10549187660217285,0.24878588318824768,0.5535287261009216,-0.062117062509059906,0.24246877431869507,0.4943084716796875,-0.09313875436782837,0.2537153959274292,0.5202322602272034,-0.08812666684389114,0.2607625126838684,0.5515889525413513,-0.07562702894210815
0.2897260785102844,0.7281792163848877,7.093446470207709e-07,0.3463797867298126,0.7072487473487854,-0.03488187864422798,0.3962787389755249,0.665198564529419,-0.056638896465301514,0.43886205554008484,0.6441632509231567,-0.07949384301900864,0.4861487150192261,0.6499572396278381,-0.10294820368289948,0.37423235177993774,0.5390447974205017,-0.04028858244419098,0.40677326917648315,0.45035767555236816,-0.07349620759487152,0.4257138967514038,0.39222896099090576,-0.09374190121889114,0.44121354818344116,0.34028828144073486,-0.10412578284740448,0.33034467697143555,0.52293860912323,-0.04463029280304909,0.3287988305091858,0.41489195823669434,-0.08324365317821503,0.3264334499835968,0.3423502445220947,-0.10530868917703629,0.32300159335136414,0.2799411714076996,-0.11408748477697372,0.28566208481788635,0.5326468348503113,-0.05225907266139984,0.28672629594802856,0.4924631714820862,-0.10184863209724426,0.3027479648590088,0.5602093935012817,-0.10949758440256119,0.31442344188690186,0.6136831045150757,-0.09849950671195984,0.24408742785453796,0.5544006824493408,-0.06206006184220314,0.23653703927993774,0.49770253896713257,-0.09000824391841888,0.24541854858398438,0.5146501660346985,-0.08372756093740463,0.2530704736709595,0.5348300933837891,-0.0706477239727974
0.2667654752731323,0.7287411093711853,6.792306521674618e-07,0.32193970680236816,0.7079610228538513,-0.03347543627023697,0.3732285499572754,0.6647434234619141,-0.05270266532897949,0.4181576371192932,0.6425344944000244,-0.07288185507059097,0.4628574550151825,0.6444954872131348,-0.09329771995544434,0.35327887535095215,0.5397706627845764,-0.03442106023430824,0.3845498859882355,0.4509570300579071,-0.06584479659795761,0.40346676111221313,0.3922988772392273,-0.08553476631641388,0.4173094630241394,0.3419303894042969,-0.09587298333644867,0.3094671070575714,0.5243381261825562,-0.038083266466856,0.3092884123325348,0.4190469980239868,-0.07354528456926346,0.30602607131004333,0.34775614738464355,-0.09380312263965607,0.30107825994491577,0.2892875075340271,-0.10200241208076477,0.2653094530105591,0.5325944423675537,-0.04534662887454033,0.2667233645915985,0.4930715560913086,-0.09136366099119186,0.28197407722473145,0.5531707406044006,-0.09768698364496231,0.2922150790691376,0.6044211983680725,-0.08706966787576675,0.2230592668056488,0.5530737638473511,-0.054948050528764725,0.21846264600753784,0.5056939721107483,-0.0837373360991478,0.22990861535072327,0.5371039509773254,-0.07777851074934006,0.2380230575799942,0.5717271566390991,-0.06445588171482086
0.2629718482494354,0.7370858788490295,6.766294973203912e-07,0.31669676303863525,0.7119534015655518,-0.033177729696035385,0.36304113268852234,0.6635881662368774,-0.05334287881851196,0.40504008531570435,0.6411983966827393,-0.07471247017383575,0.45104411244392395,0.6483286619186401,-0.0967811718583107,0.3460502326488495,0.5411879420280457,-0.03719883784651756,0.3784671425819397,0.4527079463005066,-0.06924276053905487,0.3964071571826935,0.393518328666687,-0.0891307070851326,0.4102843403816223,0.3408840596675873,-0.09973692148923874,0.30200883746147156,0.5253368020057678,-0.041736967861652374,0.3004503846168518,0.4212822914123535,-0.07981813699007034,0.2959437668323517,0.3503470718860626,-0.10128277540206909,0.29017534852027893,0.2878192365169525,-0.10980401933193207,0.25679153203964233,0.5343876481056213,-0.04944794625043869,0.2567959427833557,0.49192896485328674,-0.09833745658397675,0.2715644836425781,0.561503529548645,-0.10452093929052353,0.2817552983760834,0.6155068874359131,-0.09294246882200241,0.21455112099647522,0.557354211807251,-0.0593261793255806,0.20744168758392334,0.5009992122650146,-0.08815853297710419,0.2183653712272644,0.5272518992424011,-0.08139839768409729,0.2272869348526001,0.5562124252319336,-0.06771418452262878
0.25713351368904114,0.7496649622917175,1.8771036280895714e-08,0.3162708878517151,0.7050505876541138,-0.011842666193842888,0.3601253032684326,0.6448396444320679,-0.019139325246214867,0.374469131231308,0.589870274066925,-0.02968885563313961,0.3680405616760254,0.5504980087280273,-0.04074004665017128,0.3362826108932495,0.5486204028129578,-0.0050567337311804295,0.34906747937202454,0.4738197922706604,-0.02682558447122574,0.35988619923591614,0.4673309922218323,-0.044969405978918076,0.36744192242622375,0.4812124967575073,-0.05452733859419823,0.29642266035079956,0.5398746728897095,-0.011866096407175064,0.30277594923973083,0.46071773767471313,-0.03501264750957489,0.314083993434906,0.4782850742340088,-0.05125421658158302,0.3201836943626404,0.5164414048194885,-0.0581192821264267,0.2540498375892639,0.5439929962158203,-0.02134011872112751,0.25682586431503296,0.47755175828933716,-0.0410337820649147,0.2697124779224396,0.5016254186630249,-0.045858968049287796,0.2765742540359497,0.5427559018135071,-0.04462720453739166,0.21024546027183533,0.5597361922264099,-0.03229683265089989,0.20209592580795288,0.49404582381248474,-0.04421968385577202,0.21561437845230103,0.50220787525177,-0.041929326951503754,0.22773855924606323,0.53188556432724,-0.036938659846782684
0.25510352849960327,0.7503025531768799,6.082312609123619e-08,0.3100398778915405,0.705114483833313,-0.01712637022137642,0.3437180817127228,0.6492385268211365,-0.02581414021551609,0.3522639274597168,0.588911235332489,-0.03658061474561691,0.36260175704956055,0.538191556930542,-0.0465717613697052,0.3281252980232239,0.5624186992645264,0.0011785278329625726,0.3423023819923401,0.503420889377594,-0.021157648414373398,0.3549574613571167,0.4971997141838074,-0.04069794341921806,0.3632073700428009,0.5144160985946655,-0.05067671090364456,0.2927381694316864,0.5477704405784607,-0.0007245224551297724,0.30115172266960144,0.4780645966529846,-0.022584188729524612,0.3143255412578583,0.48902788758277893,-0.03954935818910599,0.32064974308013916,0.5220447778701782,-0.04739170894026756,0.2546617090702057,0.5455869436264038,-0.006811968516558409,0.25834232568740845,0.4783932864665985,-0.026942318305373192,0.27287012338638306,0.4941236972808838,-0.03491844981908798,0.28007346391677856,0.5335492491722107,-0.03590933978557587,0.21272295713424683,0.5556724667549133,-0.014904881827533245,0.20692890882492065,0.4923545718193054,-0.030192015692591667,0.22296389937400818,0.4940218925476074,-0.03322148323059082,0.23625443875789642,0.5194045305252075,-0.031552571803331375
0.2576499581336975,0.7417343258857727,1.085618990259718e-07,0.3103921711444855,0.6989978551864624,-0.017276134341955185,0.3395359516143799,0.6392164826393127,-0.025503629818558693,0.34866464138031006,0.580437958240509,-0.035737935453653336,0.36355966329574585,0.5339407920837402,-0.045091405510902405,0.326917827129364,0.5573570132255554,0.004330264870077372,0.3397981524467468,0.5043714046478271,-0.01605791412293911,0.3527257442474365,0.4997985363006592,-0.03502115234732628,0.3613402843475342,0.5144469141960144,-0.04538770392537117,0.29323267936706543,0.5433712005615234,0.002498422283679247,0.3012436628341675,0.48148900270462036,-0.017020240426063538,0.3159838318824768,0.4886963963508606,-0.033337708562612534,0.3242471218109131,0.5153879523277283,-0.041958726942539215,0.2557532787322998,0.5412296652793884,-0.003981871996074915,0.2587871849536896,0.4755975604057312,-0.02368413284420967,0.2754631042480469,0.48899662494659424,-0.032658807933330536,0.28453803062438965,0.52668696641922,-0.03499500826001167,0.21426665782928467,0.5502859354019165,-0.012451168149709702,0.2067977339029312,0.4857478737831116,-0.02845841646194458,0.2240677773952484,0.4862891435623169,-0.03269347921013832,0.2388666868209839,0.5127316117286682,-0.03239568695425987
0.2647642493247986,0.7454301118850708,1.2039328112223302e-07,0.317798376083374,0.7048170566558838,-0.01674160361289978,0.35194480419158936,0.6447314023971558,-0.02302514761686325,0.3616659939289093,0.5857387781143188,-0.0310947485268116,0.3756575584411621,0.5404266119003296,-0.038960326462984085,0.3314150273799896,0.5694957375526428,0.0040593575686216354,0.34417328238487244,0.5208656787872314,-0.015682658180594444,0.36089855432510376,0.5085932016372681,-0.0341862328350544,0.37408268451690674,0.5123881697654724,-0.044835008680820465,0.29795801639556885,0.554352879524231,0.0018041187431663275,0.30912959575653076,0.4893072843551636,-0.01989726908504963,0.32679593563079834,0.4957602322101593,-0.037721410393714905,0.3378409743309021,0.5235095024108887,-0.046430639922618866,0.26193830370903015,0.5502077341079712,-0.0047324951738119125,0.2683144509792328,0.48064666986465454,-0.025940431281924248,0.28611496090888977,0.4897838532924652,-0.036970190703868866,0.2970263361930847,0.5236321091651917,-0.040109481662511826,0.22088566422462463,0.5578805804252625,-0.01308149378746748,0.21610721945762634,0.4921601414680481,-0.02938270755112171,0.23240235447883606,0.4899463951587677,-0.034792035818099976,0.24640882015228271,0.5125860571861267,-0.03547780215740204
0.26503708958625793,0.7471240758895874,1.6950937720139336e-07,0.31753432750701904,0.7116360068321228,-0.021590648218989372,0.34573668241500854,0.6534083485603333,-0.029444213956594467,0.35199421644210815,0.5893665552139282,-0.0383097305893898,0.37148547172546387,0.5409860014915466,-0.046570949256420135,0.3298812210559845,0.5755635499954224,0.00730011286213994,0.34265196323394775,0.5343945026397705,-0.01001500803977251,0.3602747917175293,0.5183092951774597,-0.02806016243994236,0.3745209276676178,0.5124583840370178,-0.03987575322389603,0.29923388361930847,0.5569578409194946,0.007068606559187174,0.30957263708114624,0.5013564825057983,-0.011842964217066765,0.3262919783592224,0.5006559491157532,-0.0288825836032629,0.3385869562625885,0.5179688930511475,-0.0388055145740509,0.26363885402679443,0.5497140288352966,0.0013743661111220717,0.2707363963127136,0.48658934235572815,-0.020890075713396072,0.28792887926101685,0.49162691831588745,-0.033025357872247696,0.2995242178440094,0.5222375988960266,-0.03738946095108986,0.221440851688385,0.5543649792671204,-0.0066346037201583385,0.21590599417686462,0.4888002276420593,-0.026797767728567123,0.23312196135520935,0.4886818826198578,-0.03445527330040932,0.24831202626228333,0.5180191397666931,-0.03666851297020912
0.6659879684448242,0.7859218716621399,8.042073886826984e-07,0.6078431606292725,0.7871329188346863,-0.05268656834959984,0.5555647611618042,0.7609010934829712,-0.09390749782323837,0.5091322064399719,0.7350462079048157,-0.12831918895244598,0.46275752782821655,0.7242617607116699,-0.16559529304504395,0.5684465765953064,0.601789116859436,-0.09014790505170822,0.5423041582107544,0.5015131235122681,-0.13064639270305634,0.5292171835899353,0.43101727962493896,-0.1598181128501892,0.5199008584022522,0.3711790442466736,-0.17969554662704468,0.6192678809165955,0.5820893049240112,-0.08871299773454666,0.608616828918457,0.4607415199279785,-0.12454243749380112,0.6028020977973938,0.37718525528907776,-0.1508675366640091,0.5984023213386536,0.30661478638648987,-0.16888609528541565,0.6723459959030151,0.5904485583305359,-0.08987219631671906,0.6680209040641785,0.47025957703590393,-0.12166783958673477,0.6614695191383362,0.390607625246048,-0.14427655935287476,0.6571685075759888,0.3246054947376251,-0.15940266847610474,0.7232530117034912,0.6169310808181763,-0.09423745423555374,0.7351022958755493,0.5271503925323486,-0.12207356095314026,0.7397286295890808,0.46649476885795593,-0.13530687987804413,0.7433569431304932,0.4144565165042877,-0.14324021339416504
0.6551706790924072,0.7782207131385803,1.022622541313467e-06,0.5875475406646729,0.7622640132904053,-0.05024479329586029,0.532310426235199,0.7196914553642273,-0.08779734373092651,0.48356491327285767,0.6798930168151855,-0.11928349733352661,0.4304236173629761,0.6666262149810791,-0.15185509622097015,0.5532562136650085,0.5441144108772278,-0.07136812061071396,0.5277056097984314,0.4331245422363281,-0.10941132158041,0.5110363960266113,0.35464292764663696,-0.13987907767295837,0.49967101216316223,0.28606972098350525,-0.16117088496685028,0.6049615740776062,0.5240963697433472,-0.071685791015625,0.590334951877594,0.39717328548431396,-0.1056600883603096,0.5789685845375061,0.305370032787323,-0.13370445370674133,0.5689756870269775,0.22729995846748352,-0.15316733717918396,0.6576805114746094,0.5316669344902039,-0.07541388273239136,0.6533660888671875,0.4083211421966553,-0.10853275656700134,0.647087812423706,0.3262275457382202,-0.13192689418792725,0.6395869255065918,0.2549843192100525,-0.14738814532756805,0.7092165350914001,0.5623248219490051,-0.08242809027433395,0.7244049310684204,0.4711248278617859,-0.11145704239606857,0.7283347249031067,0.4084252119064331,-0.1245693638920784,0.7275711894035339,0.3502156734466553,-0.13216447830200195
0.6629224419593811,0.7919273972511292,7.255721357068978e-07,0.5944153070449829,0.7635934352874756,-0.03789103031158447,0.5397693514823914,0.7138828039169312,-0.06613299995660782,0.49235668778419495,0.6743654608726501,-0.09143492579460144,0.44239065051078796,0.664762020111084,-0.1181858628988266,0.5572144985198975,0.5475857853889465,-0.04977905750274658,0.52930748462677,0.43163686990737915,-0.08287028223276138,0.5125200152397156,0.35692286491394043,-0.10906212776899338,0.5007631778717041,0.2912238538265228,-0.12771075963974,0.6082311272621155,0.5252555012702942,-0.055369388312101364,0.5916050672531128,0.39323627948760986,-0.08334888517856598,0.5822107195854187,0.3056543469429016,-0.1066642478108406,0.5738008618354797,0.23048141598701477,-0.12372411042451859,0.6599536538124084,0.531726062297821,-0.06491877883672714,0.659570574760437,0.4077235460281372,-0.0924411490559578,0.6567508578300476,0.32800519466400146,-0.11105258762836456,0.6511266827583313,0.2595885396003723,-0.1240391954779625,0.7123299837112427,0.5593313574790955,-0.07752720266580582,0.7283403873443604,0.466860830783844,-0.10040520876646042,0.7347555160522461,0.40639814734458923,-0.10869931429624557,0.7356059551239014,0.35140618681907654,-0.11404683440923691
0.6686898469924927,0.7875670790672302,7.619620419063722e-07,0.6011208295822144,0.7602074146270752,-0.043879345059394836,0.5472177267074585,0.7113512754440308,-0.07442084699869156,0.49890580773353577,0.6690995693206787,-0.10086197406053543,0.44726136326789856,0.6530625224113464,-0.12818965315818787,0.5617868900299072,0.540976881980896,-0.055007368326187134,0.5336967706680298,0.4253261685371399,-0.08886092901229858,0.5173348188400269,0.35155606269836426,-0.11504251509904861,0.5060691833496094,0.28651079535484314,-0.13369786739349365,0.6134008765220642,0.5179874897003174,-0.05786976218223572,0.5982624888420105,0.3846892714500427,-0.08638706803321838,0.5886815786361694,0.29706647992134094,-0.10943860560655594,0.5802450180053711,0.22283285856246948,-0.1265786588191986,0.6655985116958618,0.5248997211456299,-0.06536190956830978,0.6672784686088562,0.4034220278263092,-0.0937146246433258,0.6650591492652893,0.3247189521789551,-0.112562395632267,0.6600574254989624,0.2557801604270935,-0.12599918246269226,0.717515766620636,0.5532900094985962,-0.07646967470645905,0.7339947819709778,0.46351367235183716,-0.10014063864946365,0.7411171197891235,0.4053589701652527,-0.10909955203533173,0.7432132363319397,0.3509554862976074,-0.11524040997028351
0.6693159937858582,0.7832160592079163,6.754172545697656e-07,0.6034051179885864,0.7344011068344116,-0.027793698012828827,0.5656870603561401,0.6583709716796875,-0.047010637819767,0.5679666996002197,0.583609402179718,-0.06638660281896591,0.586261510848999,0.5345782041549683,-0.0845913290977478,0.5681346654891968,0.5378254055976868,-0.033640023320913315,0.5439713597297668,0.4163166284561157,-0.06333417445421219,0.5297881364822388,0.34366703033447266,-0.08327900618314743,0.5168634653091431,0.28248804807662964,-0.09568610787391663,0.6186884045600891,0.5193527340888977,-0.03980555012822151,0.6078342199325562,0.38183778524398804,-0.06832732260227203,0.5985352993011475,0.2941804528236389,-0.08838265389204025,0.589754581451416,0.2257767617702484,-0.10027433931827545,0.670674204826355,0.526384711265564,-0.04902360960841179,0.6735119223594666,0.43024176359176636,-0.080230213701725,0.6715331673622131,0.42860010266304016,-0.0892467051744461,0.6667098999023438,0.4407779574394226,-0.0884140208363533,0.7208129167556763,0.5521449446678162,-0.06066477298736572,0.7378283739089966,0.4713495373725891,-0.08276177942752838,0.7444703578948975,0.420366495847702,-0.08590002357959747,0.7461682558059692,0.3813267946243286,-0.08394048362970352
0.6802302598953247,0.7741905450820923,1.2044205632832927e-08,0.6209810376167297,0.7071922421455383,-0.01173369400203228,0.5933905243873596,0.6274623870849609,-0.01908714696764946,0.5895516276359558,0.5500627160072327,-0.03198661282658577,0.5807284116744995,0.48494166135787964,-0.041331104934215546,0.6079737544059753,0.5145885348320007,0.018464982509613037,0.5989832282066345,0.4220321774482727,-0.006557239685207605,0.5869882106781006,0.39016473293304443,-0.027164673432707787,0.5800951719284058,0.39010757207870483,-0.03574293851852417,0.6477410793304443,0.5065138339996338,0.01067483052611351,0.6290723085403442,0.405051589012146,-0.01215907372534275,0.6114946603775024,0.3825734853744507,-0.027768628671765327,0.6022330522537231,0.38706064224243164,-0.03378824144601822,0.6888289451599121,0.5155049562454224,-0.002951973117887974,0.6831575036048889,0.4403992295265198,-0.03179161250591278,0.6699190139770508,0.4804113805294037,-0.035853490233421326,0.6664101481437683,0.5364411473274231,-0.028789561241865158,0.733633279800415,0.535088062286377,-0.018518228083848953,0.7444984316825867,0.4526621699333191,-0.03505585715174675,0.7249611020088196,0.45542481541633606,-0.032387614250183105,0.7078133225440979,0.4862174987792969,-0.02456347458064556
0.6798553466796875,0.7675855159759521,-1.765580037726977e-07,0.6205727458000183,0.706519365310669,-0.017422083765268326,0.591658353805542,0.6277638077735901,-0.026283828541636467,0.5913299918174744,0.5467684864997864,-0.039625100791454315,0.58296138048172,0.47459810972213745,-0.04928715154528618,0.5977602005004883,0.5236750245094299,0.013805537484586239,0.5801985859870911,0.4451657235622406,-0.01546304952353239,0.5779250264167786,0.4346603751182556,-0.03661889582872391,0.5829318165779114,0.45230257511138916,-0.04424990713596344,0.64079350233078,0.5089232921600342,0.009477430023252964,0.6281318664550781,0.42588263750076294,-0.020473644137382507,0.6230955123901367,0.445719838142395,-0.037350889295339584,0.624952495098114,0.47761070728302,-0.04080585762858391,0.6859197020530701,0.5102930665016174,-0.0011833764147013426,0.6810386180877686,0.44665324687957764,-0.034041792154312134,0.6703597903251648,0.49847906827926636,-0.037223342806100845,0.6691471338272095,0.5563780665397644,-0.027706792578101158,0.7332823872566223,0.5240568518638611,-0.014032207429409027,0.7402744293212891,0.4475598633289337,-0.0318882092833519,0.7224563360214233,0.4599086046218872,-0.028615176677703857,0.7069290280342102,0.4947220981121063,-0.019289592280983925
0.6782430410385132,0.7606854438781738,-1.855631239777722e-07,0.625079333782196,0.7069375514984131,-0.01865254156291485,0.5958958864212036,0.6249063014984131,-0.027690362185239792,0.591891884803772,0.5468951463699341,-0.04069339111447334,0.5801833868026733,0.477741539478302,-0.0510389618575573,0.595765233039856,0.5220333933830261,0.01113144401460886,0.5795602202415466,0.4586648643016815,-0.01715737394988537,0.5759276747703552,0.4350042939186096,-0.037050191313028336,0.5799614787101746,0.4356609582901001,-0.04486357048153877,0.6402648687362671,0.5107368230819702,0.0063814884051680565,0.6276550889015198,0.43332958221435547,-0.02874615229666233,0.6275957822799683,0.48347991704940796,-0.04234890639781952,0.6347363591194153,0.5350778698921204,-0.03978845849633217,0.6871768236160278,0.5126582980155945,-0.004325229208916426,0.6819888353347778,0.44845765829086304,-0.04105532541871071,0.6704391241073608,0.5101912021636963,-0.039208848029375076,0.6685250401496887,0.5683167576789856,-0.02393125183880329,0.7354061603546143,0.5271325707435608,-0.017081202939152718,0.7438992857933044,0.4471019506454468,-0.036499928683042526,0.7268682718276978,0.46397021412849426,-0.030108563601970673,0.7124539613723755,0.4978431165218353,-0.017296645790338516
0.6719158887863159,0.7544577717781067,-2.542594188525982e-07,0.6179912090301514,0.6965824365615845,-0.012575588189065456,0.5921668410301208,0.6147720813751221,-0.01946271024644375,0.5916739106178284,0.5395706295967102,-0.03159703314304352,0.5787016153335571,0.4775022864341736,-0.041281286627054214,0.5990195870399475,0.5178802609443665,0.017192330211400986,0.5808959007263184,0.45649468898773193,-0.009874803945422173,0.5762672424316406,0.43645238876342773,-0.029236432164907455,0.5797600150108337,0.4441295862197876,-0.03677579388022423,0.6423149704933167,0.5084035992622375,0.009585066698491573,0.6289830207824707,0.43846386671066284,-0.02544073387980461,0.630024254322052,0.49589768052101135,-0.0398564375936985,0.6382681727409363,0.5547115206718445,-0.03781624883413315,0.6882410049438477,0.5112562775611877,-0.003615577006712556,0.680712878704071,0.4459783732891083,-0.03757684305310249,0.6688386797904968,0.5023611187934875,-0.036649759858846664,0.6679186224937439,0.561404287815094,-0.023144153878092766,0.7368464469909668,0.5270584225654602,-0.018598906695842743,0.7423590421676636,0.45049041509628296,-0.03658122941851616,0.7207006812095642,0.4659443795681,-0.03157791495323181,0.7028847932815552,0.5022857189178467,-0.020433591678738594
0.6731265783309937,0.7474532127380371,-8.924705241497577e-08,0.6187756061553955,0.6943313479423523,-0.01233975775539875,0.5926743149757385,0.6122854351997375,-0.018139000982046127,0.5923622846603394,0.539359986782074,-0.028579331934452057,0.5809391140937805,0.4814560115337372,-0.03702615946531296,0.5970820188522339,0.5197723507881165,0.013271666131913662,0.5778456330299377,0.4642997980117798,-0.012585279531776905,0.5740551948547363,0.43428170680999756,-0.030517781153321266,0.5780074596405029,0.4347924292087555,-0.03681191802024841,0.6417655944824219,0.5082859992980957,0.006256116088479757,0.6233254075050354,0.4310145378112793,-0.02518744021654129,0.6180688738822937,0.45430824160575867,-0.038760751485824585,0.6211236119270325,0.493313193321228,-0.03747144341468811,0.6884524822235107,0.5113404989242554,-0.00592023553326726,0.6776481866836548,0.4477776288986206,-0.041972700506448746,0.6632390022277832,0.5051611661911011,-0.04271318390965462,0.6610428094863892,0.5694341659545898,-0.028809189796447754,0.7384210228919983,0.5278305411338806,-0.019412416964769363,0.7451841235160828,0.44930005073547363,-0.04008565470576286,0.7235037088394165,0.45759767293930054,-0.0364953875541687,0.7039881944656372,0.4908088147640228,-0.025542614981532097
0.6741571426391602,0.7292368412017822,6.850962677162897e-07,0.6200259923934937,0.7116810083389282,-0.04929240420460701,0.5685173869132996,0.6813483238220215,-0.08544744551181793,0.5251706838607788,0.6658616662025452,-0.11966623365879059,0.48933282494544983,0.671761691570282,-0.15343864262104034,0.5883220434188843,0.5252155661582947,-0.054990991950035095,0.569054901599884,0.43995529413223267,-0.09025782346725464,0.5519288182258606,0.38452616333961487,-0.11409478634595871,0.5409327745437622,0.34532833099365234,-0.1274130791425705,0.6392140984535217,0.5088944435119629,-0.05246221274137497,0.625099778175354,0.41179901361465454,-0.08936502039432526,0.6106546521186829,0.36035871505737305,-0.10772786289453506,0.6049414277076721,0.31913238763809204,-0.11557230353355408,0.6895178556442261,0.513319194316864,-0.05544786900281906,0.6934541463851929,0.4333292245864868,-0.09960897266864777,0.6801010966300964,0.4898262023925781,-0.10424406826496124,0.6750546097755432,0.5517855882644653,-0.09489607810974121,0.7407084107398987,0.5327092409133911,-0.062312886118888855,0.7529106140136719,0.45780590176582336,-0.09276454150676727,0.7394150495529175,0.47818946838378906,-0.09143250435590744,0.728613018989563,0.5202121734619141,-0.08226282894611359
0.6719223856925964,0.7328072190284729,1.1168339142386685e-06,0.6189540028572083,0.7132731676101685,-0.04625146836042404,0.566079318523407,0.686767578125,-0.08528055995702744,0.5150057077407837,0.6903488636016846,-0.12393957376480103,0.4667661786079407,0.7087591290473938,-0.16292135417461395,0.5844753980636597,0.5098099708557129,-0.06590761244297028,0.5702048540115356,0.394581139087677,-0.10725624114274979,0.560926079750061,0.31675267219543457,-0.13545538485050201,0.556447446346283,0.24802914261817932,-0.1529378443956375,0.6353358030319214,0.49577027559280396,-0.07000859826803207,0.6240034699440002,0.3747807741165161,-0.11507163196802139,0.6138096451759338,0.29221636056900024,-0.14069965481758118,0.6078370213508606,0.21312043070793152,-0.15362109243869781,0.6880775094032288,0.5063005685806274,-0.07730744779109955,0.6996479630470276,0.4462195932865143,-0.1286938488483429,0.686834454536438,0.5251027941703796,-0.12995287775993347,0.674261748790741,0.5875749588012695,-0.11657898873090744,0.737966001033783,0.5319079756736755,-0.08827324956655502,0.7520177364349365,0.4696445167064667,-0.12273823469877243,0.7395437359809875,0.515155017375946,-0.11364898830652237,0.7232309579849243,0.5610983371734619,-0.09771892428398132
0.6768478155136108,0.7409306764602661,1.0488097359484527e-06,0.6206117272377014,0.7205488681793213,-0.04275483265519142,0.5666494965553284,0.6860240697860718,-0.07799667119979858,0.5203589200973511,0.6832454204559326,-0.11333847045898438,0.47471222281455994,0.701308012008667,-0.14856630563735962,0.5845642685890198,0.5125744342803955,-0.06542645394802094,0.567817747592926,0.3920367360115051,-0.10732041299343109,0.5571417212486267,0.3136247396469116,-0.13335342705249786,0.5497276782989502,0.24702876806259155,-0.14804574847221375,0.6360206007957458,0.49848300218582153,-0.0706871896982193,0.625397801399231,0.3678634762763977,-0.11740545928478241,0.6197854280471802,0.27987128496170044,-0.14298194646835327,0.6169085502624512,0.1993841826915741,-0.15467269718647003,0.6893780827522278,0.5107401609420776,-0.07879915088415146,0.700240969657898,0.46209198236465454,-0.13185860216617584,0.6904678344726562,0.5380426645278931,-0.13490799069404602,0.679363489151001,0.5974635481834412,-0.12092595547437668,0.7402244806289673,0.5369579195976257,-0.0901281014084816,0.7550898790359497,0.46957990527153015,-0.12328996509313583,0.7499208450317383,0.5012853145599365,-0.1147155687212944,0.7390408515930176,0.5362865924835205,-0.09889710694551468
0.6774805188179016,0.7476507425308228,1.014486429085082e-06,0.6234082579612732,0.7209545373916626,-0.04418502002954483,0.5709633827209473,0.6819502711296082,-0.07830818742513657,0.5244429707527161,0.6754951477050781,-0.1125907376408577,0.47743383049964905,0.6920119524002075,-0.14615726470947266,0.5869326591491699,0.5173027515411377,-0.060298312455415726,0.5691459774971008,0.39617156982421875,-0.10194620490074158,0.5549458861351013,0.31900784373283386,-0.12691661715507507,0.5435398817062378,0.25298991799354553,-0.14083604514598846,0.6379430294036865,0.5004044771194458,-0.06495412439107895,0.6293458938598633,0.3659850060939789,-0.11222460120916367,0.621209979057312,0.28069859743118286,-0.1362585872411728,0.6152305603027344,0.2010267674922943,-0.14637359976768494,0.6907479166984558,0.5104691386222839,-0.0733177661895752,0.7086012363433838,0.45645561814308167,-0.127064049243927,0.6981868147850037,0.5381057262420654,-0.12718532979488373,0.6868013143539429,0.5983598232269287,-0.1110047698020935,0.740028440952301,0.5365384817123413,-0.08527059853076935,0.7596940994262695,0.47279587388038635,-0.11785633862018585,0.7513402104377747,0.5140075087547302,-0.10755041241645813,0.7378995418548584,0.5504888296127319,-0.09081941843032837
0.6785416007041931,0.7488204836845398,9.229649435837928e-07,0.6269772052764893,0.7214452028274536,-0.037969138473272324,0.5753130912780762,0.6829493641853333,-0.06896519660949707,0.5338910818099976,0.6688428521156311,-0.10140421986579895,0.4883716106414795,0.6808121204376221,-0.13333246111869812,0.5918450355529785,0.5147922039031982,-0.053010690957307816,0.5717036128044128,0.394430935382843,-0.09047932922840118,0.5566672086715698,0.3185645043849945,-0.11371765285730362,0.5450426936149597,0.2538270950317383,-0.1268993467092514,0.6421545147895813,0.5009418725967407,-0.060136858373880386,0.6317234039306641,0.36913159489631653,-0.10241207480430603,0.62350994348526,0.28174930810928345,-0.12598149478435516,0.6196286082267761,0.2041606605052948,-0.1370731145143509,0.6929300427436829,0.5145995020866394,-0.07047068327665329,0.7061600685119629,0.4598839282989502,-0.11941266059875488,0.6949008703231812,0.5316362977027893,-0.12183576077222824,0.6847569942474365,0.5905402302742004,-0.10857587307691574,0.7413170337677002,0.5434863567352295,-0.08394058793783188,0.7576723694801331,0.4737090766429901,-0.11346472054719925,0.7501310110092163,0.5044260621070862,-0.10428726673126221,0.7388845682144165,0.5398380160331726,-0.08905646204948425
0.6799692511558533,0.7539339065551758,9.211016163135355e-07,0.6264036893844604,0.7203683853149414,-0.03777096047997475,0.576135516166687,0.6749731302261353,-0.06718480587005615,0.5318586826324463,0.6566008925437927,-0.09770356863737106,0.4871901273727417,0.6634193658828735,-0.1275652050971985,0.5892659425735474,0.5175605416297913,-0.04765916243195534,0.5653670430183411,0.396942138671875,-0.08424022793769836,0.5481196641921997,0.32119232416152954,-0.1072707325220108,0.5340362191200256,0.2582423985004425,-0.11987066268920898,0.6410605311393738,0.5029329657554626,-0.053195156157016754,0.6367490887641907,0.37014228105545044,-0.09218995273113251,0.6325252652168274,0.28210586309432983,-0.11367674916982651,0.6321123242378235,0.20855650305747986,-0.12299201637506485,0.6912896037101746,0.5154619812965393,-0.06271009147167206,0.7028810381889343,0.4653475880622864,-0.10736367106437683,0.6898897886276245,0.5275271534919739,-0.11086969822645187,0.6807520389556885,0.580993115901947,-0.09900679439306259,0.7376956343650818,0.5424185991287231,-0.07547680288553238,0.7516708970069885,0.47721895575523376,-0.10134325176477432,0.7428329586982727,0.5046659111976624,-0.09240297973155975,0.7332951426506042,0.5388321876525879,-0.0777667835354805
0.6667767763137817,0.761699378490448,-1.9647644933229458e-07,0.6105232834815979,0.7085426449775696,-0.01831761561334133,0.5802142024040222,0.6267159581184387,-0.029040636494755745,0.5811426043510437,0.554033637046814,-0.043893735855817795,0.5786960124969482,0.49470996856689453,-0.05746043846011162,0.5787136554718018,0.5155868530273438,-0.005578122101724148,0.5615168809890747,0.40863358974456787,-0.031027061864733696,0.5474333167076111,0.34739816188812256,-0.047636132687330246,0.5390021204948425,0.29257166385650635,-0.05855969339609146,0.6264302134513855,0.5098240375518799,-0.012719607912003994,0.6116092801094055,0.43598783016204834,-0.05317315086722374,0.6099666953086853,0.502967357635498,-0.0633760616183281,0.619316041469574,0.5541869401931763,-0.05989818647503853,0.6740036010742188,0.5179042220115662,-0.024157553911209106,0.6637457013130188,0.4564970135688782,-0.0609586201608181,0.6520471572875977,0.5203354358673096,-0.051595788449048996,0.6556224822998047,0.5715452432632446,-0.03430949151515961,0.7224642038345337,0.5358411073684692,-0.03824310749769211,0.7265433073043823,0.46012985706329346,-0.057323407381772995,0.7060280442237854,0.4871533513069153,-0.047158386558294296,0.695976972579956,0.5244895815849304,-0.03383638709783554
0.6755492687225342,0.7766834497451782,-3.279661768829101e-07,0.6214195489883423,0.7188751697540283,-0.035307448357343674,0.5846261978149414,0.6438970565795898,-0.05654692277312279,0.5752557516098022,0.5612354874610901,-0.08057644218206406,0.5754173398017883,0.48746663331985474,-0.09857041388750076,0.5779693126678467,0.5302509665489197,-0.002278371248394251,0.5632420778274536,0.44952353835105896,-0.04457584768533707,0.5696142911911011,0.4675348997116089,-0.06895803660154343,0.5811368227005005,0.500392496585846,-0.07688143849372864,0.624395489692688,0.5201259851455688,-0.0009981872281059623,0.6171878576278687,0.4550389349460602,-0.04371582344174385,0.6183144450187683,0.520024299621582,-0.056707318872213364,0.6200733184814453,0.5561277866363525,-0.05459899827837944,0.6729557514190674,0.5205861926078796,-0.00902235321700573,0.6700877547264099,0.4608885645866394,-0.05182873085141182,0.6620612144470215,0.5240058898925781,-0.04818462207913399,0.6588963270187378,0.571021318435669,-0.03298831358551979,0.7196678519248962,0.5311604738235474,-0.020871829241514206,0.7249279618263245,0.4598020315170288,-0.04371315613389015,0.708497941493988,0.48445308208465576,-0.03754664212465286,0.6952468156814575,0.5176213383674622,-0.025097249075770378
0.6731436252593994,0.768720805644989,-4.801374302587647e-07,0.6156995296478271,0.7185858488082886,-0.028074443340301514,0.5831594467163086,0.6430810689926147,-0.04427885636687279,0.5816336870193481,0.5650177001953125,-0.06290319561958313,0.5750198364257812,0.49577122926712036,-0.07462874799966812,0.5837293267250061,0.5334627628326416,-0.007625773549079895,0.5673670172691345,0.4491526782512665,-0.047151610255241394,0.5720914006233215,0.4889368414878845,-0.0660940408706665,0.5805808305740356,0.5356696844100952,-0.0695006251335144,0.6301414370536804,0.5241257548332214,-0.007948181591928005,0.6175719499588013,0.4554760158061981,-0.04912202060222626,0.6211033463478088,0.5367926955223083,-0.05710162594914436,0.6268394589424133,0.5851566195487976,-0.050857942551374435,0.6770810484886169,0.5262138843536377,-0.0159154050052166,0.6691684126853943,0.4615612030029297,-0.05580758675932884,0.6610295176506042,0.5351933836936951,-0.0487041249871254,0.6598963737487793,0.5888689756393433,-0.030935192480683327,0.7243297100067139,0.5371863842010498,-0.026848146691918373,0.7319875359535217,0.4545672535896301,-0.04795484244823456,0.71489018201828,0.470657080411911,-0.041849974542856216,0.6994272470474243,0.4972165822982788,-0.02947968803346157
0.6726519465446472,0.7700696587562561,-3.1944992429089325e-07,0.6180903315544128,0.7214323878288269,-0.030384106561541557,0.5840856432914734,0.6444204449653625,-0.047026652842760086,0.5817753076553345,0.5638426542282104,-0.06600533425807953,0.574964165687561,0.4924767017364502,-0.07978321611881256,0.5812022089958191,0.5344231724739075,-0.0024236801546067,0.5646973848342896,0.4594532549381256,-0.03862231969833374,0.56462562084198,0.4728966951370239,-0.05756464600563049,0.5705860257148743,0.49993905425071716,-0.06247847527265549,0.6272771954536438,0.5239675641059875,-0.002089518355205655,0.6165010929107666,0.4606302082538605,-0.04055008664727211,0.6150873303413391,0.5309635996818542,-0.0493643581867218,0.6179851293563843,0.5667599439620972,-0.044091302901506424,0.6753915548324585,0.524140477180481,-0.009702029637992382,0.6697474718093872,0.46143174171447754,-0.04858177900314331,0.6589600443840027,0.5271927118301392,-0.04203883185982704,0.655686616897583,0.573329508304596,-0.025111690163612366,0.7232136726379395,0.53536456823349,-0.02056914009153843,0.7297024726867676,0.45976975560188293,-0.04166405647993088,0.7129650115966797,0.4832146167755127,-0.03417258337140083,0.698538601398468,0.5125463604927063,-0.02081296592950821
0.6695195436477661,0.767116129398346,-3.426362411573791e-07,0.6120703816413879,0.7102517485618591,-0.017828918993473053,0.5832405090332031,0.6287682056427002,-0.026470869779586792,0.5824857354164124,0.552988588809967,-0.03936149924993515,0.5790384411811829,0.4889249801635742,-0.04821689799427986,0.586061954498291,0.5386910438537598,0.010162366554141045,0.5689147710800171,0.4646693468093872,-0.02158765308558941,0.5699681639671326,0.488095223903656,-0.04357072710990906,0.5767092108726501,0.518022894859314,-0.052176620811223984,0.6305657625198364,0.5291142463684082,0.005590436514467001,0.6210650205612183,0.4606282711029053,-0.02493748441338539,0.6163457036018372,0.4995778799057007,-0.039916008710861206,0.6175398230552673,0.5271695256233215,-0.04309860244393349,0.6778292655944824,0.5299716591835022,-0.005564823746681213,0.6752029657363892,0.46171581745147705,-0.03637068346142769,0.6625773906707764,0.5106015801429749,-0.0367983840405941,0.6591975688934326,0.5541611313819885,-0.02809019573032856,0.7264354825019836,0.5402004718780518,-0.019116120412945747,0.7318179607391357,0.46355313062667847,-0.035100676119327545,0.7124754190444946,0.4867895841598511,-0.030115842819213867,0.6983052492141724,0.5235252380371094,-0.020957589149475098
0.6739748120307922,0.7604964375495911,-4.5714077145930787e-07,0.6187575459480286,0.7121804356575012,-0.016279704868793488,0.5851677060127258,0.6311232447624207,-0.02407217212021351,0.5827812552452087,0.5553652048110962,-0.03610199689865112,0.5776306986808777,0.4958180785179138,-0.04465673491358757,0.5880388021469116,0.534076988697052,0.004154925234615803,0.5698926448822021,0.46016719937324524,-0.027351198717951775,0.5643854737281799,0.47354644536972046,-0.043586600571870804,0.5695604085922241,0.5044704675674438,-0.047318439930677414,0.6338708996772766,0.5244889855384827,-0.0008120210841298103,0.6202402114868164,0.46682068705558777,-0.03664448857307434,0.6204673051834106,0.5442395210266113,-0.04319003224372864,0.6304322481155396,0.5925714373588562,-0.036309417337179184,0.6813592910766602,0.5273145437240601,-0.011912573128938675,0.6713625192642212,0.47131773829460144,-0.04805292934179306,0.6629136800765991,0.5426830053329468,-0.039946459233760834,0.6667899489402771,0.595532238483429,-0.02196251042187214,0.7293279767036438,0.5414347052574158,-0.024964774027466774,0.7331098318099976,0.4641141891479492,-0.0455070398747921,0.7162351012229919,0.48957085609436035,-0.03752628713846207,0.7058367133140564,0.5238521695137024,-0.02387748286128044
0.6697413921356201,0.7442328929901123,1.148925548477564e-06,0.6142207980155945,0.7281147241592407,-0.0391094945371151,0.5613985061645508,0.696607232093811,-0.07198713719844818,0.5143473148345947,0.697657585144043,-0.10443887114524841,0.471962034702301,0.7149235010147095,-0.13740375638008118,0.5804411768913269,0.53229820728302,-0.061119936406612396,0.5466163754463196,0.42835110425949097,-0.0949447751045227,0.5233081579208374,0.3533608317375183,-0.11727800965309143,0.5065275430679321,0.290981650352478,-0.1313399374485016,0.6336444616317749,0.5162150859832764,-0.06514638662338257,0.6393207907676697,0.4026472866535187,-0.1004578173160553,0.6444434523582458,0.3249850273132324,-0.12072740495204926,0.6522650718688965,0.25978171825408936,-0.13024407625198364,0.6851286292076111,0.5293194055557251,-0.07133796811103821,0.694887638092041,0.4936257600784302,-0.11086474359035492,0.6798579692840576,0.5694336891174316,-0.10977751016616821,0.6691718101501465,0.6244120001792908,-0.09683214873075485,0.7332505583763123,0.5560453534126282,-0.0810309574007988,0.7490911483764648,0.5009258985519409,-0.10780166834592819,0.7425312399864197,0.5209515690803528,-0.09857042133808136,0.7358245253562927,0.544917106628418,-0.08341431617736816
0.6717080473899841,0.7522506713867188,1.1688874792525894e-06,0.6226211786270142,0.7326607704162598,-0.03882979974150658,0.5725753307342529,0.6967107057571411,-0.07200555503368378,0.5262452363967896,0.6936841011047363,-0.10537139326334,0.4808462858200073,0.712307333946228,-0.13880369067192078,0.5786038637161255,0.5353633165359497,-0.06396135687828064,0.5407181978225708,0.4179753065109253,-0.09985935688018799,0.5157942175865173,0.34240877628326416,-0.12016698718070984,0.49553078413009644,0.2778988480567932,-0.13210470974445343,0.6309149265289307,0.5185457468032837,-0.07007564604282379,0.6425062417984009,0.3860166668891907,-0.1094953790307045,0.6564509272575378,0.29529258608818054,-0.13038615882396698,0.6684935688972473,0.2200891077518463,-0.13962171971797943,0.6805198788642883,0.5316584706306458,-0.07844115048646927,0.7031077146530151,0.49275338649749756,-0.1226373240351677,0.6931293606758118,0.5647177696228027,-0.12379885464906693,0.6836742162704468,0.6205257773399353,-0.1110941618680954,0.7266228199005127,0.5579105019569397,-0.0898391380906105,0.7470558881759644,0.5026469230651855,-0.11662094295024872,0.7437799572944641,0.5358766317367554,-0.10595422983169556,0.7372927665710449,0.5727063417434692,-0.09013042598962784
0.6722776293754578,0.7468953132629395,1.1049942258978263e-06,0.6235357522964478,0.7246779203414917,-0.035178206861019135,0.5685267448425293,0.6820047497749329,-0.0633009746670723,0.5243791341781616,0.6706799268722534,-0.09250465035438538,0.48231247067451477,0.6871557235717773,-0.12139102071523666,0.575832188129425,0.5245986580848694,-0.054762016981840134,0.5379114151000977,0.410222589969635,-0.0897362008690834,0.5114189386367798,0.33571529388427734,-0.10908082127571106,0.4907582402229309,0.2720208764076233,-0.12019301950931549,0.6282601952552795,0.5078988671302795,-0.06179583817720413,0.6370300054550171,0.3766128420829773,-0.1028299629688263,0.6477829813957214,0.28475597500801086,-0.12361184507608414,0.6587269902229309,0.2079489529132843,-0.13210763037204742,0.6783714890480042,0.5189800262451172,-0.07132729142904282,0.6910951733589172,0.47970232367515564,-0.11961941421031952,0.6796445846557617,0.5598469972610474,-0.11984983831644058,0.6718554496765137,0.6229122281074524,-0.10466717183589935,0.7257558703422546,0.5427268147468567,-0.08355272561311722,0.7405754923820496,0.4828430414199829,-0.1133289560675621,0.7352031469345093,0.5229493379592896,-0.10235201567411423,0.7272447943687439,0.5654338002204895,-0.0854734256863594
0.668692946434021,0.7515721917152405,1.10733924429951e-06,0.6181707382202148,0.7275847792625427,-0.03461417183279991,0.5640636086463928,0.6823668479919434,-0.06130535900592804,0.5207808017730713,0.6663669943809509,-0.08863194286823273,0.47906190156936646,0.6824127435684204,-0.11528986692428589,0.5703316330909729,0.5254151821136475,-0.05162152275443077,0.5340345501899719,0.4107854962348938,-0.08384040743112564,0.5090283751487732,0.33671921491622925,-0.10145808011293411,0.4896312952041626,0.27259349822998047,-0.11165501177310944,0.6223705410957336,0.5093515515327454,-0.05742890387773514,0.6340388059616089,0.3774434030056,-0.09510452300310135,0.6461585164070129,0.2877461314201355,-0.1133609265089035,0.6582056879997253,0.21187835931777954,-0.12069351971149445,0.6725006103515625,0.5208694934844971,-0.06591073423624039,0.6890230178833008,0.4843584895133972,-0.11044400930404663,0.6747968792915344,0.5622046589851379,-0.11002287268638611,0.6650441884994507,0.621276319026947,-0.09553297609090805,0.7206379175186157,0.5437090992927551,-0.07717416435480118,0.7379430532455444,0.483671098947525,-0.10430169850587845,0.7298556566238403,0.5241488814353943,-0.0935000479221344,0.7189551591873169,0.5655717849731445,-0.07771333307027817
0.6691046357154846,0.754915714263916,1.084451128008368e-06,0.6196073293685913,0.7294403314590454,-0.03578822314739227,0.5657685995101929,0.6829328536987305,-0.06410893052816391,0.5223356485366821,0.6632459163665771,-0.09337705373764038,0.4795167148113251,0.6731811165809631,-0.12200967967510223,0.5701882243156433,0.529061496257782,-0.05526675656437874,0.5320526361465454,0.41272568702697754,-0.09079224616289139,0.5069634914398193,0.3385705351829529,-0.11015662550926208,0.48763763904571533,0.27451521158218384,-0.12115414440631866,0.6232749819755554,0.5121487379074097,-0.06197069585323334,0.630973219871521,0.3801060914993286,-0.10432899743318558,0.6401059627532959,0.2878015637397766,-0.12591244280338287,0.6502392292022705,0.21036574244499207,-0.13529498875141144,0.6739808917045593,0.5238167643547058,-0.07131741940975189,0.6884726285934448,0.48471102118492126,-0.12091188132762909,0.6724539995193481,0.5649635195732117,-0.12262777239084244,0.6610662937164307,0.6289951801300049,-0.1087726503610611,0.7218477725982666,0.5467783212661743,-0.08338111639022827,0.7373412847518921,0.48404639959335327,-0.11462859064340591,0.7285497784614563,0.5208781361579895,-0.10605888813734055,0.7173008918762207,0.5619395971298218,-0.09131892025470734
0.6657291054725647,0.7730300426483154,-4.434135121300642e-07,0.6078978180885315,0.7201221585273743,-0.023320123553276062,0.5710664987564087,0.6441686153411865,-0.03769930079579353,0.5655730366706848,0.566814661026001,-0.056459855288267136,0.559241533279419,0.49822962284088135,-0.07008765637874603,0.565967857837677,0.5306512117385864,0.003968784585595131,0.5479989051818848,0.44349104166030884,-0.03153206780552864,0.5479387044906616,0.4645898938179016,-0.051894184201955795,0.5574308037757874,0.5006266236305237,-0.05796443670988083,0.6107577681541443,0.5196560025215149,0.0006869750213809311,0.5982562303543091,0.4487437605857849,-0.03260078653693199,0.5977131724357605,0.5090582966804504,-0.040889136493206024,0.6038937568664551,0.5436857342720032,-0.037558335810899734,0.6573605537414551,0.5197815299034119,-0.010212681256234646,0.6492576003074646,0.45804470777511597,-0.04402005299925804,0.6434549689292908,0.5224147439002991,-0.035912785679101944,0.6481791734695435,0.5687616467475891,-0.019940204918384552,0.7047243714332581,0.5293055772781372,-0.02429986745119095,0.7080972194671631,0.45302945375442505,-0.04098458215594292,0.6931952834129333,0.47927576303482056,-0.03085925430059433,0.6854000091552734,0.5117132663726807,-0.01698763109743595
0.6642595529556274,0.7729313969612122,-4.343039847753971e-07,0.6048491597175598,0.7189298868179321,-0.024332232773303986,0.5691478252410889,0.6387197971343994,-0.03747707977890968,0.5633540749549866,0.5564161539077759,-0.05434045568108559,0.5610190629959106,0.4843551218509674,-0.06585372239351273,0.571735680103302,0.5378402471542358,0.005111792124807835,0.5558144450187683,0.4584335684776306,-0.032930951565504074,0.5579262971878052,0.49724018573760986,-0.05626051872968674,0.5661420822143555,0.535321056842804,-0.06395969539880753,0.616355836391449,0.5259201526641846,0.003674789797514677,0.6070641875267029,0.4556344151496887,-0.03325866162776947,0.6042067408561707,0.5202620625495911,-0.04638764262199402,0.6063805222511292,0.5611929297447205,-0.04548892006278038,0.6625555157661438,0.5259372591972351,-0.005396340042352676,0.6590621471405029,0.46348991990089417,-0.042020201683044434,0.6469090580940247,0.5307602286338806,-0.039162419736385345,0.6427565217018127,0.5820490717887878,-0.02532877027988434,0.7088103294372559,0.5351913571357727,-0.017181329429149628,0.7168158292770386,0.4579441249370575,-0.03543781861662865,0.6998808979988098,0.4734824001789093,-0.029798325151205063,0.6851708292961121,0.4988464117050171,-0.01843482069671154
0.6656758785247803,0.7721008062362671,-3.4893832889792975e-07,0.6068797707557678,0.7231155633926392,-0.01951131783425808,0.5739280581474304,0.6449877023696899,-0.029064448550343513,0.5700715780258179,0.5680643320083618,-0.04221109673380852,0.5629290342330933,0.503789484500885,-0.051124438643455505,0.5740963220596313,0.5492039918899536,0.0077340551652014256,0.5553176403045654,0.47119247913360596,-0.022984202951192856,0.5553537011146545,0.49498870968818665,-0.04410310834646225,0.5624924302101135,0.5279541015625,-0.05210616812109947,0.6184588670730591,0.536307156085968,0.004734190646559,0.6055278182029724,0.4649655520915985,-0.022316841408610344,0.6008646488189697,0.5027890205383301,-0.03545261174440384,0.603299617767334,0.531930148601532,-0.03847145661711693,0.665019690990448,0.5347668528556824,-0.004833027720451355,0.6583043336868286,0.46499937772750854,-0.032661017030477524,0.6478652358055115,0.515974760055542,-0.031507499516010284,0.6479981541633606,0.5627654194831848,-0.02278926596045494,0.7134997248649597,0.5423433184623718,-0.017069770023226738,0.7173219323158264,0.4642316997051239,-0.03160212188959122,0.6999720931053162,0.4860648810863495,-0.02628147415816784,0.6881782412528992,0.5222064256668091,-0.017604753375053406
0.6666685342788696,0.7655264139175415,-5.640517883875873e-07,0.6101750731468201,0.7228306531906128,-0.019953571259975433,0.574853777885437,0.6474541425704956,-0.030623463913798332,0.5728936791419983,0.572761595249176,-0.04481866583228111,0.5698084235191345,0.5121746063232422,-0.05325113609433174,0.5717661380767822,0.5455780029296875,-0.0011897457297891378,0.5523699522018433,0.4725717008113861,-0.0371972881257534,0.5610719323158264,0.5244734883308411,-0.05543490871787071,0.573506236076355,0.5691102743148804,-0.05936957523226738,0.6179236173629761,0.5324351191520691,-0.004483087919652462,0.6044654250144958,0.4726118743419647,-0.04011138528585434,0.6105066537857056,0.5540168881416321,-0.0466744601726532,0.6188511848449707,0.5981814861297607,-0.04124552756547928,0.6658099293708801,0.5313994884490967,-0.014460968784987926,0.6566244959831238,0.4693169593811035,-0.04951930418610573,0.6512760519981384,0.5468690395355225,-0.04125078767538071,0.6523719429969788,0.5994997024536133,-0.02447258122265339,0.7145586609840393,0.5402436852455139,-0.026681222021579742,0.7202717065811157,0.46363121271133423,-0.04470837488770485,0.7028922438621521,0.48772937059402466,-0.036894962191581726,0.6878621578216553,0.5155713558197021,-0.02440629154443741
0.6684777140617371,0.7617285251617432,-2.6598797830956755e-07,0.613035261631012,0.7167267203330994,-0.020528148859739304,0.5789161324501038,0.6441202759742737,-0.03163108229637146,0.5739291310310364,0.5710776448249817,-0.046226002275943756,0.5655146241188049,0.5099990963935852,-0.05742920935153961,0.575568675994873,0.5429223775863647,0.004922506865113974,0.5541722178459167,0.47517234086990356,-0.024082563817501068,0.5528513789176941,0.47885429859161377,-0.042758867144584656,0.5600873231887817,0.5057589411735535,-0.04933198541402817,0.6197232007980347,0.528092086315155,0.001380288158543408,0.6058007478713989,0.464717835187912,-0.028453079983592033,0.6038731336593628,0.5100283622741699,-0.04073570296168327,0.6077368855476379,0.5486900210380554,-0.04112277179956436,0.6663534641265869,0.5260714888572693,-0.008376473560929298,0.6600357890129089,0.4664701521396637,-0.039070408791303635,0.6513240337371826,0.5249296426773071,-0.0368720181286335,0.6509304642677307,0.5774217247962952,-0.02573809027671814,0.7148391008377075,0.5365267992019653,-0.020721066743135452,0.7181988954544067,0.46558231115341187,-0.03817359730601311,0.7001423835754395,0.4922356903553009,-0.03269653767347336,0.6858187913894653,0.5303869843482971,-0.022685067728161812
0.6625215411186218,0.7512527704238892,5.954157700216456e-07,0.6079718470573425,0.7343651652336121,-0.03128336742520332,0.572353720664978,0.6926463842391968,-0.05386596918106079,0.5799128413200378,0.6555768251419067,-0.07532638311386108,0.5881754159927368,0.6321362257003784,-0.09595528990030289,0.5684707164764404,0.5437470078468323,-0.03777683153748512,0.5379011034965515,0.4527835547924042,-0.06541124731302261,0.5159496068954468,0.3872678875923157,-0.08568045496940613,0.49865487217903137,0.3345853090286255,-0.09896736592054367,0.6170033812522888,0.5254229307174683,-0.04068268463015556,0.6092445254325867,0.44042766094207764,-0.06753817945718765,0.6048436164855957,0.38459476828575134,-0.08419596403837204,0.6034119129180908,0.34755009412765503,-0.0929434597492218,0.6660290360450745,0.5330806374549866,-0.047136638313531876,0.665493369102478,0.47797128558158875,-0.07705582678318024,0.6590775847434998,0.48955273628234863,-0.08238715678453445,0.6539192795753479,0.5101694464683533,-0.07858151197433472,0.7165179252624512,0.5564380288124084,-0.05652458220720291,0.7263501286506653,0.4969637393951416,-0.0787619799375534,0.7193416953086853,0.48248040676116943,-0.07861334085464478,0.7097819447517395,0.4824439585208893,-0.07281602919101715
0.6664028167724609,0.7566183805465698,1.2332322967267828e-06,0.617648184299469,0.7501044869422913,-0.0422290675342083,0.5644302368164062,0.7257828712463379,-0.0780700296163559,0.5233523845672607,0.7309267520904541,-0.11387930810451508,0.4847713112831116,0.7581929564476013,-0.15068121254444122,0.5657646656036377,0.5536187291145325,-0.07069701701402664,0.525952935218811,0.4361411929130554,-0.10901020467281342,0.49916529655456543,0.35841792821884155,-0.1325019747018814,0.4789104759693146,0.2918599247932434,-0.14667052030563354,0.6211644411087036,0.5318652987480164,-0.07558847963809967,0.6227673888206482,0.4053455591201782,-0.11685115844011307,0.6277668476104736,0.3155302107334137,-0.13921034336090088,0.6334190368652344,0.2411593496799469,-0.14961084723472595,0.6735346913337708,0.5395893454551697,-0.08251010626554489,0.680515706539154,0.5002436637878418,-0.12828072905540466,0.6733484268188477,0.5756697654724121,-0.12924547493457794,0.6679677963256836,0.6363450884819031,-0.11632943898439407,0.7222406268119812,0.5607317686080933,-0.09284872561693192,0.7323907017707825,0.5039258003234863,-0.12208345532417297,0.7245520949363708,0.5427834987640381,-0.11135119944810867,0.7141672968864441,0.5880931615829468,-0.09484189003705978
0.6620966792106628,0.7615693807601929,1.2120652854719083e-06,0.6095569729804993,0.7485834956169128,-0.03929901123046875,0.5551091432571411,0.7193716764450073,-0.07419057190418243,0.5156726837158203,0.7231079339981079,-0.11019009351730347,0.4790383279323578,0.7513033747673035,-0.14653487503528595,0.5625452995300293,0.5430730581283569,-0.06323903053998947,0.5265475511550903,0.4306309223175049,-0.1010247990489006,0.501796543598175,0.3563869893550873,-0.12310267984867096,0.48270612955093384,0.29285556077957153,-0.13665400445461273,0.6181946992874146,0.5253185033798218,-0.07132237404584885,0.6267256140708923,0.394456684589386,-0.11414634436368942,0.6360712051391602,0.30554065108299255,-0.1362864077091217,0.6450399160385132,0.22838860750198364,-0.1462852656841278,0.6717104911804199,0.5372793674468994,-0.08204030990600586,0.686518669128418,0.49542900919914246,-0.130779430270195,0.6753103137016296,0.575796365737915,-0.13055643439292908,0.6665036082267761,0.6348844766616821,-0.1161901205778122,0.7212018966674805,0.5635106563568115,-0.0959383174777031,0.7357653379440308,0.5056663751602173,-0.12562663853168488,0.7280236482620239,0.5475175380706787,-0.1136750727891922,0.717842698097229,0.5870070457458496,-0.09680062532424927
0.6637169718742371,0.7562264204025269,1.2213200761834742e-06,0.6110439300537109,0.745262622833252,-0.04357147589325905,0.5591866374015808,0.7205073833465576,-0.08097902685403824,0.5222944021224976,0.7246814370155334,-0.11863825470209122,0.48460453748703003,0.7483857870101929,-0.15608008205890656,0.565828800201416,0.5419095158576965,-0.06936434656381607,0.5282552242279053,0.4253499209880829,-0.10930754244327545,0.5032152533531189,0.3501648008823395,-0.13180097937583923,0.48429006338119507,0.28424474596977234,-0.14503730833530426,0.6212924122810364,0.5231020450592041,-0.07551483064889908,0.6294443607330322,0.3904200792312622,-0.12031969428062439,0.6396000981330872,0.3007654845714569,-0.14345067739486694,0.6493161916732788,0.22177323698997498,-0.1539410799741745,0.6744900345802307,0.5335890054702759,-0.08435778319835663,0.6897417902946472,0.4978902339935303,-0.13439026474952698,0.6807252168655396,0.5800345540046692,-0.13447502255439758,0.6727678775787354,0.637231707572937,-0.12019935995340347,0.7232754826545715,0.557247519493103,-0.09668104350566864,0.7363287210464478,0.5069718360900879,-0.12675833702087402,0.7284656763076782,0.5557886958122253,-0.11427097767591476,0.7171987891197205,0.5972992181777954,-0.09699977934360504
0.6634423136711121,0.7648065090179443,1.1853460364363855e-06,0.6132034659385681,0.7488644123077393,-0.03889675810933113,0.5643196702003479,0.7168651819229126,-0.07308963686227798,0.5272422432899475,0.7156975269317627,-0.10826189070940018,0.4892544746398926,0.7414935827255249,-0.14352020621299744,0.5648593306541443,0.5458447933197021,-0.06158389896154404,0.5294561386108398,0.43129491806030273,-0.09855535626411438,0.5065897107124329,0.3577302098274231,-0.11879092454910278,0.4882812201976776,0.2924747169017792,-0.13017380237579346,0.6203120350837708,0.5254178643226624,-0.06938952207565308,0.6315163969993591,0.3921898603439331,-0.11114169657230377,0.6439700722694397,0.3007954955101013,-0.13241003453731537,0.653739333152771,0.22377362847328186,-0.14104025065898895,0.6731683611869812,0.5332326292991638,-0.07975337654352188,0.69281405210495,0.5031026601791382,-0.1283489167690277,0.6810039281845093,0.5846897959709167,-0.12960423529148102,0.6687774658203125,0.6443948745727539,-0.11560005694627762,0.7219445705413818,0.5542172789573669,-0.09309472143650055,0.7381775379180908,0.5083914399147034,-0.12119459360837936,0.7297998666763306,0.5592827200889587,-0.10870526731014252,0.716730535030365,0.604917585849762,-0.09147018194198608
0.6670660376548767,0.7667816877365112,1.1645826134554227e-06,0.618833065032959,0.7435872554779053,-0.04162898287177086,0.5682681202888489,0.7115798592567444,-0.07619332522153854,0.5268206000328064,0.7108992338180542,-0.11128750443458557,0.4841921925544739,0.7334804534912109,-0.14634084701538086,0.5647075772285461,0.5411767959594727,-0.05923917889595032,0.5297437906265259,0.42660757899284363,-0.09674691408872604,0.5050586462020874,0.35255303978919983,-0.11912660300731659,0.4853445887565613,0.2880111336708069,-0.1320963054895401,0.6197314262390137,0.521256148815155,-0.06528601795434952,0.6263827681541443,0.3875848054885864,-0.10658253729343414,0.6350104808807373,0.29570725560188293,-0.12854988873004913,0.6429973244667053,0.2181447446346283,-0.13822117447853088,0.6720523834228516,0.5310665369033813,-0.0748121589422226,0.6893815994262695,0.48407721519470215,-0.12302733212709427,0.6813700795173645,0.5591043829917908,-0.1250905841588974,0.6736695170402527,0.619845449924469,-0.11172972619533539,0.7211017608642578,0.5547757744789124,-0.08763016760349274,0.7369314432144165,0.4933278560638428,-0.11627888679504395,0.7307618260383606,0.5354226231575012,-0.10501528531312943,0.7201210260391235,0.581479549407959,-0.08843173831701279
0.669980525970459,0.7751662731170654,7.009379032751895e-07,0.6117710471153259,0.7456878423690796,-0.03142819181084633,0.5775966644287109,0.6782719492912292,-0.05385871231555939,0.6004098057746887,0.6177971959114075,-0.07785012573003769,0.6228347420692444,0.5807199478149414,-0.10015010088682175,0.5716773867607117,0.5501897931098938,-0.041712187230587006,0.537649393081665,0.43331795930862427,-0.07397323846817017,0.5156270265579224,0.35960477590560913,-0.09227382391691208,0.4973655045032501,0.2999345660209656,-0.10171180218458176,0.6233155727386475,0.5315980911254883,-0.0475492924451828,0.6090673804283142,0.4022523760795593,-0.08313465863466263,0.6008768677711487,0.3210756778717041,-0.10052135586738586,0.5970723628997803,0.25487637519836426,-0.10667428374290466,0.6752538681030273,0.5393146276473999,-0.05659177526831627,0.6733896136283875,0.4882788360118866,-0.09952300041913986,0.6655228734016418,0.5534150004386902,-0.10097069293260574,0.662181556224823,0.6096621751785278,-0.08739057183265686,0.7257068157196045,0.5601069927215576,-0.06825903803110123,0.7322189807891846,0.48692142963409424,-0.0933137759566307,0.7234064340591431,0.513592004776001,-0.08441481739282608,0.7159454822540283,0.5490479469299316,-0.06980729103088379
0.676558792591095,0.797754168510437,-3.8841145055812376e-07,0.6202281713485718,0.751930832862854,-0.038737766444683075,0.5834590196609497,0.6880654692649841,-0.06263474375009537,0.5762032866477966,0.6134596467018127,-0.08707132935523987,0.570844292640686,0.5424286723136902,-0.10552286356687546,0.567559003829956,0.5648653507232666,-0.01856839656829834,0.5527325868606567,0.48536643385887146,-0.056676726788282394,0.5645685791969299,0.5190413594245911,-0.07916267961263657,0.5775395631790161,0.5589215755462646,-0.08794458955526352,0.6166720390319824,0.5486432313919067,-0.01573755219578743,0.6072748899459839,0.4741843640804291,-0.04998364299535751,0.614295482635498,0.5306540727615356,-0.0626990869641304,0.6179313659667969,0.5677334666252136,-0.06556203216314316,0.6672350764274597,0.54581618309021,-0.02056451141834259,0.6627193689346313,0.4719136357307434,-0.055264148861169815,0.660316526889801,0.531938374042511,-0.05189603939652443,0.6597355604171753,0.580560028553009,-0.04185948893427849,0.7152869701385498,0.55384361743927,-0.02945484220981598,0.720087468624115,0.4699789583683014,-0.04978135600686073,0.7089446187019348,0.4984622001647949,-0.04390012472867966,0.698659360408783,0.5389061570167542,-0.034432314336299896
0.674673318862915,0.7847658395767212,-3.04220463931415e-07,0.6210495233535767,0.7449110746383667,-0.03232473134994507,0.5860691070556641,0.682506799697876,-0.05344230309128761,0.5780224204063416,0.6112067699432373,-0.07600145787000656,0.5719420313835144,0.5482468008995056,-0.09341058880090714,0.5742509365081787,0.5706473588943481,-0.017566107213497162,0.553901731967926,0.493618905544281,-0.05367623642086983,0.5621800422668457,0.516506016254425,-0.07333118468523026,0.5750528573989868,0.5581455230712891,-0.07916022837162018,0.6204556226730347,0.5524455904960632,-0.016708333045244217,0.6089249849319458,0.48235994577407837,-0.05113599821925163,0.6141912937164307,0.5455835461616516,-0.060962844640016556,0.6193337440490723,0.590185284614563,-0.05954147130250931,0.6694028377532959,0.5469022989273071,-0.022584019228816032,0.6626920104026794,0.47477254271507263,-0.055965181440114975,0.6577255725860596,0.5383214950561523,-0.051409102976322174,0.657397449016571,0.5919631123542786,-0.039257146418094635,0.7185454368591309,0.5535428524017334,-0.03180824592709541,0.7233644127845764,0.47494807839393616,-0.05120425298810005,0.7082202434539795,0.50130295753479,-0.04546550661325455,0.6956259608268738,0.5396120548248291,-0.03538988158106804
0.6798956394195557,0.7908008098602295,-2.365306528417932e-08,0.6254797577857971,0.7513177394866943,-0.035669922828674316,0.5917038917541504,0.6884194016456604,-0.05614127963781357,0.584634006023407,0.6128818988800049,-0.07604322582483292,0.5749412178993225,0.5482983589172363,-0.09160478413105011,0.5737130641937256,0.5788692235946655,-0.012416377663612366,0.5547651052474976,0.515376091003418,-0.042587075382471085,0.5547515749931335,0.5065832138061523,-0.06252914667129517,0.5651634931564331,0.52862149477005,-0.07116581499576569,0.6199051737785339,0.5576738119125366,-0.008991234004497528,0.6090981960296631,0.49404940009117126,-0.036095619201660156,0.6077391505241394,0.5147287845611572,-0.04870323836803436,0.6085026860237122,0.5360615849494934,-0.05239725112915039,0.6688956618309021,0.551753580570221,-0.012585816904902458,0.6651651263237,0.4840884804725647,-0.04072655737400055,0.6598920226097107,0.515382707118988,-0.03989793732762337,0.6602395176887512,0.5563883185386658,-0.033020053058862686,0.7181516885757446,0.5629091262817383,-0.020376650616526604,0.7253327369689941,0.49056005477905273,-0.041528813540935516,0.7125943303108215,0.49985557794570923,-0.0408109687268734,0.7014698386192322,0.5284203886985779,-0.03498946875333786
0.6710044741630554,0.7863935232162476,-3.4654501490649636e-08,0.6186678409576416,0.7422263026237488,-0.026858316734433174,0.588934063911438,0.6752219796180725,-0.04260219633579254,0.5834347009658813,0.6075797080993652,-0.05820688605308533,0.5749997496604919,0.5481271147727966,-0.07013196498155594,0.5765820145606995,0.5702221393585205,-0.007159332279115915,0.5595798492431641,0.5175780057907104,-0.033934127539396286,0.5562768578529358,0.5093868374824524,-0.05434242635965347,0.560654878616333,0.5232108235359192,-0.0646357610821724,0.623449444770813,0.5534529089927673,-0.006963733583688736,0.612606942653656,0.49681201577186584,-0.03195623680949211,0.6053416728973389,0.5117854475975037,-0.04640696570277214,0.601681113243103,0.5326182246208191,-0.052635710686445236,0.6721324920654297,0.5529066920280457,-0.012465652078390121,0.670824408531189,0.4895813465118408,-0.038272675126791,0.6594069600105286,0.5182993412017822,-0.039564285427331924,0.6533545851707458,0.5560464262962341,-0.03490595892071724,0.7223896980285645,0.5695975422859192,-0.0211076270788908,0.7300159335136414,0.49922341108322144,-0.039614807814359665,0.7136894464492798,0.49884361028671265,-0.03983049839735031,0.6969322562217712,0.5148676037788391,-0.03555300086736679
0.6791295409202576,0.7758926153182983,-4.85673297134781e-08,0.6270766854286194,0.7444413900375366,-0.03631456941366196,0.593688428401947,0.6833505630493164,-0.056374866515398026,0.5847289562225342,0.6127181053161621,-0.07495538145303726,0.5800438523292542,0.5538712739944458,-0.08804136514663696,0.5778934359550476,0.5756128430366516,-0.02094085142016411,0.5580196380615234,0.5117120742797852,-0.04939411208033562,0.5652687549591064,0.5086174607276917,-0.06226566433906555,0.5807029604911804,0.5410784482955933,-0.0643671303987503,0.6265897750854492,0.5549284219741821,-0.015017112717032433,0.6164973974227905,0.4914710819721222,-0.04338588938117027,0.6195853352546692,0.5263651609420776,-0.05169202387332916,0.6253695487976074,0.5638741254806519,-0.05013326555490494,0.6765704154968262,0.5483751893043518,-0.015235194005072117,0.6720027327537537,0.48590677976608276,-0.04395456612110138,0.6652608513832092,0.5243349671363831,-0.04101419076323509,0.6652972102165222,0.5727676153182983,-0.030711308121681213,0.7262167930603027,0.5575041174888611,-0.01917627640068531,0.7365080118179321,0.4827696681022644,-0.0402199923992157,0.7195296883583069,0.4876798093318939,-0.03962576761841774,0.7027029991149902,0.5167003870010376,-0.03270211070775986
0.6696275472640991,0.7684194445610046,-7.230249110534714e-08,0.6138206720352173,0.7341082692146301,-0.022996827960014343,0.5773286819458008,0.6616605520248413,-0.03598539158701897,0.5782361626625061,0.5936550498008728,-0.04988165572285652,0.5853936672210693,0.5504955649375916,-0.06147831678390503,0.5827672481536865,0.5588007569313049,-0.00818655639886856,0.566625714302063,0.5013483762741089,-0.03558282554149628,0.5601361989974976,0.47678300738334656,-0.052781179547309875,0.5606343746185303,0.4665753245353699,-0.06148267537355423,0.6296530961990356,0.5446586608886719,-0.010408727452158928,0.6188898682594299,0.48867231607437134,-0.049289923161268234,0.6205964088439941,0.5485813617706299,-0.059720780700445175,0.6270239949226379,0.5946313142776489,-0.05491645261645317,0.6780616641044617,0.5471644997596741,-0.0177345871925354,0.6718322038650513,0.49099618196487427,-0.05601320043206215,0.664513349533081,0.5471261739730835,-0.05253761634230614,0.6624047756195068,0.5940032005310059,-0.03704799339175224,0.7267047166824341,0.5645314455032349,-0.027155473828315735,0.7376614212989807,0.5025733113288879,-0.05322898179292679,0.7242785692214966,0.4951467514038086,-0.0534956231713295,0.7093325257301331,0.49490439891815186,-0.04509342089295387
0.6734200119972229,0.7453627586364746,1.0233030707240687e-06,0.627465009689331,0.7363723516464233,-0.049108587205410004,0.5849834084510803,0.6972575187683105,-0.0813063457608223,0.5505939722061157,0.6832026243209839,-0.11096617579460144,0.5143473744392395,0.7041149735450745,-0.14029888808727264,0.5671725869178772,0.5529114603996277,-0.053604915738105774,0.5369330644607544,0.46329790353775024,-0.08377249538898468,0.5141627788543701,0.39697718620300293,-0.10616603493690491,0.49708110094070435,0.343097448348999,-0.12120503932237625,0.6177657842636108,0.5324415564537048,-0.05117602273821831,0.6186486482620239,0.44073599576950073,-0.08671773970127106,0.6216076016426086,0.3835216164588928,-0.10880693048238754,0.6245736479759216,0.343271404504776,-0.11888408660888672,0.6695125699043274,0.5385244488716125,-0.05269312113523483,0.6805306077003479,0.49287983775138855,-0.09580539166927338,0.6737943887710571,0.5585679411888123,-0.10185711830854416,0.6690638065338135,0.6134784817695618,-0.09300464391708374,0.7184147834777832,0.5574444532394409,-0.058038484305143356,0.7364189028739929,0.5033484101295471,-0.08825179189443588,0.7290990352630615,0.5228697061538696,-0.08647525310516357,0.7217974066734314,0.552289605140686,-0.0767960250377655
0.6678858399391174,0.7478225827217102,1.4942382904337137e-06,0.6242453455924988,0.7374110221862793,-0.056610580533742905,0.583865225315094,0.6968052387237549,-0.09907370060682297,0.5518340468406677,0.6789935231208801,-0.13866634666919708,0.5138252973556519,0.6987282037734985,-0.1777242124080658,0.5679407715797424,0.547244668006897,-0.08351815491914749,0.5289250016212463,0.43423306941986084,-0.13118353486061096,0.5014700889587402,0.3585053086280823,-0.1607118397951126,0.4821970462799072,0.29086583852767944,-0.1793777495622635,0.6227741837501526,0.5280406475067139,-0.0841667503118515,0.6301202774047852,0.3935941159725189,-0.14147868752479553,0.6396769285202026,0.3007405400276184,-0.17209400236606598,0.6494299173355103,0.2175581455230713,-0.1851995289325714,0.6777722835540771,0.5368644595146179,-0.0872170627117157,0.688380241394043,0.49150821566581726,-0.14799313247203827,0.6773973107337952,0.5834950804710388,-0.1453792154788971,0.6690406799316406,0.6449832916259766,-0.1263265758752823,0.7263632416725159,0.5577216148376465,-0.09453601390123367,0.7383462190628052,0.508653998374939,-0.1324697583913803,0.729327917098999,0.5600682497024536,-0.11820105463266373,0.7181599736213684,0.6019100546836853,-0.09730002284049988
0.6712510585784912,0.7631841897964478,1.1926193792533013e-06,0.6259393692016602,0.7465777397155762,-0.04730727896094322,0.580906093120575,0.7045506834983826,-0.08206962049007416,0.548944890499115,0.6836721301078796,-0.11573464423418045,0.5099195241928101,0.6922389268875122,-0.14839456975460052,0.5693081021308899,0.5454114079475403,-0.06590164452791214,0.5285839438438416,0.43403732776641846,-0.10677773505449295,0.5019224882125854,0.36061155796051025,-0.13113291561603546,0.48188579082489014,0.2974868416786194,-0.14549674093723297,0.6244726181030273,0.5282231569290161,-0.0693555399775505,0.6270381808280945,0.39315757155418396,-0.11660222709178925,0.633543848991394,0.30191734433174133,-0.14118152856826782,0.6415355801582336,0.22415536642074585,-0.15151458978652954,0.6776675581932068,0.5407500267028809,-0.07645189017057419,0.6877734065055847,0.4968390464782715,-0.130518838763237,0.6762471199035645,0.576706051826477,-0.13146471977233887,0.6695026159286499,0.6359720230102539,-0.11598163098096848,0.7273222804069519,0.5659580230712891,-0.08722072839736938,0.7398996353149414,0.5059773921966553,-0.12042375653982162,0.7315194010734558,0.5451507568359375,-0.1101049929857254,0.7221548557281494,0.5841759443283081,-0.09350786358118057
0.6705885529518127,0.773147702217102,1.1707869589372422e-06,0.624180793762207,0.7511992454528809,-0.041637733578681946,0.5769507884979248,0.7047794461250305,-0.07298917323350906,0.5481029152870178,0.6818698048591614,-0.10515610873699188,0.5165473222732544,0.6974770426750183,-0.13622604310512543,0.569760799407959,0.5448607206344604,-0.05524574965238571,0.5291315317153931,0.43173882365226746,-0.09259107708930969,0.5030131340026855,0.35785728693008423,-0.11411019414663315,0.48398083448410034,0.294070839881897,-0.12665404379367828,0.6255112290382385,0.5282256007194519,-0.06131517142057419,0.6288416981697083,0.3929240107536316,-0.1064688041806221,0.6354240775108337,0.3015292286872864,-0.12938527762889862,0.6438285112380981,0.2217804193496704,-0.13843362033367157,0.6786898374557495,0.5414237976074219,-0.07104390114545822,0.6877660155296326,0.4965941309928894,-0.12454462051391602,0.6764567494392395,0.5812867283821106,-0.12449073046445847,0.6708473563194275,0.6435602307319641,-0.10750681906938553,0.7291486263275146,0.567931056022644,-0.08408228307962418,0.741140604019165,0.5032434463500977,-0.11572615802288055,0.7308197021484375,0.5444017052650452,-0.10403347760438919,0.7201089859008789,0.5849420428276062,-0.08638493716716766
0.675098180770874,0.773552417755127,1.0836231467692414e-06,0.6288321018218994,0.7550461292266846,-0.04279123619198799,0.5835504531860352,0.709064245223999,-0.07354912906885147,0.5561574697494507,0.6782281398773193,-0.10425423830747604,0.5168468952178955,0.6840516328811646,-0.1338191032409668,0.571399986743927,0.5461516976356506,-0.055671073496341705,0.5315189957618713,0.4317243993282318,-0.09353547543287277,0.5052425861358643,0.3577520251274109,-0.11502652615308762,0.4846723675727844,0.2934534251689911,-0.12691490352153778,0.6270344853401184,0.5279770493507385,-0.06026924028992653,0.6283714175224304,0.3930293917655945,-0.10497035086154938,0.6339758038520813,0.3025246262550354,-0.12793515622615814,0.6412991881370544,0.2265339493751526,-0.13682909309864044,0.6806236505508423,0.5405589938163757,-0.06854581832885742,0.6906565427780151,0.5015057325363159,-0.12192321568727493,0.67734694480896,0.5846162438392639,-0.12313815206289291,0.6688205599784851,0.6472681164741516,-0.10688252747058868,0.7301784753799438,0.5662989616394043,-0.08008667081594467,0.7395859956741333,0.5102312564849854,-0.11277812719345093,0.7310047745704651,0.5517774224281311,-0.10278845578432083,0.7218260765075684,0.5899209976196289,-0.08596622198820114
0.6732298731803894,0.7798296809196472,6.672224799331161e-07,0.619839608669281,0.750780463218689,-0.030911767855286598,0.5792911052703857,0.6969854235649109,-0.052650321274995804,0.5783007144927979,0.6525963544845581,-0.07572668790817261,0.5749419331550598,0.6329371333122253,-0.09736938029527664,0.5719027519226074,0.552629828453064,-0.03791559860110283,0.535371720790863,0.4405662417411804,-0.06795397400856018,0.5132142305374146,0.3703173100948334,-0.08581526577472687,0.49562591314315796,0.31286442279815674,-0.09526795893907547,0.6231271028518677,0.5343031883239746,-0.04347072169184685,0.6075337529182434,0.4130513072013855,-0.07667529582977295,0.6004343032836914,0.33693641424179077,-0.09460151940584183,0.5979494452476501,0.27636298537254333,-0.10187749564647675,0.6741279363632202,0.5414363741874695,-0.05246385559439659,0.6689871549606323,0.48534542322158813,-0.09268280863761902,0.662701427936554,0.5390080809593201,-0.0968121662735939,0.6614283919334412,0.5902876257896423,-0.08641225844621658,0.724515438079834,0.5618217587471008,-0.06413362920284271,0.7311964631080627,0.48926761746406555,-0.0885506272315979,0.7226353883743286,0.5006186366081238,-0.08342882990837097,0.715244472026825,0.52544105052948,-0.07218262553215027
0.6727096438407898,0.8029882907867432,-4.429760451785114e-07,0.6134508848190308,0.7530540227890015,-0.028049597516655922,0.5789681077003479,0.6870855093002319,-0.044801488518714905,0.5738513469696045,0.6141696572303772,-0.06506960839033127,0.5709187984466553,0.548370897769928,-0.0803704783320427,0.5783187747001648,0.5766554474830627,-0.001180551596917212,0.5528761148452759,0.4947209358215332,-0.037148647010326385,0.5553480982780457,0.5297935009002686,-0.060711126774549484,0.5699753761291504,0.5692942142486572,-0.06984254717826843,0.6241960525512695,0.5588116645812988,-0.002811760175973177,0.6077141165733337,0.4737575352191925,-0.035616252571344376,0.6044096946716309,0.5303760170936584,-0.048934854567050934,0.6114070415496826,0.5725826025009155,-0.05059142783284187,0.6721025705337524,0.5561196208000183,-0.011977758258581161,0.6656065583229065,0.47551023960113525,-0.04512200504541397,0.6537460684776306,0.5369158983230591,-0.04390384629368782,0.6551477313041687,0.5907117128372192,-0.03363627940416336,0.7195053696632385,0.563967764377594,-0.02449147403240204,0.7267611622810364,0.4746147096157074,-0.041574861854314804,0.7081134915351868,0.4963127076625824,-0.03652443736791611,0.6969522833824158,0.5355141162872314,-0.027365539222955704
0.6712583899497986,0.7940486073493958,-4.1140333451039623e-07,0.6161137223243713,0.7530449628829956,-0.026293030008673668,0.5835325121879578,0.6855573654174805,-0.04234055429697037,0.5801635980606079,0.6159487962722778,-0.06128600612282753,0.5790180563926697,0.5582947731018066,-0.07505160570144653,0.5793673992156982,0.5710563063621521,-0.004157877527177334,0.5581072568893433,0.49983134865760803,-0.0392933115363121,0.563759446144104,0.5436433553695679,-0.06134394183754921,0.5758637189865112,0.586646318435669,-0.06923514604568481,0.6249772906303406,0.5538862943649292,-0.0055245403200387955,0.611271858215332,0.48636725544929504,-0.03654547780752182,0.610637366771698,0.5434374213218689,-0.04864790663123131,0.6166847348213196,0.5795706510543823,-0.04977378249168396,0.6729245781898499,0.5498974323272705,-0.013873407617211342,0.6656396389007568,0.47713080048561096,-0.0426986925303936,0.6570910215377808,0.5321254134178162,-0.041253507137298584,0.6599722504615784,0.5770972967147827,-0.03224407881498337,0.722152054309845,0.5564525127410889,-0.025491202250123024,0.7273906469345093,0.4757826626300812,-0.040024686604738235,0.7096177935600281,0.49417680501937866,-0.0357392355799675,0.6988192200660706,0.5265220403671265,-0.027551701292395592
0.6778099536895752,0.7936805486679077,-2.4548751298425486e-07,0.6285479664802551,0.75611412525177,-0.03723027929663658,0.595231831073761,0.6996586322784424,-0.061155956238508224,0.5872634649276733,0.6317945718765259,-0.08561968058347702,0.5815497040748596,0.5732700228691101,-0.10418976843357086,0.5769144892692566,0.5738077163696289,-0.015857284888625145,0.5580866932868958,0.5153511762619019,-0.051459018141031265,0.5661952495574951,0.5417492389678955,-0.06926299631595612,0.5839195847511292,0.5805627703666687,-0.07432393729686737,0.625308096408844,0.5541749000549316,-0.013085764832794666,0.6137599349021912,0.4929085373878479,-0.046462710946798325,0.618374228477478,0.561559796333313,-0.052693214267492294,0.6260174512863159,0.596503496170044,-0.04795067757368088,0.6756294965744019,0.5475013256072998,-0.01814139261841774,0.6695853471755981,0.4833732843399048,-0.04936616122722626,0.6630758047103882,0.5439400672912598,-0.04083633050322533,0.6646426916122437,0.5891252756118774,-0.026293359696865082,0.726143479347229,0.5562049150466919,-0.027500003576278687,0.7296994924545288,0.4884313941001892,-0.045206304639577866,0.7134550213813782,0.5134655237197876,-0.038200587034225464,0.702903687953949,0.5455405116081238,-0.027011634781956673
0.6736139059066772,0.7958600521087646,-4.63104825598748e-08,0.6209660172462463,0.7575412392616272,-0.029192695394158363,0.5919002294540405,0.6933835744857788,-0.04589710012078285,0.5877017974853516,0.6240917444229126,-0.06311597675085068,0.5822610855102539,0.5685603022575378,-0.07570648193359375,0.5794998407363892,0.5824814438819885,-0.007988842204213142,0.5610937476158142,0.5246761441230774,-0.03419164940714836,0.5602992177009583,0.5165575742721558,-0.0472991019487381,0.5732876062393188,0.5419600009918213,-0.050278302282094955,0.6289764046669006,0.5641816854476929,-0.006412622053176165,0.61506587266922,0.4924480617046356,-0.03473711013793945,0.6141677498817444,0.5318107604980469,-0.042969100177288055,0.6222378015518188,0.5681939721107483,-0.039383359253406525,0.6787933707237244,0.5598220825195312,-0.010757735930383205,0.6728512048721313,0.49076253175735474,-0.03897429257631302,0.661454439163208,0.5328232645988464,-0.03495697304606438,0.6614707112312317,0.5801267623901367,-0.02236955799162388,0.7298970818519592,0.572594404220581,-0.01836969330906868,0.7372588515281677,0.5012785792350769,-0.03683289512991905,0.7192233800888062,0.49838072061538696,-0.034992434084415436,0.7046948671340942,0.5151529908180237,-0.026542143896222115
0.6733895540237427,0.7934950590133667,-3.593888209252327e-07,0.6219213604927063,0.7535731792449951,-0.026978710666298866,0.5911034941673279,0.6857479810714722,-0.043097350746393204,0.588474690914154,0.6172455549240112,-0.062041569501161575,0.5867476463317871,0.5572041869163513,-0.07655230909585953,0.5875281095504761,0.5744351148605347,-0.0010600949171930552,0.5657828450202942,0.5141496658325195,-0.04017826169729233,0.5680575966835022,0.552706241607666,-0.0660458505153656,0.5808127522468567,0.5905600786209106,-0.07592660933732986,0.6321064233779907,0.5579529404640198,-0.0032073543407022953,0.6163256168365479,0.4872233271598816,-0.040462981909513474,0.6154069900512695,0.5511949062347412,-0.05512479320168495,0.6248797178268433,0.5982903242111206,-0.054933883249759674,0.6796568632125854,0.5556548237800598,-0.012903276830911636,0.6706744432449341,0.48633918166160583,-0.04747472703456879,0.6598568558692932,0.5456401109695435,-0.04716039076447487,0.6623076796531677,0.5981380343437195,-0.03594131022691727,0.7293731570243835,0.5655941367149353,-0.025695759803056717,0.7316697239875793,0.49257877469062805,-0.04432041943073273,0.7119595408439636,0.519133985042572,-0.04041651636362076,0.6999044418334961,0.5612945556640625,-0.03065822646021843
0.67519211769104,0.8020594120025635,-3.3183491154886724e-07,0.6210665702819824,0.7628459930419922,-0.02734353207051754,0.5887084007263184,0.6973959803581238,-0.04522381350398064,0.5864080786705017,0.6268786787986755,-0.06567130982875824,0.5870094895362854,0.5674369931221008,-0.08110414445400238,0.5867888927459717,0.5826059579849243,-0.004534788895398378,0.5623301863670349,0.5181829333305359,-0.042553745210170746,0.5693407654762268,0.5458106398582458,-0.06596697121858597,0.5853863954544067,0.5863489508628845,-0.07380145788192749,0.6337854862213135,0.5650688409805298,-0.005222005303949118,0.6220017075538635,0.5047158598899841,-0.04271497577428818,0.6233205795288086,0.5683331489562988,-0.05604970082640648,0.6304919123649597,0.6172708868980408,-0.0548868328332901,0.6825156807899475,0.5624030828475952,-0.013188191689550877,0.6762990951538086,0.4905889928340912,-0.048355113714933395,0.6654065847396851,0.5467623472213745,-0.04732906445860863,0.6640423536300659,0.6029123067855835,-0.035130128264427185,0.730923593044281,0.5745563507080078,-0.02423400804400444,0.741672694683075,0.5009312033653259,-0.04554826021194458,0.7226160764694214,0.49824458360671997,-0.045254986733198166,0.7052486538887024,0.5153804421424866,-0.0372447669506073
0.6736663579940796,0.7674641013145447,6.98482097050146e-07,0.6211649775505066,0.7444558143615723,-0.0325414203107357,0.5859345197677612,0.6926039457321167,-0.05351772531867027,0.5865524411201477,0.6417233347892761,-0.07452915608882904,0.5818818211555481,0.6204172372817993,-0.09414742887020111,0.5803796648979187,0.565485954284668,-0.03787178546190262,0.5512495040893555,0.4788745641708374,-0.06833405047655106,0.5311374068260193,0.4199550747871399,-0.08970747888088226,0.518926203250885,0.3680073022842407,-0.1028338149189949,0.6289357542991638,0.5457908511161804,-0.042229048907756805,0.612501323223114,0.44764453172683716,-0.07472065091133118,0.6004812717437744,0.3772032856941223,-0.0960545614361763,0.5967897176742554,0.3170212209224701,-0.10743079334497452,0.6793488264083862,0.5519979596138,-0.049969252198934555,0.6775593161582947,0.4942711293697357,-0.09090695530176163,0.668076753616333,0.5374372601509094,-0.09982097893953323,0.6647756099700928,0.5858436226844788,-0.0942428857088089,0.7294204831123352,0.5727543830871582,-0.060193922370672226,0.7401756048202515,0.4998873472213745,-0.09007561951875687,0.7250361442565918,0.5114365816116333,-0.09055723994970322,0.7109657526016235,0.5442008972167969,-0.0832139179110527
0.6824981570243835,0.773226261138916,9.842142389970832e-07,0.6335490942001343,0.7636682391166687,-0.04291059076786041,0.5869613885879517,0.7152530550956726,-0.07171936333179474,0.5550283193588257,0.6816093921661377,-0.09951201826334,0.5169845819473267,0.6808281540870667,-0.12659016251564026,0.580329179763794,0.5657691955566406,-0.057450294494628906,0.5493849515914917,0.45338863134384155,-0.09543345123529434,0.5279951095581055,0.379450261592865,-0.11885633319616318,0.5122473239898682,0.3169023096561432,-0.13212566077709198,0.6313962340354919,0.5471940636634827,-0.059597406536340714,0.6180419921875,0.42351609468460083,-0.10221149772405624,0.6090081334114075,0.3404310643672943,-0.1243429109454155,0.6040855050086975,0.26776278018951416,-0.13320596516132355,0.6841966509819031,0.5544516444206238,-0.06498482078313828,0.6830570697784424,0.5053611993789673,-0.11399604380130768,0.6743059158325195,0.5802686214447021,-0.11280563473701477,0.6716827750205994,0.6398643255233765,-0.096363864839077,0.7351307272911072,0.5757411122322083,-0.07389236241579056,0.7410305142402649,0.5111968517303467,-0.10460081696510315,0.7290785312652588,0.5467353463172913,-0.094395212829113,0.7177931070327759,0.5876848101615906,-0.07760856300592422
0.6796903610229492,0.785300076007843,1.0423193543829257e-06,0.6285392642021179,0.7671025991439819,-0.04667932167649269,0.5845824480056763,0.7154769897460938,-0.07892899960279465,0.5576685667037964,0.6794508695602417,-0.11037241667509079,0.5271319150924683,0.6916696429252625,-0.1406242400407791,0.5848676562309265,0.5603139400482178,-0.057541411370038986,0.5515185594558716,0.4493938684463501,-0.09504013508558273,0.5280656814575195,0.37646064162254333,-0.11891113966703415,0.5102972984313965,0.31443846225738525,-0.13293427228927612,0.6377597451210022,0.5416117906570435,-0.05980616435408592,0.6279700994491577,0.41443076729774475,-0.10389390587806702,0.6183400750160217,0.32380029559135437,-0.12822440266609192,0.6125129461288452,0.24848222732543945,-0.13890595734119415,0.6904498934745789,0.5517469644546509,-0.06606698781251907,0.6926844716072083,0.5051311254501343,-0.11862757802009583,0.682612955570221,0.5754023194313049,-0.12333261221647263,0.6773408055305481,0.6392180919647217,-0.11010855436325073,0.7404747605323792,0.5758181810379028,-0.07610917091369629,0.7495965957641602,0.5061721801757812,-0.10949591547250748,0.7391107678413391,0.5348987579345703,-0.1034146398305893,0.7265985012054443,0.5762718915939331,-0.08973336219787598
0.6883068680763245,0.789409875869751,1.1175740155522362e-06,0.6351577043533325,0.7733234763145447,-0.0698322206735611,0.5947504043579102,0.7283155918121338,-0.11413340270519257,0.5673269629478455,0.6897314190864563,-0.1540023684501648,0.5329344868659973,0.6869674921035767,-0.19139070808887482,0.5852549076080322,0.5632743239402771,-0.07496155053377151,0.5497891902923584,0.4524611830711365,-0.1218729019165039,0.5246517062187195,0.3800080418586731,-0.15048035979270935,0.5059915781021118,0.31638580560684204,-0.1665559858083725,0.6369349360466003,0.5439197421073914,-0.06808293610811234,0.6246299743652344,0.41695815324783325,-0.12192933261394501,0.6182260513305664,0.32949528098106384,-0.14848993718624115,0.6153056621551514,0.25423160195350647,-0.15836602449417114,0.6893320083618164,0.5530137419700623,-0.06824223697185516,0.6919026374816895,0.5166630148887634,-0.1317242980003357,0.6799166798591614,0.5988724231719971,-0.13750554621219635,0.6737656593322754,0.6610344052314758,-0.12194391340017319,0.7377730011940002,0.573431670665741,-0.07400118559598923,0.7445079684257507,0.5168059468269348,-0.11292741447687149,0.7340164184570312,0.5598180294036865,-0.10788228362798691,0.7248625755310059,0.5993306040763855,-0.09385871887207031
0.687606155872345,0.7970010042190552,1.0152646154892864e-06,0.6413706541061401,0.772514283657074,-0.04719759151339531,0.598739743232727,0.7187179327011108,-0.07877549529075623,0.5684777498245239,0.6822141408920288,-0.10987013578414917,0.5279940366744995,0.6818016767501831,-0.1393367499113083,0.5868440866470337,0.5673801898956299,-0.053642477840185165,0.54906165599823,0.45501548051834106,-0.09254971891641617,0.5239483714103699,0.3831150531768799,-0.11537513136863708,0.5034987330436707,0.32081159949302673,-0.12766480445861816,0.6383265256881714,0.5493876934051514,-0.05546392500400543,0.6324867606163025,0.4169357717037201,-0.10199624300003052,0.6288279891014099,0.3291934132575989,-0.12527325749397278,0.6293817758560181,0.2547764480113983,-0.13357198238372803,0.6895455718040466,0.5594336986541748,-0.061898596584796906,0.6955204606056213,0.5139190554618835,-0.11728492379188538,0.6838410496711731,0.5975630283355713,-0.11812614649534225,0.6792351007461548,0.6616624593734741,-0.10048937052488327,0.7387925982475281,0.5824611783027649,-0.07206005603075027,0.7477647662162781,0.5149875283241272,-0.10444644093513489,0.7397215366363525,0.5547685623168945,-0.09384744614362717,0.7322253584861755,0.5947553515434265,-0.07629233598709106
0.6862646341323853,0.7961320877075195,1.0309222489013337e-06,0.6394912600517273,0.7710150480270386,-0.0439244844019413,0.5956709384918213,0.7183112502098083,-0.07304809987545013,0.5667462348937988,0.6828330159187317,-0.10237448662519455,0.5273930430412292,0.6831772327423096,-0.13035830855369568,0.5818200707435608,0.5651916861534119,-0.04937705397605896,0.5445467829704285,0.45207059383392334,-0.08587848395109177,0.519588828086853,0.38031628727912903,-0.10711689293384552,0.49943122267723083,0.3172770142555237,-0.11887434124946594,0.6349705457687378,0.5468927621841431,-0.05219179764389992,0.633886456489563,0.4131748080253601,-0.09487605094909668,0.6355922222137451,0.32459011673927307,-0.11635932326316833,0.6409125924110413,0.24928659200668335,-0.12457491457462311,0.686545193195343,0.5575717091560364,-0.05969191715121269,0.6919583082199097,0.5091705918312073,-0.11166930198669434,0.6823416352272034,0.588030219078064,-0.1129574403166771,0.6804342269897461,0.6483238339424133,-0.09694227576255798,0.7366831302642822,0.5809560418128967,-0.07072260230779648,0.7445093393325806,0.513279914855957,-0.10107111930847168,0.734626054763794,0.5540691018104553,-0.09120719134807587,0.7266134023666382,0.5953832864761353,-0.07510931044816971
0.6806827783584595,0.8005926609039307,-2.2655190434761607e-07,0.6217381358146667,0.7518932819366455,-0.01861565187573433,0.5868505239486694,0.6678027510643005,-0.028271887451410294,0.590032696723938,0.5954621434211731,-0.04172404110431671,0.5970010757446289,0.545490026473999,-0.05342154577374458,0.5764095187187195,0.5598928332328796,-0.007052902597934008,0.5472021698951721,0.4585891664028168,-0.03355133906006813,0.5241423845291138,0.39957955479621887,-0.0494145043194294,0.5079326629638672,0.3489951491355896,-0.05939826741814613,0.6263994574546814,0.5488603115081787,-0.014425961300730705,0.6120249032974243,0.47886258363723755,-0.05571847781538963,0.6160981059074402,0.5520769357681274,-0.06265538930892944,0.6271823048591614,0.6010156869888306,-0.056039959192276,0.6762113571166992,0.5549689531326294,-0.026315854862332344,0.6668403744697571,0.49462223052978516,-0.0650428980588913,0.6620599627494812,0.5636119842529297,-0.05303066596388817,0.6686990857124329,0.6121811270713806,-0.032816965132951736,0.7273403406143188,0.5723515748977661,-0.0408494658768177,0.7341639399528503,0.48807293176651,-0.061372172087430954,0.7168393135070801,0.5130285024642944,-0.050063569098711014,0.7069012522697449,0.5453798174858093,-0.03526357188820839
0.6840066313743591,0.8144765496253967,-5.44903741683811e-07,0.626679539680481,0.7566922903060913,-0.021793467923998833,0.5925981998443604,0.6836140751838684,-0.0343029610812664,0.5830410718917847,0.6064051985740662,-0.05193221941590309,0.5751292109489441,0.5384350419044495,-0.06427658349275589,0.593067467212677,0.5797268152236938,0.010577653534710407,0.5658861398696899,0.49937835335731506,-0.024267790839076042,0.5677258968353271,0.5436399579048157,-0.04627407342195511,0.5813672542572021,0.5827096700668335,-0.05366743728518486,0.6349899172782898,0.5661742687225342,0.007312247063964605,0.6157304048538208,0.4890245795249939,-0.025716369971632957,0.6140222549438477,0.5529810786247253,-0.038373883813619614,0.6213723421096802,0.5940139889717102,-0.03870626166462898,0.6796983480453491,0.564179539680481,-0.0034701493568718433,0.6668596863746643,0.48721423745155334,-0.03706938400864601,0.6575568318367004,0.5543472170829773,-0.03478094935417175,0.6607725024223328,0.6104315519332886,-0.02263924852013588,0.7252375483512878,0.5696632862091064,-0.01701596938073635,0.7271358966827393,0.4814797639846802,-0.033306580036878586,0.7082430720329285,0.5036244988441467,-0.027399377897381783,0.6968532800674438,0.5440741181373596,-0.016928380355238914
0.6825152635574341,0.8020321726799011,-3.0963215635892993e-07,0.6282967329025269,0.7591495513916016,-0.03188176453113556,0.594719648361206,0.6906176805496216,-0.05086762085556984,0.5881586670875549,0.6169644594192505,-0.07186128944158554,0.5809090733528137,0.5488702654838562,-0.0878518670797348,0.5878995656967163,0.5758805871009827,-0.009239325299859047,0.5633925199508667,0.5039073824882507,-0.04797878488898277,0.5717041492462158,0.5287478566169739,-0.07193680852651596,0.5874247550964355,0.5682157278060913,-0.08017858862876892,0.6340417861938477,0.5593598484992981,-0.008342278189957142,0.6224744319915771,0.49445104598999023,-0.0447431243956089,0.6231199502944946,0.5512499213218689,-0.058783676475286484,0.626727819442749,0.5897456407546997,-0.05990040302276611,0.6826361417770386,0.555327296257019,-0.014935391955077648,0.6767606735229492,0.4895578622817993,-0.051269181072711945,0.6682434678077698,0.5567538738250732,-0.04935382306575775,0.6681574583053589,0.6121819019317627,-0.0375027097761631,0.7314627170562744,0.5623584985733032,-0.024944867938756943,0.7342095375061035,0.48657727241516113,-0.04551348462700844,0.7153394222259521,0.5183191299438477,-0.04031713306903839,0.7016168832778931,0.5616346001625061,-0.02973933331668377
0.674696683883667,0.8019756078720093,-4.1964332808674953e-07,0.6223759651184082,0.7552156448364258,-0.025840934365987778,0.593229353427887,0.6845236420631409,-0.04096727818250656,0.5895835757255554,0.615496814250946,-0.05879703909158707,0.582631528377533,0.5576785802841187,-0.07159219682216644,0.5912164449691772,0.5766021609306335,-0.0034704699646681547,0.5695337057113647,0.5094769597053528,-0.04066228121519089,0.5720108151435852,0.5519808530807495,-0.06420671939849854,0.5815404653549194,0.5895829200744629,-0.07301793247461319,0.6370741724967957,0.5626236200332642,-0.005023857578635216,0.6233757734298706,0.49786871671676636,-0.040865685790777206,0.6196286678314209,0.5615816712379456,-0.05418282002210617,0.6232857704162598,0.6019813418388367,-0.05461074411869049,0.6846415996551514,0.5625945925712585,-0.013768382370471954,0.6785589456558228,0.49339160323143005,-0.047941289842128754,0.6640175580978394,0.553546130657196,-0.04753003641963005,0.660756528377533,0.6033006906509399,-0.03716147318482399,0.7336462140083313,0.5738884806632996,-0.02542017586529255,0.7413402795791626,0.4958053231239319,-0.043886616826057434,0.7202374339103699,0.5094038248062134,-0.041707493364810944,0.7037849426269531,0.5363829731941223,-0.03393938019871712
0.6832510828971863,0.7971045970916748,-2.1588694210095127e-07,0.6290932297706604,0.7589956521987915,-0.033321481198072433,0.5967130064964294,0.6902727484703064,-0.05170879885554314,0.5893461108207703,0.6156443357467651,-0.07147697359323502,0.5821375846862793,0.5505538582801819,-0.08742308616638184,0.5914947390556335,0.587501049041748,-0.008802073076367378,0.5684186816215515,0.5175204873085022,-0.04422547295689583,0.5688902139663696,0.5276983380317688,-0.06684365123510361,0.5798478126525879,0.5588566064834595,-0.07520749419927597,0.6380526423454285,0.5719142556190491,-0.007196887396275997,0.6290637254714966,0.5017058253288269,-0.04558388888835907,0.6273382902145386,0.552868664264679,-0.06352230906486511,0.6314617395401001,0.5993764996528625,-0.06600058823823929,0.6863422393798828,0.5682462453842163,-0.012750563211739063,0.6825785636901855,0.4953906238079071,-0.049333568662405014,0.6697452664375305,0.5427994728088379,-0.05523691326379776,0.6662713885307312,0.596856415271759,-0.04848838225007057,0.7338183522224426,0.575844943523407,-0.02139974758028984,0.7372954487800598,0.49816974997520447,-0.04449314624071121,0.7180033922195435,0.5137035846710205,-0.046296294778585434,0.7021205425262451,0.5541564226150513,-0.04054730013012886
0.6789026856422424,0.7932392954826355,-2.230540019354521e-07,0.6256309747695923,0.7550907135009766,-0.027734583243727684,0.5939918756484985,0.6897364258766174,-0.044410765171051025,0.5903180837631226,0.620875358581543,-0.06285785138607025,0.5879048109054565,0.5625166893005371,-0.07730288058519363,0.5853636264801025,0.5803212523460388,-0.006876973435282707,0.5651038289070129,0.520054042339325,-0.042227037250995636,0.5684142112731934,0.5297268033027649,-0.06348808109760284,0.5817493200302124,0.5633550882339478,-0.07029731571674347,0.6336533427238464,0.5629657506942749,-0.00791642814874649,0.6205145120620728,0.4965728223323822,-0.04332486167550087,0.6206488013267517,0.55490642786026,-0.055236343294382095,0.6271111369132996,0.6020281910896301,-0.053091034293174744,0.6841936111450195,0.5599310398101807,-0.015698052942752838,0.6790391802787781,0.49791550636291504,-0.05038037896156311,0.6675546169281006,0.5583525896072388,-0.04798152297735214,0.6659979224205017,0.6120260953903198,-0.035172611474990845,0.7361994385719299,0.5718122124671936,-0.026331445202231407,0.7412605881690979,0.5015714764595032,-0.04597598686814308,0.7218413949012756,0.5280322432518005,-0.04053448513150215,0.7071248888969421,0.5670773386955261,-0.029431596398353577
0.6883165240287781,0.7983438968658447,-6.629858262385824e-08,0.6373648047447205,0.7678528428077698,-0.03171401470899582,0.6029491424560547,0.7081200480461121,-0.05157982185482979,0.5953227877616882,0.6387995481491089,-0.07205584645271301,0.5865541696548462,0.5810984373092651,-0.08894993364810944,0.58610999584198,0.5950012803077698,-0.012300818227231503,0.5619979500770569,0.5396204590797424,-0.044000279158353806,0.5647919774055481,0.5291376709938049,-0.06224567070603371,0.5832260251045227,0.5494763851165771,-0.06881354004144669,0.6344890594482422,0.5729178190231323,-0.011662028729915619,0.6218183636665344,0.5075303912162781,-0.04210386797785759,0.6246935129165649,0.5512742400169373,-0.05079680681228638,0.6332722306251526,0.5857832431793213,-0.04871629923582077,0.6843633651733398,0.5658396482467651,-0.01775909774005413,0.6777349710464478,0.504323422908783,-0.04785565659403801,0.6699650883674622,0.5516711473464966,-0.04275037720799446,0.669762134552002,0.597696840763092,-0.030805587768554688,0.7352479100227356,0.5764191150665283,-0.027503270655870438,0.7362579703330994,0.5090794563293457,-0.04600651189684868,0.7215723991394043,0.527738094329834,-0.040490396320819855,0.7106710076332092,0.5590013265609741,-0.03069235570728779
0.6756575107574463,0.7837770581245422,4.203677050895749e-08,0.6219525933265686,0.7526886463165283,-0.024097928777337074,0.5866395235061646,0.682216465473175,-0.03794259950518608,0.593156099319458,0.6151568293571472,-0.0522843599319458,0.612293004989624,0.5781835317611694,-0.06596769392490387,0.5962997674942017,0.5834327340126038,-0.022322583943605423,0.5642549395561218,0.49659061431884766,-0.047673970460891724,0.5414413213729858,0.4301888346672058,-0.06749770045280457,0.5231591463088989,0.37893784046173096,-0.08165434002876282,0.6421627998352051,0.5685466527938843,-0.02472459152340889,0.6312659382820129,0.505349338054657,-0.06269316375255585,0.6293518543243408,0.5598171353340149,-0.07376028597354889,0.6348575353622437,0.6165229678153992,-0.07139565795660019,0.6887155771255493,0.5696211457252502,-0.030368627980351448,0.6860119104385376,0.5058250427246094,-0.06307301670312881,0.6712819337844849,0.558880090713501,-0.05615460127592087,0.6660372018814087,0.6158813238143921,-0.04093688726425171,0.7366626262664795,0.583197295665741,-0.03887069970369339,0.7486680150032043,0.5103633999824524,-0.06012902408838272,0.7319527864456177,0.5147678852081299,-0.05506881698966026,0.7178491950035095,0.5365947484970093,-0.044468220323324203
0.683474600315094,0.7597883939743042,9.360828130411392e-07,0.6274774670600891,0.7611533403396606,-0.04994647577404976,0.5750239491462708,0.7396408915519714,-0.0905584841966629,0.5293050408363342,0.742949366569519,-0.12896177172660828,0.48364871740341187,0.7694084048271179,-0.16806459426879883,0.5750580430030823,0.5614582896232605,-0.0676349401473999,0.5374898910522461,0.4551517367362976,-0.10443761199712753,0.5124297142028809,0.37736430764198303,-0.13066595792770386,0.49231675267219543,0.3161461353302002,-0.14760154485702515,0.6284407377243042,0.5415753126144409,-0.06693102419376373,0.6329674124717712,0.4478040039539337,-0.10958201438188553,0.6494332551956177,0.4288541078567505,-0.12789221107959747,0.6588754057884216,0.41771095991134644,-0.1327802538871765,0.6803702712059021,0.546231210231781,-0.06966644525527954,0.6919265985488892,0.5031669735908508,-0.11330562084913254,0.6893191337585449,0.5885569453239441,-0.10795267671346664,0.682794451713562,0.6510049700737,-0.09157614409923553,0.7293831706047058,0.564075231552124,-0.07654295861721039,0.7441085577011108,0.5123857259750366,-0.1021931916475296,0.736086368560791,0.5613148808479309,-0.08739432692527771,0.7248105406761169,0.6079104542732239,-0.06847133487462997
0.6799418926239014,0.784834086894989,1.273305429094762e-06,0.629830002784729,0.7703800201416016,-0.03995379060506821,0.5791957378387451,0.7433544397354126,-0.07620563358068466,0.5395193696022034,0.7487624883651733,-0.11340772360563278,0.502164900302887,0.7754062414169312,-0.15109790861606598,0.5778866410255432,0.571394145488739,-0.0691327452659607,0.5402913689613342,0.4553224742412567,-0.11012410372495651,0.5159556865692139,0.3778058886528015,-0.134677454829216,0.49912989139556885,0.31007328629493713,-0.1500607430934906,0.6345412731170654,0.5528590083122253,-0.07723002135753632,0.6399865746498108,0.41670113801956177,-0.12303189188241959,0.6497232913970947,0.3238385319709778,-0.14727860689163208,0.6599551439285278,0.24251729249954224,-0.15927061438560486,0.6903429627418518,0.5638562440872192,-0.08734749257564545,0.7041420936584473,0.5105690360069275,-0.13720038533210754,0.6955398321151733,0.5884987711906433,-0.1360943764448166,0.6891716718673706,0.6473678946495056,-0.12196145206689835,0.7410581707954407,0.5892436504364014,-0.10064134001731873,0.753074049949646,0.5289920568466187,-0.13246963918209076,0.743705153465271,0.573022723197937,-0.12066517025232315,0.7315090894699097,0.618195116519928,-0.10395833104848862
0.6846212148666382,0.7911415100097656,1.1586683967834688e-06,0.6337107419967651,0.7719124555587769,-0.03903645649552345,0.581832766532898,0.7393664121627808,-0.073065385222435,0.540022611618042,0.742134690284729,-0.10812708735466003,0.4989989995956421,0.7716677784919739,-0.14340609312057495,0.5837040543556213,0.5706614851951599,-0.061571214348077774,0.5459996461868286,0.4558783173561096,-0.0997602641582489,0.5211327075958252,0.38179415464401245,-0.12177303433418274,0.5016517639160156,0.31811070442199707,-0.13453593850135803,0.6376721262931824,0.5511438250541687,-0.0690237283706665,0.641618013381958,0.41319355368614197,-0.11020328849554062,0.6476570963859558,0.3234214186668396,-0.13090968132019043,0.6543682813644409,0.24669894576072693,-0.13980163633823395,0.6909027099609375,0.5611607432365417,-0.07936397939920425,0.7072026133537292,0.5119962692260742,-0.12582936882972717,0.6976438760757446,0.5880186557769775,-0.12553764879703522,0.6901976466178894,0.6458029747009277,-0.11133433878421783,0.7412356734275818,0.5857335329055786,-0.09290862828493118,0.7578623294830322,0.5231989622116089,-0.11947876960039139,0.7495848536491394,0.5631431937217712,-0.10677463561296463,0.7383971214294434,0.6042688488960266,-0.08982958644628525
0.6865087151527405,0.799193263053894,1.1134108035548707e-06,0.6379428505897522,0.7740281820297241,-0.04409315437078476,0.5879383683204651,0.7352359890937805,-0.07762245833873749,0.5496852993965149,0.7231031656265259,-0.1109895333647728,0.5118070244789124,0.744633674621582,-0.14380528032779694,0.5828012228012085,0.5695413947105408,-0.05891164392232895,0.5462872982025146,0.4544430673122406,-0.09695661813020706,0.520946204662323,0.3798174262046814,-0.12012560665607452,0.5017173290252686,0.3168421685695648,-0.13393093645572662,0.6380086541175842,0.5500118136405945,-0.06359968334436417,0.6394124627113342,0.4127184748649597,-0.10533205419778824,0.6407023668289185,0.3209984302520752,-0.1282293200492859,0.6441168189048767,0.2438584864139557,-0.13896408677101135,0.6907747983932495,0.5625349879264832,-0.07228664308786392,0.7052311897277832,0.5009247660636902,-0.12049263715744019,0.6948171257972717,0.5638740658760071,-0.12515759468078613,0.6882591843605042,0.617431640625,-0.11421594768762589,0.7395114302635193,0.5901159644126892,-0.08457218110561371,0.7565138339996338,0.520261287689209,-0.11416283249855042,0.7489933967590332,0.5498063564300537,-0.1071518063545227,0.7402049899101257,0.5858699083328247,-0.09410783648490906
0.6852781772613525,0.8007798194885254,8.137342319969321e-07,0.6338057518005371,0.7673572301864624,-0.029525240883231163,0.5914332866668701,0.7190781235694885,-0.05316917970776558,0.578815221786499,0.6850411891937256,-0.07858166843652725,0.5615057349205017,0.6823815703392029,-0.10298649966716766,0.5853124856948853,0.5685814023017883,-0.04089674726128578,0.5462492108345032,0.4531136751174927,-0.07239048182964325,0.5224997997283936,0.37885797023773193,-0.09136996418237686,0.5052304267883301,0.3187313675880432,-0.10179286450147629,0.6382924914360046,0.551324725151062,-0.04864189401268959,0.6292017102241516,0.4182400703430176,-0.08235683292150497,0.6207792162895203,0.3290325403213501,-0.10178637504577637,0.6188820004463196,0.26100650429725647,-0.11093567311763763,0.690212607383728,0.5630641579627991,-0.059542760252952576,0.6918545961380005,0.4978298246860504,-0.09971243888139725,0.6778309941291809,0.5442042946815491,-0.10577744990587234,0.6707141995429993,0.5964080095291138,-0.09740591049194336,0.7407352924346924,0.5891475081443787,-0.07300343364477158,0.7518293857574463,0.5128843188285828,-0.09890420734882355,0.7410282492637634,0.5150644183158875,-0.09547346085309982,0.729795515537262,0.5348328351974487,-0.08563484996557236
0.6841375231742859,0.8141396641731262,-3.0893329494574573e-07,0.623153030872345,0.7545142769813538,-0.016491906717419624,0.5860705971717834,0.6745543479919434,-0.02763442136347294,0.5793684720993042,0.5974785089492798,-0.04344085976481438,0.567007303237915,0.5376685857772827,-0.056764714419841766,0.5879309773445129,0.568082332611084,0.0063543422147631645,0.5717195272445679,0.48348480463027954,-0.024220505729317665,0.5599732995033264,0.47147026658058167,-0.047744330018758774,0.5553299784660339,0.4741687476634979,-0.05951850116252899,0.6306234002113342,0.5569053888320923,-0.0001527753920527175,0.61656653881073,0.48306727409362793,-0.029968155547976494,0.607342541217804,0.5213148593902588,-0.04401509463787079,0.6057446002960205,0.5528740882873535,-0.0474175363779068,0.6763401031494141,0.5578607320785522,-0.012412277050316334,0.6690518260002136,0.49172064661979675,-0.04191569238901138,0.6561583280563354,0.5402533411979675,-0.038554754108190536,0.652965784072876,0.5850799083709717,-0.02827225811779499,0.7243179082870483,0.5702224969863892,-0.027271708473563194,0.7280990481376648,0.49390339851379395,-0.04228639602661133,0.7101483345031738,0.5123723745346069,-0.03445546329021454,0.6964389681816101,0.5442437529563904,-0.023912321776151657
0.6807070374488831,0.8144509792327881,-2.0755481955347932e-07,0.6216855645179749,0.7669593095779419,-0.03137277066707611,0.5890334844589233,0.6939519047737122,-0.04745647683739662,0.5823949575424194,0.6157487630844116,-0.06582366675138474,0.5637975335121155,0.5484517216682434,-0.07964251190423965,0.5801563858985901,0.5815543532371521,8.474935020785779e-05,0.5580468773841858,0.5107682347297668,-0.038767360150814056,0.5599495768547058,0.5236609578132629,-0.06456300616264343,0.5709303617477417,0.5527861714363098,-0.07421009987592697,0.6257420778274536,0.562905490398407,0.0002959833655040711,0.6100479960441589,0.48908036947250366,-0.03717340901494026,0.6072112917900085,0.5282864570617676,-0.05455611273646355,0.6108747124671936,0.5572605729103088,-0.05740450695157051,0.6736752390861511,0.5599813461303711,-0.0075635602697730064,0.6677303910255432,0.4986577033996582,-0.04627441242337227,0.6607636213302612,0.5674466490745544,-0.04496917128562927,0.6625469923019409,0.6218550801277161,-0.031827159225940704,0.7221019864082336,0.5700868368148804,-0.018969140946865082,0.7250366806983948,0.49490344524383545,-0.03858783096075058,0.7092059850692749,0.5236151218414307,-0.03181629627943039,0.697946310043335,0.5599484443664551,-0.01982208341360092
0.6894954442977905,0.8142160773277283,-4.131471769142081e-07,0.6312330365180969,0.774235725402832,-0.029312510043382645,0.5949994325637817,0.7037175297737122,-0.0456010177731514,0.5894403457641602,0.6274951100349426,-0.06363658607006073,0.5780341625213623,0.5619771480560303,-0.07620024681091309,0.5845813751220703,0.5896871089935303,-0.005921697709709406,0.5643119215965271,0.5194845199584961,-0.04385213181376457,0.5752887725830078,0.5572479367256165,-0.06736616045236588,0.5901095867156982,0.6022932529449463,-0.07560449093580246,0.6321836709976196,0.5702855587005615,-0.005942140240222216,0.6182651519775391,0.5039763450622559,-0.04191857576370239,0.6255022287368774,0.5697433948516846,-0.055890679359436035,0.6333695650100708,0.6177089810371399,-0.05672644078731537,0.6813041567802429,0.5653867721557617,-0.013241017237305641,0.6731962561607361,0.49919289350509644,-0.04713929817080498,0.66807621717453,0.5646260380744934,-0.044679127633571625,0.6681510210037231,0.6192854642868042,-0.0333753265440464,0.7313671708106995,0.5741540789604187,-0.02381252869963646,0.733648419380188,0.499003142118454,-0.042980968952178955,0.717688262462616,0.5270386934280396,-0.03814981132745743,0.7040948867797852,0.5656092166900635,-0.02831428125500679
0.69327712059021,0.8305510878562927,-2.0172132053630776e-07,0.6326947808265686,0.781085193157196,-0.014179076999425888,0.600513756275177,0.7065994739532471,-0.022130681201815605,0.5978514552116394,0.632763683795929,-0.033026475459337234,0.5886977314949036,0.5704275965690613,-0.04117945209145546,0.6050325632095337,0.6118236780166626,0.008737742900848389,0.584698498249054,0.5477670431137085,-0.01790136843919754,0.5748822689056396,0.5436488389968872,-0.040610674768686295,0.5732662677764893,0.5561845898628235,-0.051915716379880905,0.6485893130302429,0.5920717120170593,0.004299493972212076,0.6333751678466797,0.5253699421882629,-0.01793059892952442,0.617867648601532,0.5269878506660461,-0.03418896719813347,0.6105920076370239,0.541089653968811,-0.041627734899520874,0.6937811374664307,0.5889489650726318,-0.005556746385991573,0.6886885762214661,0.5231336355209351,-0.02948002703487873,0.6723871827125549,0.5360498428344727,-0.03499339893460274,0.6634166240692139,0.5646233558654785,-0.03244619444012642,0.742882490158081,0.6005126237869263,-0.017603367567062378,0.7518482208251953,0.5267086625099182,-0.03422781080007553,0.7329272031784058,0.508460521697998,-0.03667188063263893,0.7109441161155701,0.5156543850898743,-0.03378383815288544
0.3781748414039612,0.7215626835823059,5.724212996938149e-07,0.4479907751083374,0.7224416136741638,-0.06378927081823349,0.5217084884643555,0.6678277850151062,-0.09229668229818344,0.5856318473815918,0.6162813305854797,-0.11215489357709885,0.6476916074752808,0.5862302780151367,-0.13323113322257996,0.49996092915534973,0.5128971338272095,-0.06757921725511551,0.5331141352653503,0.4085538983345032,-0.09882913529872894,0.5491635203361511,0.3322700262069702,-0.12326440960168839,0.5590733289718628,0.2675209045410156,-0.14252367615699768,0.44605809450149536,0.47792989015579224,-0.05815103277564049,0.46565568447113037,0.3530218303203583,-0.08806809037923813,0.4754486382007599,0.26962438225746155,-0.11517180502414703,0.48092561960220337,0.20271718502044678,-0.13566946983337402,0.3904036581516266,0.47443175315856934,-0.05415531247854233,0.404601514339447,0.35660794377326965,-0.08574790507555008,0.41022902727127075,0.2803928852081299,-0.10919211804866791,0.41641074419021606,0.2179373800754547,-0.1252419799566269,0.3366021513938904,0.4957623779773712,-0.055094197392463684,0.3310421109199524,0.40246954560279846,-0.08768061548471451,0.3254992961883545,0.3398171663284302,-0.10591981559991837,0.3265067934989929,0.28232884407043457,-0.11713661253452301
0.4172848165035248,0.712831974029541,6.747071665813564e-07,0.4967179298400879,0.685454785823822,-0.041405871510505676,0.5686706900596619,0.620171308517456,-0.06408089399337769,0.6289225816726685,0.5636574029922485,-0.08356039971113205,0.6895720958709717,0.5369468927383423,-0.10345254838466644,0.5197023749351501,0.46508127450942993,-0.04198478162288666,0.5540745854377747,0.3610294461250305,-0.07094603776931763,0.5705134272575378,0.2913789451122284,-0.09319623559713364,0.5820556879043579,0.23237454891204834,-0.10923047363758087,0.46899664402008057,0.43942490220069885,-0.042709752917289734,0.4827900528907776,0.31150156259536743,-0.06834723800420761,0.4896427094936371,0.23213332891464233,-0.08806642144918442,0.4933551251888275,0.1688564419746399,-0.10158723592758179,0.4193631112575531,0.44299909472465515,-0.048075538128614426,0.42394810914993286,0.3245609998703003,-0.0735100582242012,0.4292236566543579,0.24814441800117493,-0.09027675539255142,0.4358890950679779,0.18391504883766174,-0.10124196112155914,0.37093228101730347,0.47079795598983765,-0.057249922305345535,0.3522748649120331,0.38299983739852905,-0.08219904452562332,0.3412429392337799,0.3226625919342041,-0.09317828714847565,0.33543533086776733,0.26557838916778564,-0.09883406013250351
0.40657395124435425,0.7109835147857666,6.853032346043619e-07,0.48851287364959717,0.6833928227424622,-0.04597944766283035,0.5597991347312927,0.6199036240577698,-0.07024892419576645,0.6227761507034302,0.5645225048065186,-0.09104035049676895,0.6831824779510498,0.5368638634681702,-0.11196991056203842,0.5161237716674805,0.46308836340904236,-0.044893164187669754,0.5521702170372009,0.3574088215827942,-0.07409952580928802,0.5686928033828735,0.28699684143066406,-0.09735550731420517,0.5802643895149231,0.22529226541519165,-0.11466644704341888,0.4639231264591217,0.4359370768070221,-0.04377949982881546,0.4783950448036194,0.3093409538269043,-0.06947778165340424,0.48517754673957825,0.22870412468910217,-0.0907442718744278,0.48918887972831726,0.16220971941947937,-0.10617277771234512,0.4129725992679596,0.4392041563987732,-0.04766553267836571,0.41829800605773926,0.32096487283706665,-0.07338465750217438,0.42330706119537354,0.244500070810318,-0.09137868881225586,0.4294487237930298,0.1786651313304901,-0.1034972295165062,0.36288487911224365,0.4672092795372009,-0.05596040189266205,0.345844566822052,0.38098394870758057,-0.08065398037433624,0.3359363079071045,0.32161784172058105,-0.09244187921285629,0.3302725553512573,0.26522499322891235,-0.09925760328769684
0.4052928686141968,0.7131403088569641,6.565443300132756e-07,0.48672473430633545,0.6819130182266235,-0.04638926312327385,0.556205689907074,0.6198786497116089,-0.07196500152349472,0.6165242195129395,0.5635892152786255,-0.09444914758205414,0.6781561374664307,0.5339778065681458,-0.1169886365532875,0.5096098184585571,0.4606223702430725,-0.04259926825761795,0.5440177917480469,0.3554235100746155,-0.0720328539609909,0.5606929063796997,0.28620606660842896,-0.09615562111139297,0.5728785395622253,0.2248852252960205,-0.11421731859445572,0.45824554562568665,0.4355425536632538,-0.04183320328593254,0.4704050123691559,0.31087589263916016,-0.06757701933383942,0.4760788083076477,0.2317083179950714,-0.08967477828264236,0.4793913960456848,0.16572469472885132,-0.10590027272701263,0.40830546617507935,0.43987545371055603,-0.046308208256959915,0.4121636152267456,0.32245033979415894,-0.07156883180141449,0.41590139269828796,0.24570155143737793,-0.08980625122785568,0.421715646982193,0.17863547801971436,-0.1025649905204773,0.3596642017364502,0.46801093220710754,-0.05534066632390022,0.3385762572288513,0.38394978642463684,-0.07961380481719971,0.32771962881088257,0.32426726818084717,-0.09167202562093735,0.32156306505203247,0.26806604862213135,-0.09891735762357712
0.39728593826293945,0.7184828519821167,6.984814717725385e-07,0.479768842458725,0.692489743232727,-0.04596881940960884,0.5485154986381531,0.6298308372497559,-0.07008492946624756,0.610788106918335,0.5764153599739075,-0.09097211807966232,0.6706916093826294,0.557387113571167,-0.11203925311565399,0.5035207867622375,0.4690239429473877,-0.04386339336633682,0.5388980507850647,0.36208054423332214,-0.07355161756277084,0.5573980808258057,0.2913067936897278,-0.09781935811042786,0.5705934166908264,0.2281281054019928,-0.11589710414409637,0.4522395730018616,0.4432401955127716,-0.04304371401667595,0.4660739302635193,0.31634628772735596,-0.06929896026849747,0.4732525944709778,0.23554734885692596,-0.09127605706453323,0.47785478830337524,0.16798895597457886,-0.10720116645097733,0.4016062617301941,0.44652819633483887,-0.047293271869421005,0.4051550030708313,0.3300821781158447,-0.07352378219366074,0.41236937046051025,0.2538244128227234,-0.09132672101259232,0.42053166031837463,0.1890208125114441,-0.10300074517726898,0.3513668477535248,0.4733565151691437,-0.056120555847883224,0.33164066076278687,0.38506123423576355,-0.08024796098470688,0.3218614161014557,0.32395923137664795,-0.09110889583826065,0.3167407512664795,0.2670152187347412,-0.09733851999044418
0.3862934708595276,0.7058085799217224,7.482837531824771e-07,0.457126647233963,0.6687400341033936,-0.03583114221692085,0.5180566310882568,0.6073774099349976,-0.058080654591321945,0.5735048055648804,0.561790943145752,-0.07902063429355621,0.6273443102836609,0.5504934191703796,-0.10077144205570221,0.49148762226104736,0.4687465727329254,-0.04285402595996857,0.5400732159614563,0.3706093430519104,-0.07255066186189651,0.5631697177886963,0.3052450716495514,-0.09550400823354721,0.5796543955802917,0.24724139273166656,-0.11114408075809479,0.44329482316970825,0.443339467048645,-0.04617348313331604,0.46892592310905457,0.31923556327819824,-0.07059695571660995,0.4815872609615326,0.23952215909957886,-0.08921369910240173,0.48967915773391724,0.1744222342967987,-0.10236050188541412,0.39565709233283997,0.44702664017677307,-0.053101103752851486,0.40149667859077454,0.33759695291519165,-0.07425789535045624,0.40954670310020447,0.27121293544769287,-0.08704304695129395,0.4184130132198334,0.2164635956287384,-0.09576980769634247,0.34729450941085815,0.473997563123703,-0.06394736468791962,0.33378759026527405,0.3923341631889343,-0.081453837454319,0.3301470875740051,0.3374615013599396,-0.08680430799722672,0.33148691058158875,0.2869352102279663,-0.08961216360330582
0.3665868043899536,0.7204914093017578,3.7519464513025014e-07,0.43356090784072876,0.6812883615493774,-0.032578423619270325,0.4781489968299866,0.6269335150718689,-0.048269983381032944,0.5005947351455688,0.5611756443977356,-0.06601126492023468,0.5289661288261414,0.5100245475769043,-0.08133097738027573,0.48812687397003174,0.5022886991500854,-0.0033635986037552357,0.5294460654258728,0.4478318989276886,-0.031024696305394173,0.5510641932487488,0.43231454491615295,-0.05372675880789757,0.5703809261322021,0.42104843258857727,-0.06694626063108444,0.45169782638549805,0.4696286916732788,-0.0039975703693926334,0.4788442552089691,0.39911967515945435,-0.03187192976474762,0.49344581365585327,0.35948967933654785,-0.052292920649051666,0.509321391582489,0.3312072157859802,-0.06391146034002304,0.4076533317565918,0.4583215117454529,-0.011869187466800213,0.4287674129009247,0.4340376853942871,-0.052845150232315063,0.4314364194869995,0.4778347611427307,-0.0663464367389679,0.43365907669067383,0.5225698351860046,-0.06533657759428024,0.358397901058197,0.46243536472320557,-0.022608716040849686,0.3737157881259918,0.43956059217453003,-0.05257929489016533,0.38701117038726807,0.46604421734809875,-0.05689823627471924,0.3982677757740021,0.4998869001865387,-0.05340044945478439
0.3680068850517273,0.7065838575363159,1.9909010973151453e-07,0.43939968943595886,0.6715637445449829,-0.025270670652389526,0.486249178647995,0.6156438589096069,-0.038241855800151825,0.5065296292304993,0.5439697504043579,-0.052785973995923996,0.5321134924888611,0.48522326350212097,-0.06622249633073807,0.49103301763534546,0.5089712142944336,0.0011721503688022494,0.5142326354980469,0.458301305770874,-0.021709587424993515,0.5316528081893921,0.4513870179653168,-0.043778371065855026,0.5467973351478577,0.4552324712276459,-0.058239247649908066,0.4551713168621063,0.48547181487083435,-0.00021645407832693309,0.47797584533691406,0.4199985861778259,-0.023191673681139946,0.496366411447525,0.42547833919525146,-0.04220946505665779,0.5106637477874756,0.4448825716972351,-0.05385131016373634,0.41256392002105713,0.47371411323547363,-0.007320461329072714,0.4333716034889221,0.40842559933662415,-0.034429047256708145,0.4528082609176636,0.430283784866333,-0.04426373913884163,0.4642105996608734,0.4689381420612335,-0.04719122126698494,0.3625226616859436,0.4739866256713867,-0.017122119665145874,0.3768939971923828,0.41255423426628113,-0.04090359807014465,0.3978117108345032,0.4364069998264313,-0.044912226498126984,0.41150107979774475,0.478991836309433,-0.04391305148601532
0.3724938631057739,0.692617654800415,2.7684578185471764e-07,0.441934734582901,0.6637919545173645,-0.020463818684220314,0.4898890256881714,0.6029722690582275,-0.027576541528105736,0.5052561163902283,0.5332247018814087,-0.03628971427679062,0.5213867425918579,0.47975677251815796,-0.04437592253088951,0.4838951826095581,0.4971790313720703,0.003450872842222452,0.504934549331665,0.4535088539123535,-0.014840448275208473,0.5256502628326416,0.4443075954914093,-0.033249251544475555,0.5445395112037659,0.44233715534210205,-0.04502438008785248,0.4480912685394287,0.4748227894306183,0.0020034904591739178,0.4687980115413666,0.4157736897468567,-0.0169975608587265,0.4898192882537842,0.4194496273994446,-0.03216670826077461,0.5065383315086365,0.43384963274002075,-0.04092882201075554,0.4062455892562866,0.4648134708404541,-0.0043036057613790035,0.42699742317199707,0.40882474184036255,-0.030098943039774895,0.4420454800128937,0.4458829164505005,-0.03766506537795067,0.445590615272522,0.49482792615890503,-0.037272579967975616,0.3575288653373718,0.4671502709388733,-0.012743910774588585,0.3729729652404785,0.40380793809890747,-0.035607513040304184,0.39447975158691406,0.4298490285873413,-0.03900662809610367,0.40679800510406494,0.47667503356933594,-0.03660491853952408
0.3635992407798767,0.6946110129356384,2.4479405169586244e-07,0.42832785844802856,0.6669122576713562,-0.020882021635770798,0.4755184054374695,0.6064210534095764,-0.026477469131350517,0.49350422620773315,0.5364088416099548,-0.03343551605939865,0.5146490931510925,0.48324018716812134,-0.04010120779275894,0.46504321694374084,0.511937141418457,0.01073487289249897,0.48843511939048767,0.47291243076324463,-0.004707627929747105,0.5079253911972046,0.4581407904624939,-0.022397758439183235,0.5250089764595032,0.44994109869003296,-0.03495710715651512,0.43217194080352783,0.48644188046455383,0.00941790547221899,0.45438432693481445,0.4279576539993286,-0.00801158044487238,0.4726567268371582,0.4253045320510864,-0.025722716003656387,0.4866023361682892,0.4353392422199249,-0.03710509464144707,0.39304041862487793,0.47382932901382446,0.002685391576960683,0.4136900007724762,0.4126638174057007,-0.02143600769340992,0.4299337863922119,0.43198123574256897,-0.033954035490751266,0.4372865855693817,0.46907874941825867,-0.038630299270153046,0.3460244834423065,0.474141925573349,-0.0062628076411783695,0.35404613614082336,0.412936806678772,-0.029484501108527184,0.3745630383491516,0.42706751823425293,-0.03773708641529083,0.38992464542388916,0.4646366536617279,-0.040120672434568405
0.37026867270469666,0.6912623643875122,2.473008748893335e-07,0.43072083592414856,0.668212890625,-0.027374267578125,0.47349295020103455,0.6121058464050293,-0.03715413808822632,0.4832150340080261,0.5445773005485535,-0.04704304039478302,0.50096595287323,0.4949716627597809,-0.055791668593883514,0.4735706150531769,0.5090727210044861,0.0027357926592230797,0.49318021535873413,0.47029462456703186,-0.01585317775607109,0.5093686580657959,0.4536672532558441,-0.034420840442180634,0.5214704275131226,0.44635218381881714,-0.04651004821062088,0.43639686703681946,0.48350322246551514,0.004282206296920776,0.454841673374176,0.42241477966308594,-0.017259957268834114,0.4696268141269684,0.42373403906822205,-0.034303732216358185,0.47757816314697266,0.43812108039855957,-0.0432182252407074,0.3939274847507477,0.473013699054718,0.00022205540153663605,0.4105934202671051,0.40984654426574707,-0.02900196798145771,0.42511439323425293,0.44390422105789185,-0.039495255798101425,0.42763692140579224,0.49314990639686584,-0.039695389568805695,0.34544646739959717,0.47680822014808655,-0.006178633775562048,0.3568144142627716,0.41049766540527344,-0.03301842138171196,0.3771541118621826,0.43212586641311646,-0.039625752717256546,0.388079971075058,0.47686126828193665,-0.03866703063249588
0.35572659969329834,0.6641106605529785,8.361735694961681e-07,0.407913476228714,0.6689043641090393,-0.05253263935446739,0.4654533565044403,0.6477230787277222,-0.08264419436454773,0.5180863738059998,0.6479062438011169,-0.10901050269603729,0.562281608581543,0.6640954613685608,-0.1356627494096756,0.47522056102752686,0.49745479226112366,-0.05729307234287262,0.512595534324646,0.4165351390838623,-0.09153211116790771,0.5338720679283142,0.3565114438533783,-0.11700023710727692,0.5506977438926697,0.30821311473846436,-0.13351984322071075,0.43029773235321045,0.46952587366104126,-0.05105264112353325,0.44126376509666443,0.37910377979278564,-0.08459053933620453,0.44873979687690735,0.3158503472805023,-0.10734588652849197,0.45797887444496155,0.2681705057621002,-0.12139757722616196,0.3832765817642212,0.4657658040523529,-0.04941625893115997,0.38679632544517517,0.3944407105445862,-0.08652983605861664,0.3925175666809082,0.421790212392807,-0.0971309021115303,0.39717864990234375,0.460223525762558,-0.0963604599237442,0.3352507948875427,0.47832655906677246,-0.0523848757147789,0.32916903495788574,0.4183065593242645,-0.0807064026594162,0.33394864201545715,0.4307017922401428,-0.08415090292692184,0.34035271406173706,0.4572092294692993,-0.08053921163082123
0.3508153259754181,0.68594890832901,9.050734206539346e-07,0.4121403992176056,0.6869314908981323,-0.047872550785541534,0.46933579444885254,0.6561372876167297,-0.07761692255735397,0.5205726623535156,0.6578702926635742,-0.10769228637218475,0.5689188241958618,0.6831346750259399,-0.13897281885147095,0.47747328877449036,0.5003105998039246,-0.05678839609026909,0.519859790802002,0.4019124507904053,-0.09790429472923279,0.5431268811225891,0.33218538761138916,-0.12509916722774506,0.5643941760063171,0.2712634801864624,-0.1419423669576645,0.43101248145103455,0.46970710158348083,-0.060685645788908005,0.4478711187839508,0.3501374125480652,-0.10782715678215027,0.46017351746559143,0.2626696228981018,-0.13867153227329254,0.4712439775466919,0.19293546676635742,-0.15537379682064056,0.3796200454235077,0.4694778621196747,-0.06889224052429199,0.38398313522338867,0.3996546268463135,-0.12785053253173828,0.391192764043808,0.4652678370475769,-0.1439310908317566,0.39560040831565857,0.5288261771202087,-0.13904982805252075,0.3278507590293884,0.48727262020111084,-0.08053379505872726,0.32466766238212585,0.41290712356567383,-0.12217248976230621,0.3359960913658142,0.43761900067329407,-0.12593843042850494,0.3466128706932068,0.4780882000923157,-0.11918216943740845
0.35329827666282654,0.6888434886932373,8.680555652063049e-07,0.4145391583442688,0.6837285757064819,-0.045731741935014725,0.47019895911216736,0.6465173959732056,-0.07496718317270279,0.5208000540733337,0.6346587538719177,-0.10490958392620087,0.5740289092063904,0.6542112827301025,-0.1352304220199585,0.4747985005378723,0.48769283294677734,-0.05287439376115799,0.5179616212844849,0.38523003458976746,-0.09419882297515869,0.5402135848999023,0.31554335355758667,-0.11988998204469681,0.5598252415657043,0.25348854064941406,-0.1348666399717331,0.4287557303905487,0.4603893756866455,-0.05786546692252159,0.4466886818408966,0.3328660726547241,-0.10617329180240631,0.4587002992630005,0.24640706181526184,-0.13462667167186737,0.4682018458843231,0.17318493127822876,-0.1478782594203949,0.37793898582458496,0.46398717164993286,-0.06716568768024445,0.3815552592277527,0.4000564217567444,-0.1285742074251175,0.39292460680007935,0.4792141616344452,-0.14038875699043274,0.40125998854637146,0.5458771586418152,-0.13061437010765076,0.32704269886016846,0.48448264598846436,-0.07953930646181107,0.32388946413993835,0.41761499643325806,-0.1199537143111229,0.33495989441871643,0.44762489199638367,-0.11875955015420914,0.3448970317840576,0.48263323307037354,-0.10778181254863739
0.3505660891532898,0.691661536693573,8.785319209891895e-07,0.4121268093585968,0.684813380241394,-0.04878775030374527,0.47051358222961426,0.6471843123435974,-0.07982417196035385,0.5234129428863525,0.6328216791152954,-0.11099739372730255,0.5771193504333496,0.6551753282546997,-0.14206916093826294,0.4717513918876648,0.4825119972229004,-0.052011553198099136,0.5145793557167053,0.3810647428035736,-0.09234524518251419,0.5378230214118958,0.31212306022644043,-0.11850573122501373,0.5583442449569702,0.25083494186401367,-0.13429097831249237,0.4262567460536957,0.45722511410713196,-0.054820455610752106,0.44322720170021057,0.32927805185317993,-0.1018044650554657,0.4555938243865967,0.24382126331329346,-0.13025237619876862,0.46664959192276,0.1712549328804016,-0.14416806399822235,0.3760804533958435,0.46175435185432434,-0.06204124912619591,0.38231161236763,0.39577895402908325,-0.1205650120973587,0.39486971497535706,0.4721117615699768,-0.12965907156467438,0.4028027653694153,0.5358052253723145,-0.11876849085092545,0.32615140080451965,0.4818032681941986,-0.07290219515562057,0.3280060887336731,0.4130648374557495,-0.1114649623632431,0.34260112047195435,0.45274245738983154,-0.10768613964319229,0.3528409004211426,0.496410608291626,-0.09478797763586044
0.34729716181755066,0.6868224740028381,8.906926041163388e-07,0.4089704155921936,0.6791492104530334,-0.04627086967229843,0.47001874446868896,0.6448924541473389,-0.0756625384092331,0.5233322381973267,0.6323961615562439,-0.10554442554712296,0.5740039348602295,0.6484107375144958,-0.13500246405601501,0.46994179487228394,0.47919297218322754,-0.0482880175113678,0.5122948288917542,0.3805050849914551,-0.0882701575756073,0.5352464318275452,0.3114500045776367,-0.11400535702705383,0.5555458068847656,0.2500377297401428,-0.12894457578659058,0.4249548614025116,0.45236867666244507,-0.05182837322354317,0.4406537413597107,0.3244677484035492,-0.09818696230649948,0.4516763389110565,0.238270103931427,-0.12546992301940918,0.4621701240539551,0.16484922170639038,-0.13793854415416718,0.3751893639564514,0.45563554763793945,-0.0597376823425293,0.37803804874420166,0.3977090120315552,-0.11774810403585434,0.3879893124103546,0.4744703471660614,-0.12575672566890717,0.3949466645717621,0.5366089344024658,-0.11347950994968414,0.32517188787460327,0.47365009784698486,-0.0711611956357956,0.3244417905807495,0.4129543602466583,-0.10762782394886017,0.33727961778640747,0.452436625957489,-0.10218461602926254,0.3474980592727661,0.49259036779403687,-0.08791248500347137
0.3553082346916199,0.6898751854896545,6.373705900841742e-07,0.4260663688182831,0.6735252141952515,-0.03840702399611473,0.4848358929157257,0.6222832202911377,-0.05604810267686844,0.5079531669616699,0.5625734329223633,-0.0741567462682724,0.5211551189422607,0.5047978162765503,-0.09093981236219406,0.47609034180641174,0.4782049357891083,-0.03571614995598793,0.5155631899833679,0.37705808877944946,-0.06885648518800735,0.5370303988456726,0.3126826882362366,-0.09001515060663223,0.5551712512969971,0.2549428939819336,-0.10148320347070694,0.42837390303611755,0.4548250436782837,-0.038917411118745804,0.446516752243042,0.33421048521995544,-0.07856470346450806,0.4578327536582947,0.252317875623703,-0.10385636240243912,0.46650412678718567,0.18545955419540405,-0.11639928817749023,0.37801921367645264,0.4566933214664459,-0.046205200254917145,0.3908541202545166,0.3966532349586487,-0.09844709932804108,0.40612858533859253,0.4637775719165802,-0.10782009363174438,0.41318830847740173,0.5237857103347778,-0.09883686900138855,0.3275246024131775,0.4728315472602844,-0.05614012852311134,0.33630916476249695,0.40548795461654663,-0.09288275241851807,0.3545832633972168,0.44388920068740845,-0.09114793688058853,0.36588266491889954,0.49187976121902466,-0.0800381526350975
0.3554041087627411,0.7038384675979614,2.669113641218246e-08,0.42356348037719727,0.6577904224395752,-0.02883117087185383,0.4621542990207672,0.5955865979194641,-0.044596701860427856,0.47449249029159546,0.5198387503623962,-0.06276678293943405,0.4933008849620819,0.457572340965271,-0.07941866666078568,0.45813411474227905,0.48095300793647766,-0.0005656188004650176,0.47766420245170593,0.4134494364261627,-0.031611159443855286,0.49421507120132446,0.4152161478996277,-0.0573139414191246,0.5006508827209473,0.44250208139419556,-0.07051149755716324,0.42182284593582153,0.4620867073535919,-0.0025325457099825144,0.44298896193504333,0.36814063787460327,-0.03534422069787979,0.4541627764701843,0.40092751383781433,-0.05677032843232155,0.45354220271110535,0.4530341625213623,-0.06452673673629761,0.3804192841053009,0.45739734172821045,-0.010985353961586952,0.40043070912361145,0.3841196596622467,-0.045955970883369446,0.4109055995941162,0.4339362680912018,-0.054493021219968796,0.40736401081085205,0.4952121675014496,-0.050816453993320465,0.33080196380615234,0.4657333195209503,-0.02239798940718174,0.33932432532310486,0.39082497358322144,-0.04707151651382446,0.35932743549346924,0.4143935739994049,-0.048988789319992065,0.36905333399772644,0.46252480149269104,-0.04410463944077492
0.35341137647628784,0.6976783871650696,2.1034047392731736e-08,0.4202253520488739,0.6616330742835999,-0.02967727743089199,0.4604727029800415,0.6023609042167664,-0.04628610238432884,0.47351381182670593,0.5293591022491455,-0.06447521597146988,0.49926191568374634,0.471138060092926,-0.08085980266332626,0.46319565176963806,0.4860420823097229,-0.004232885781675577,0.4828307628631592,0.4212149381637573,-0.03270847350358963,0.4960349202156067,0.42432132363319397,-0.05599005147814751,0.5000269412994385,0.4453280568122864,-0.06918779015541077,0.42475393414497375,0.46434545516967773,-0.005217290483415127,0.4468425214290619,0.37959933280944824,-0.033975083380937576,0.4571770429611206,0.41494253277778625,-0.05252743139863014,0.45608294010162354,0.4533799886703491,-0.060617007315158844,0.3815620541572571,0.4574637711048126,-0.012215720489621162,0.40134891867637634,0.38306260108947754,-0.04516405984759331,0.41077035665512085,0.43275007605552673,-0.05038587749004364,0.405762642621994,0.4833667576313019,-0.04649236425757408,0.3307308554649353,0.46440809965133667,-0.02199026197195053,0.3428095579147339,0.3916843831539154,-0.04746806249022484,0.3625139594078064,0.4238837957382202,-0.04726925492286682,0.3690575063228607,0.4696080684661865,-0.04147688299417496
0.356623113155365,0.6988490223884583,1.1200954475043545e-07,0.42364245653152466,0.6609067320823669,-0.03029211051762104,0.4607136845588684,0.6004868745803833,-0.04510348662734032,0.47327563166618347,0.5274272561073303,-0.06089986115694046,0.49891018867492676,0.4733303487300873,-0.07528296113014221,0.46074625849723816,0.4904632866382599,0.0002530975907575339,0.4767400622367859,0.4377554655075073,-0.025633491575717926,0.49168360233306885,0.43311265110969543,-0.049057308584451675,0.5024394989013672,0.4423903226852417,-0.06357993185520172,0.42378079891204834,0.4690261483192444,0.00030505622271448374,0.4442450702190399,0.3909558951854706,-0.028520116582512856,0.45621153712272644,0.41477665305137634,-0.048516012728214264,0.4608842730522156,0.4459061622619629,-0.057711005210876465,0.38110196590423584,0.4629889726638794,-0.00585321057587862,0.40011459589004517,0.3923147916793823,-0.04107358306646347,0.40887516736984253,0.4389799237251282,-0.04922155663371086,0.40654703974723816,0.49117690324783325,-0.04627997428178787,0.33114784955978394,0.4719504415988922,-0.014730134047567844,0.3411359190940857,0.40342065691947937,-0.043542005121707916,0.35977327823638916,0.43288689851760864,-0.04685753956437111,0.36848077178001404,0.4781480133533478,-0.04293310269713402
0.3525869846343994,0.702271044254303,1.42750437248651e-07,0.4169272482395172,0.6695441007614136,-0.02973227947950363,0.4571942687034607,0.6106716394424438,-0.04382051154971123,0.47232764959335327,0.5396832823753357,-0.05898106470704079,0.49614065885543823,0.48287272453308105,-0.07293029129505157,0.4530050456523895,0.5001946091651917,-0.0011007398134097457,0.4703623354434967,0.4511633515357971,-0.027771297842264175,0.4855979084968567,0.44014430046081543,-0.05155812203884125,0.49512314796447754,0.449773371219635,-0.06519515812397003,0.41771045327186584,0.47740358114242554,-0.000873642391525209,0.4349799156188965,0.40027642250061035,-0.02912580966949463,0.4504753649234772,0.4102385640144348,-0.04974498227238655,0.4583858251571655,0.440005362033844,-0.05970378965139389,0.3767753839492798,0.47115272283554077,-0.006964638829231262,0.392789363861084,0.4023984372615814,-0.040425628423690796,0.40623342990875244,0.4401254653930664,-0.05190682038664818,0.40916645526885986,0.4951231777667999,-0.051713332533836365,0.3289477229118347,0.47990795969963074,-0.015793126076459885,0.3344893455505371,0.40791213512420654,-0.04283837601542473,0.35536298155784607,0.42464664578437805,-0.04931747913360596,0.3692089021205902,0.469066858291626,-0.048222653567790985
0.3582734763622284,0.6936591267585754,1.144238126471464e-07,0.4234209656715393,0.6742110252380371,-0.030097300186753273,0.472979336977005,0.6220510005950928,-0.044616054743528366,0.49028778076171875,0.5585324764251709,-0.05926275625824928,0.5042083859443665,0.5053108334541321,-0.07295159250497818,0.4719180464744568,0.49667444825172424,-0.015810558572411537,0.49078160524368286,0.4313604235649109,-0.041976798325777054,0.5012202262878418,0.42286208271980286,-0.06297054886817932,0.5073127746582031,0.4278225302696228,-0.07503930479288101,0.42872488498687744,0.47696664929389954,-0.015330767259001732,0.44594791531562805,0.3969951272010803,-0.0448191873729229,0.4555491507053375,0.41727569699287415,-0.06344899535179138,0.4589522182941437,0.4492776393890381,-0.07121097296476364,0.3821966052055359,0.4731556475162506,-0.01950559951364994,0.3962433338165283,0.3975716233253479,-0.050506267696619034,0.4080885052680969,0.43920907378196716,-0.05744236707687378,0.4098684787750244,0.4932054877281189,-0.05469163507223129,0.33101844787597656,0.4839549958705902,-0.026378214359283447,0.33705049753189087,0.4100005626678467,-0.051091548055410385,0.3556414842605591,0.430707186460495,-0.053963553160429,0.36649787425994873,0.47319310903549194,-0.05014222487807274
0.3581804931163788,0.685543954372406,7.765738700982183e-07,0.4221731424331665,0.6837413311004639,-0.039033953100442886,0.4832468330860138,0.6326531171798706,-0.05843513086438179,0.5353577733039856,0.5994625091552734,-0.07770335674285889,0.5879684686660767,0.607660174369812,-0.09717609733343124,0.4739481210708618,0.4891930818557739,-0.033522412180900574,0.5056778192520142,0.39330315589904785,-0.061135511845350266,0.5222904682159424,0.32883763313293457,-0.07970817387104034,0.5373884439468384,0.2755204439163208,-0.09115231782197952,0.4292699992656708,0.4629548192024231,-0.034184426069259644,0.4433231055736542,0.3489270806312561,-0.06579256802797318,0.4551258385181427,0.2707580327987671,-0.08638134598731995,0.4654994606971741,0.20712754130363464,-0.09693367034196854,0.3807148337364197,0.46165233850479126,-0.03899073600769043,0.38877901434898376,0.3834419548511505,-0.08413612097501755,0.39775151014328003,0.43988358974456787,-0.09454484283924103,0.40003731846809387,0.4960586726665497,-0.08788259327411652,0.3308359682559967,0.4770292043685913,-0.04656760022044182,0.33273303508758545,0.39925241470336914,-0.08032915741205215,0.3474992513656616,0.4272269606590271,-0.08155187219381332,0.35699599981307983,0.4697793424129486,-0.07344231009483337
0.3522622883319855,0.6853853464126587,7.61576586683077e-07,0.4188956916332245,0.6711753010749817,-0.03754854574799538,0.48303961753845215,0.6252171993255615,-0.05867797136306763,0.5413670539855957,0.6030759215354919,-0.08050423115491867,0.5965553522109985,0.6134424805641174,-0.10260830819606781,0.4689018130302429,0.48251229524612427,-0.03683504834771156,0.5086931586265564,0.3876785635948181,-0.06854960322380066,0.5287631750106812,0.32121217250823975,-0.08949385583400726,0.5465333461761475,0.2644081115722656,-0.10243677347898483,0.42505618929862976,0.4560801684856415,-0.04110916703939438,0.44044360518455505,0.33593207597732544,-0.07726269960403442,0.45042943954467773,0.25410282611846924,-0.0996222198009491,0.45949047803878784,0.18646588921546936,-0.11108192801475525,0.37588414549827576,0.4585110545158386,-0.04936813563108444,0.3860336244106293,0.3820018768310547,-0.09768564254045486,0.3977847397327423,0.44004514813423157,-0.10738330334424973,0.40331000089645386,0.49766474962234497,-0.09999682009220123,0.3260904848575592,0.4772658050060272,-0.060477860271930695,0.3307051360607147,0.403986394405365,-0.09517305344343185,0.3479321300983429,0.42864084243774414,-0.09551577270030975,0.3612798750400543,0.46797144412994385,-0.08688757568597794
0.3463706970214844,0.7001358270645142,7.656535672140308e-07,0.41487550735473633,0.686315655708313,-0.03883998468518257,0.4761578440666199,0.6368290185928345,-0.060378268361091614,0.5344784259796143,0.6116721034049988,-0.08330503851175308,0.5917112827301025,0.6196569204330444,-0.10627678781747818,0.4661889672279358,0.4850960671901703,-0.03230877220630646,0.5059227347373962,0.3902999758720398,-0.06390957534313202,0.5257957577705383,0.3250313997268677,-0.0861830934882164,0.5427877306938171,0.2677082419395447,-0.10100950300693512,0.42264488339424133,0.4600077271461487,-0.037273842841386795,0.43889543414115906,0.3425752818584442,-0.07575021684169769,0.4504150152206421,0.25906795263290405,-0.10267895460128784,0.46005257964134216,0.18831518292427063,-0.11798743158578873,0.3741912245750427,0.4632416069507599,-0.0467328242957592,0.3802300989627838,0.38697129487991333,-0.09735376387834549,0.39290130138397217,0.4440218210220337,-0.11038738489151001,0.3998825252056122,0.49993905425071716,-0.1056118980050087,0.32378125190734863,0.48116856813430786,-0.0593663714826107,0.32677197456359863,0.4067095220088959,-0.09608089178800583,0.3409982919692993,0.4306463599205017,-0.09891735762357712,0.35125160217285156,0.46799442172050476,-0.09258168190717697
0.3497721552848816,0.6997764110565186,7.55925839257543e-07,0.41669154167175293,0.6822835206985474,-0.038029517978429794,0.4795774817466736,0.6358276605606079,-0.06015593186020851,0.5373895168304443,0.6122384667396545,-0.08309555053710938,0.5930963754653931,0.6201173663139343,-0.10593332350254059,0.4641413688659668,0.4850457012653351,-0.03669395670294762,0.503216564655304,0.3852788805961609,-0.06824802607297897,0.5231393575668335,0.31955498456954956,-0.08917450904846191,0.5400032997131348,0.26169002056121826,-0.10211583971977234,0.4211626648902893,0.46072494983673096,-0.04056563228368759,0.435757577419281,0.33691996335983276,-0.0768502801656723,0.4451085925102234,0.2526249885559082,-0.10003631561994553,0.453265905380249,0.17999428510665894,-0.112303227186203,0.3726797103881836,0.4643043875694275,-0.04825350642204285,0.3779369592666626,0.3900577425956726,-0.09464377909898758,0.3912566602230072,0.44782525300979614,-0.1025918647646904,0.3997817635536194,0.5010429620742798,-0.09468084573745728,0.32285910844802856,0.48213016986846924,-0.05904576554894447,0.323670357465744,0.4077596664428711,-0.09021106362342834,0.33991265296936035,0.43587085604667664,-0.0872395932674408,0.35311007499694824,0.47440582513809204,-0.0768781453371048
0.3458203673362732,0.701667308807373,7.982262673067453e-07,0.4141044020652771,0.6884840726852417,-0.04130098968744278,0.4790687561035156,0.6412436962127686,-0.06355387717485428,0.5375049710273743,0.6188372373580933,-0.08715000748634338,0.5931481122970581,0.6289801001548767,-0.11029039323329926,0.46507763862609863,0.4850570261478424,-0.030200978741049767,0.5029290914535522,0.38842546939849854,-0.0629907101392746,0.5228440761566162,0.32139283418655396,-0.08550089597702026,0.5405164361000061,0.2624545693397522,-0.09960353374481201,0.4221905767917633,0.4596264958381653,-0.03437987342476845,0.43518340587615967,0.3372827172279358,-0.07440122961997986,0.44506585597991943,0.25636541843414307,-0.10005199909210205,0.4551631510257721,0.18605375289916992,-0.11269433051347733,0.3728998005390167,0.4615919291973114,-0.04352320358157158,0.38287344574928284,0.3926346004009247,-0.09781015664339066,0.39390599727630615,0.4694491922855377,-0.10492566972970963,0.399391770362854,0.5297889113426208,-0.09314224123954773,0.32218775153160095,0.4781107008457184,-0.05604163184762001,0.32827651500701904,0.4084610939025879,-0.09228786081075668,0.342021644115448,0.4487018883228302,-0.08787082135677338,0.3499223291873932,0.49009448289871216,-0.07476162165403366
0.3453766405582428,0.7077156901359558,7.598263778163528e-07,0.4167615473270416,0.6827425956726074,-0.03601282462477684,0.4855555295944214,0.6277874112129211,-0.055806975811719894,0.5476388335227966,0.6072300672531128,-0.077579066157341,0.6030042171478271,0.6239610910415649,-0.09946323186159134,0.46658265590667725,0.48310762643814087,-0.027140263468027115,0.5027598142623901,0.387635201215744,-0.056910399347543716,0.523246705532074,0.32298871874809265,-0.07933038473129272,0.5415476560592651,0.26685503125190735,-0.09404273331165314,0.42279964685440063,0.4597049057483673,-0.03175240755081177,0.4372696578502655,0.34447240829467773,-0.06567163020372391,0.44934287667274475,0.26293662190437317,-0.0901235044002533,0.46137672662734985,0.19365385174751282,-0.10416015237569809,0.37417030334472656,0.46244755387306213,-0.040686845779418945,0.38503193855285645,0.3919270634651184,-0.08471522480249405,0.3951009213924408,0.4471728801727295,-0.0937238335609436,0.39869409799575806,0.5000410079956055,-0.08713700622320175,0.32409676909446716,0.4794706702232361,-0.052881162613630295,0.33073294162750244,0.4105371832847595,-0.08272980153560638,0.3454551100730896,0.4416762590408325,-0.08011974394321442,0.3548963665962219,0.48389527201652527,-0.0702396035194397
0.34586024284362793,0.7278665900230408,3.821792660119172e-08,0.4162755608558655,0.689286470413208,-0.024459844455122948,0.46176835894584656,0.6287186741828918,-0.036574553698301315,0.4795253574848175,0.549103319644928,-0.051492393016815186,0.5040741562843323,0.4851730465888977,-0.06547129154205322,0.4569736421108246,0.5180165767669678,0.007021238096058369,0.477997362613678,0.4526294767856598,-0.017770040780305862,0.4956575930118561,0.450423926115036,-0.04131248593330383,0.5050235986709595,0.4666816294193268,-0.055527061223983765,0.4219907522201538,0.4941607415676117,0.0035233902744948864,0.44317957758903503,0.40146759152412415,-0.023500870913267136,0.45938560366630554,0.4206477999687195,-0.045864641666412354,0.4636025130748749,0.45818832516670227,-0.0573585070669651,0.3804006278514862,0.48494839668273926,-0.005882890895009041,0.3998795449733734,0.4029260277748108,-0.034906137734651566,0.41424039006233215,0.43445661664009094,-0.0463390052318573,0.41332530975341797,0.48244670033454895,-0.048317186534404755,0.3303822875022888,0.48916101455688477,-0.017867330461740494,0.33927395939826965,0.4110332727432251,-0.03996369615197182,0.3601652979850769,0.430656373500824,-0.0436040461063385,0.3705717921257019,0.47460877895355225,-0.04217061400413513
0.34961578249931335,0.721490740776062,1.650102063877057e-07,0.41663601994514465,0.685775876045227,-0.031849972903728485,0.45667997002601624,0.6258911490440369,-0.04833441227674484,0.4753946363925934,0.5500840544700623,-0.06640680879354477,0.5015751123428345,0.48982810974121094,-0.08288981765508652,0.45783352851867676,0.5150181651115417,0.0030209776014089584,0.47695958614349365,0.4595171809196472,-0.02236809954047203,0.49118572473526,0.45256537199020386,-0.04607025533914566,0.49972257018089294,0.4637705683708191,-0.06058574095368385,0.42148059606552124,0.4909510910511017,0.003897877177223563,0.4435378909111023,0.41417354345321655,-0.02296324260532856,0.4546818733215332,0.43432918190956116,-0.04338531568646431,0.45906615257263184,0.46191874146461487,-0.05352212116122246,0.3797179162502289,0.4803996980190277,-0.0019902775529772043,0.4001409113407135,0.4064518213272095,-0.0331505686044693,0.4109167456626892,0.4446818232536316,-0.04195094853639603,0.4084288477897644,0.49475690722465515,-0.041254352778196335,0.33052948117256165,0.48385512828826904,-0.011118116788566113,0.34501758217811584,0.4135528802871704,-0.036704350262880325,0.363780677318573,0.44053101539611816,-0.04012574255466461,0.3703989088535309,0.4880087077617645,-0.037314046174287796
0.34479013085365295,0.712111234664917,1.7211276315265422e-07,0.41112300753593445,0.682535707950592,-0.031222116202116013,0.45651334524154663,0.627124547958374,-0.04390331357717514,0.4731546938419342,0.5525213479995728,-0.057166434824466705,0.4944952130317688,0.49243274331092834,-0.06913726031780243,0.4534916579723358,0.5180575251579285,0.003988680895417929,0.47502991557121277,0.46445825695991516,-0.01919587515294552,0.4884682893753052,0.45573413372039795,-0.0421939343214035,0.4968891143798828,0.4649559557437897,-0.05644957348704338,0.418666809797287,0.49345242977142334,0.005971075966954231,0.44098567962646484,0.4156014621257782,-0.019842278212308884,0.45438575744628906,0.42855796217918396,-0.04322519898414612,0.45891180634498596,0.46069660782814026,-0.05613822489976883,0.3777077794075012,0.4833129942417145,0.001561002223752439,0.3969113528728485,0.40868186950683594,-0.02944227308034897,0.4086073637008667,0.43902748823165894,-0.04468505084514618,0.4070509076118469,0.48993679881095886,-0.048702172935009,0.32898104190826416,0.4864649772644043,-0.005573971197009087,0.3409569561481476,0.4153189957141876,-0.031739380210638046,0.36137694120407104,0.4339774549007416,-0.040270350873470306,0.3711952865123749,0.4780377745628357,-0.04168601334095001
0.35065874457359314,0.7005298137664795,1.1065920091368753e-07,0.41570189595222473,0.6759461164474487,-0.03143593296408653,0.45806682109832764,0.6199984550476074,-0.046601854264736176,0.4725054204463959,0.5454840064048767,-0.06238832697272301,0.4959167540073395,0.48754721879959106,-0.07648010551929474,0.45822539925575256,0.5111187696456909,-0.002674978459253907,0.47907358407974243,0.45282304286956787,-0.02996446006000042,0.4916341304779053,0.4566926062107086,-0.0525999590754509,0.4959053695201874,0.4770852029323578,-0.0653647929430008,0.42176371812820435,0.48647576570510864,-0.0014253415865823627,0.4471933841705322,0.40765610337257385,-0.030604925006628036,0.45647668838500977,0.43969038128852844,-0.05024343356490135,0.45514002442359924,0.4774807095527649,-0.05829085409641266,0.3798673152923584,0.4750540554523468,-0.006373749114573002,0.402961403131485,0.406434565782547,-0.0397956483066082,0.41100138425827026,0.4526609182357788,-0.04693012684583664,0.4051504135131836,0.5022518038749695,-0.04361334443092346,0.3301869034767151,0.476835161447525,-0.01401137001812458,0.3462410569190979,0.4108933210372925,-0.04049978777766228,0.3646174967288971,0.4398423433303833,-0.04263754561543465,0.3702201843261719,0.48294538259506226,-0.03805282339453697
0.3539627194404602,0.7188407182693481,1.9934130079946044e-07,0.4233289957046509,0.6861739754676819,-0.02337891422212124,0.46662086248397827,0.6279098987579346,-0.030933210626244545,0.48245057463645935,0.5587900876998901,-0.04003345966339111,0.5027375221252441,0.5032724738121033,-0.04840043932199478,0.4568544328212738,0.5269116163253784,0.009939207695424557,0.47465839982032776,0.4774117171764374,-0.008940254338085651,0.49216732382774353,0.4617658257484436,-0.02941237948834896,0.5055510997772217,0.46058234572410583,-0.042794179171323776,0.4202514886856079,0.501153290271759,0.009952007792890072,0.4360726773738861,0.4328247010707855,-0.010384492576122284,0.45172297954559326,0.42811286449432373,-0.030645545572042465,0.46181297302246094,0.4432804584503174,-0.043096788227558136,0.3778100311756134,0.4895506203174591,0.004155381582677364,0.3910786211490631,0.4168405532836914,-0.020824160426855087,0.4047915041446686,0.4323898255825043,-0.034311842173337936,0.40973666310310364,0.47296398878097534,-0.039115555584430695,0.3289361298084259,0.49121174216270447,-0.0040112449787557125,0.33583512902259827,0.42394980788230896,-0.026680661365389824,0.35402944684028625,0.4363255500793457,-0.0342424102127552,0.36520975828170776,0.4750770926475525,-0.03575760871171951
0.35379713773727417,0.686479926109314,8.072314585660934e-07,0.4187696874141693,0.6774134039878845,-0.0379335880279541,0.479007363319397,0.6315066814422607,-0.05604729801416397,0.5333036184310913,0.5997049808502197,-0.07258903980255127,0.5842655897140503,0.601952314376831,-0.08918891102075577,0.4674554765224457,0.49200892448425293,-0.03165656328201294,0.5034129619598389,0.4064510464668274,-0.054286085069179535,0.5212627053260803,0.34578627347946167,-0.0718773603439331,0.5365849137306213,0.2979626953601837,-0.08410047739744186,0.4217914938926697,0.46632713079452515,-0.029202423989772797,0.43394768238067627,0.368501752614975,-0.05263763293623924,0.4458397626876831,0.30009859800338745,-0.07211444526910782,0.46032699942588806,0.25128650665283203,-0.08535748720169067,0.37504273653030396,0.4646700620651245,-0.030653348192572594,0.38094064593315125,0.37589913606643677,-0.06220986321568489,0.3915534019470215,0.38687288761138916,-0.07672654837369919,0.3997795879840851,0.4239960014820099,-0.07985151559114456,0.3277322053909302,0.48156821727752686,-0.035290833562612534,0.3272744417190552,0.40551742911338806,-0.06270289421081543,0.3423793613910675,0.40427276492118835,-0.07098415493965149,0.35823744535446167,0.43305784463882446,-0.071344293653965
0.34947580099105835,0.697921872138977,7.985483989614295e-07,0.41467931866645813,0.6934078931808472,-0.04443151876330376,0.4699224829673767,0.6461463570594788,-0.06722618639469147,0.5186535120010376,0.6034613847732544,-0.08882457762956619,0.5744224786758423,0.6002789735794067,-0.10963384807109833,0.46403947472572327,0.49607953429222107,-0.03985784575343132,0.5046834349632263,0.39867424964904785,-0.07185440510511398,0.5270567536354065,0.3327953815460205,-0.09334103018045425,0.5463865399360657,0.2786286175251007,-0.1067599430680275,0.4195599853992462,0.4692813754081726,-0.038828443735837936,0.43181049823760986,0.3493082523345947,-0.07514218240976334,0.44236165285110474,0.2654394507408142,-0.09963282197713852,0.45236119627952576,0.20163273811340332,-0.11304106563329697,0.3721921145915985,0.47016626596450806,-0.042442671954631805,0.37464359402656555,0.38907700777053833,-0.08908883482217789,0.3842470049858093,0.42606931924819946,-0.1034465804696083,0.3905148506164551,0.4744831323623657,-0.10048766434192657,0.32351118326187134,0.4861026108264923,-0.04936562106013298,0.32173261046409607,0.40946587920188904,-0.0838717520236969,0.33395469188690186,0.4226408898830414,-0.08927813172340393,0.34558743238449097,0.45623064041137695,-0.08483701199293137
0.3432813882827759,0.7168622016906738,7.422631256304157e-07,0.40955808758735657,0.7034510374069214,-0.04385814070701599,0.4645063579082489,0.6582481265068054,-0.06828149408102036,0.5146139860153198,0.6163145899772644,-0.09195219725370407,0.5699272155761719,0.6102794408798218,-0.11480484157800674,0.45965731143951416,0.504051685333252,-0.03967059776186943,0.5019482970237732,0.40674903988838196,-0.07240550220012665,0.525053858757019,0.34234094619750977,-0.09556958824396133,0.5447260141372681,0.28673601150512695,-0.11108968406915665,0.41527408361434937,0.4780856668949127,-0.04024766758084297,0.4279913306236267,0.3581068515777588,-0.07688914984464645,0.438435822725296,0.27451032400131226,-0.10267806798219681,0.4475701153278351,0.2087382674217224,-0.11833595484495163,0.36808472871780396,0.4812314808368683,-0.045525822788476944,0.36909031867980957,0.3964084982872009,-0.09018862247467041,0.38384392857551575,0.4283400774002075,-0.10483496636152267,0.3947601616382599,0.4726746082305908,-0.10429343581199646,0.31909024715423584,0.49983757734298706,-0.054528139531612396,0.31616783142089844,0.42404159903526306,-0.08806973695755005,0.3318362832069397,0.432812362909317,-0.09455513209104538,0.34767597913742065,0.46173223853111267,-0.0923594981431961
0.3367399573326111,0.7103270888328552,7.581409136037109e-07,0.403984010219574,0.6984440684318542,-0.04269283637404442,0.4640618562698364,0.6525176763534546,-0.06477692723274231,0.5168673396110535,0.6136181354522705,-0.08652925491333008,0.5710679888725281,0.609510064125061,-0.10730889439582825,0.4564095437526703,0.49679315090179443,-0.0341317392885685,0.49779099225997925,0.4017457067966461,-0.06597349792718887,0.5211742520332336,0.3368369936943054,-0.08844450116157532,0.5428908467292786,0.2810385227203369,-0.1031365618109703,0.4126197397708893,0.46995091438293457,-0.034440603107213974,0.4237605035305023,0.35143953561782837,-0.07104155421257019,0.43320199847221375,0.26970362663269043,-0.09570863097906113,0.44507312774658203,0.20096167922019958,-0.1098402887582779,0.3644595444202423,0.4712812304496765,-0.03948589414358139,0.37307417392730713,0.3921138644218445,-0.08671966940164566,0.3797910809516907,0.4418216645717621,-0.09690582007169724,0.3836023211479187,0.490639865398407,-0.09131303429603577,0.3144168257713318,0.4871940612792969,-0.048053402453660965,0.3177052140235901,0.4164705276489258,-0.08278010040521622,0.3298168182373047,0.4432764947414398,-0.08437804877758026,0.3390166759490967,0.4799163043498993,-0.077207051217556
0.34398090839385986,0.7183997631072998,7.119512588360521e-07,0.4107920527458191,0.6994965076446533,-0.03763560578227043,0.4680604338645935,0.6493421196937561,-0.058304861187934875,0.518775999546051,0.6127140522003174,-0.07973930239677429,0.5691966414451599,0.609808623790741,-0.10073449462652206,0.46077197790145874,0.49864065647125244,-0.0333702452480793,0.5004216432571411,0.40078797936439514,-0.06388157606124878,0.5220756530761719,0.33613139390945435,-0.08545297384262085,0.5410498380661011,0.2798338830471039,-0.10001718252897263,0.41694536805152893,0.4748195707798004,-0.03689470514655113,0.4282585084438324,0.3540474772453308,-0.07197733968496323,0.43824508786201477,0.26981472969055176,-0.0964411124587059,0.44755059480667114,0.20160701870918274,-0.1114567294716835,0.36877769231796265,0.4801445007324219,-0.04456746205687523,0.3739300072193146,0.3934987187385559,-0.08921138197183609,0.38642144203186035,0.43928617238998413,-0.09998983889818192,0.3930204212665558,0.4918147325515747,-0.09612220525741577,0.31888532638549805,0.5002495050430298,-0.055520202964544296,0.31899431347846985,0.4224547743797302,-0.08908837288618088,0.3345758616924286,0.4394649863243103,-0.09234607219696045,0.34746086597442627,0.47476112842559814,-0.08732862025499344
0.34677478671073914,0.7172175049781799,6.243125767468882e-07,0.41809701919555664,0.691490650177002,-0.03814823180437088,0.47490665316581726,0.6356311440467834,-0.05456378310918808,0.5058028697967529,0.5732392072677612,-0.07173290103673935,0.5208134055137634,0.5148230195045471,-0.08714879304170609,0.4630197286605835,0.4975425899028778,-0.02297229878604412,0.49679550528526306,0.40458840131759644,-0.05295784771442413,0.5147234201431274,0.34710001945495605,-0.0740123838186264,0.5307097434997559,0.29405826330184937,-0.08625856041908264,0.41808071732521057,0.47384458780288696,-0.025454411283135414,0.43058544397354126,0.35606634616851807,-0.06215747818350792,0.44037118554115295,0.2788164019584656,-0.08702181279659271,0.4493788778781891,0.2156321406364441,-0.0998477190732956,0.36827126145362854,0.4753556251525879,-0.033125754445791245,0.384840190410614,0.4146074056625366,-0.08427824079990387,0.40077370405197144,0.47958287596702576,-0.0949869379401207,0.4066530168056488,0.5403152108192444,-0.0871751606464386,0.31679707765579224,0.4896223247051239,-0.04352670535445213,0.3284921944141388,0.4274519383907318,-0.08050941675901413,0.3477792739868164,0.465764582157135,-0.08056828379631042,0.35736197233200073,0.5145479440689087,-0.07088648527860641
0.34193849563598633,0.7361621856689453,-2.4325166236849327e-07,0.41022905707359314,0.697321355342865,-0.028031079098582268,0.4533018469810486,0.6402295827865601,-0.045372605323791504,0.4716894030570984,0.5680459141731262,-0.0651952400803566,0.48997119069099426,0.5032238960266113,-0.08156617730855942,0.4560159742832184,0.51518315076828,-0.005418296903371811,0.479269415140152,0.4428998827934265,-0.043388158082962036,0.48156261444091797,0.4786486029624939,-0.0707176998257637,0.4728585481643677,0.5229678153991699,-0.08317837864160538,0.4161079525947571,0.4952375292778015,-0.008179757744073868,0.43875300884246826,0.40925535559654236,-0.04611097276210785,0.4394487738609314,0.47290101647377014,-0.06507699191570282,0.43130069971084595,0.5292757749557495,-0.06929300725460052,0.3720913529396057,0.48860809206962585,-0.017697293311357498,0.3906726539134979,0.4203512966632843,-0.05317496508359909,0.3965524435043335,0.48376235365867615,-0.05399731546640396,0.39082181453704834,0.5375171899795532,-0.04463809356093407,0.3217337131500244,0.49381330609321594,-0.03018948808312416,0.3344678282737732,0.4268328547477722,-0.05108608677983284,0.3510851562023163,0.4613288640975952,-0.0454888679087162,0.3563290238380432,0.5022608041763306,-0.034961555153131485
0.33823397755622864,0.7328915596008301,-1.8315290617465507e-07,0.4051048755645752,0.7045557498931885,-0.031584661453962326,0.45115697383880615,0.6547268629074097,-0.04983538016676903,0.4638509154319763,0.5840975642204285,-0.0693734660744667,0.4809345304965973,0.5208044052124023,-0.08598200976848602,0.4569777250289917,0.5347960591316223,-0.011241276748478413,0.4815146327018738,0.4630740284919739,-0.048708681017160416,0.48089346289634705,0.49350452423095703,-0.07650645077228546,0.4715331494808197,0.5360414981842041,-0.09039366990327835,0.416843056678772,0.5108350515365601,-0.012709963135421276,0.4422280490398407,0.42234182357788086,-0.050938092172145844,0.44245851039886475,0.4790153503417969,-0.07334616035223007,0.43403565883636475,0.5341053605079651,-0.08131364732980728,0.37304025888442993,0.5028378963470459,-0.020540334284305573,0.39270755648612976,0.4293676018714905,-0.057906027883291245,0.39867180585861206,0.488273561000824,-0.06472580879926682,0.3930340111255646,0.5451928973197937,-0.060064319521188736,0.32191887497901917,0.5087687373161316,-0.031211968511343002,0.33137771487236023,0.4390004277229309,-0.05658802390098572,0.3500840663909912,0.46950188279151917,-0.05752626061439514,0.3586407005786896,0.511965274810791,-0.052104923874139786
0.33772188425064087,0.7262169718742371,8.869075474038368e-10,0.4049921929836273,0.704192042350769,-0.03820788860321045,0.4526211619377136,0.6573118567466736,-0.05898892879486084,0.46702057123184204,0.5881181359291077,-0.07988262176513672,0.48934778571128845,0.5255760550498962,-0.09867237508296967,0.45613256096839905,0.5308673977851868,-0.012788078747689724,0.47977495193481445,0.46094346046447754,-0.049914903938770294,0.48610809445381165,0.4762486517429352,-0.080716572701931,0.48037397861480713,0.5113205909729004,-0.09731870144605637,0.4140258729457855,0.5062978863716125,-0.010944072157144547,0.4388025999069214,0.4206743836402893,-0.04907222092151642,0.443141371011734,0.4627602696418762,-0.07812868058681488,0.4364174008369446,0.5114935040473938,-0.09221009910106659,0.3690854012966156,0.4961252510547638,-0.01588394120335579,0.3871332108974457,0.42535412311553955,-0.05210432782769203,0.39591583609580994,0.46848064661026,-0.06733079999685287,0.39134398102760315,0.5205500721931458,-0.07016301155090332,0.3180631995201111,0.5006847381591797,-0.024113347753882408,0.32974764704704285,0.4302675127983093,-0.04923340678215027,0.34839650988578796,0.45675694942474365,-0.055376917123794556,0.35608360171318054,0.49976861476898193,-0.05496969446539879
0.3472265303134918,0.7267968654632568,2.4372479145995385e-08,0.4121682643890381,0.7024291157722473,-0.03437291830778122,0.4618712067604065,0.6535171270370483,-0.05455230548977852,0.4752825200557709,0.5855448246002197,-0.07491109520196915,0.4920715391635895,0.5246701836585999,-0.09322423487901688,0.4574585556983948,0.5238911509513855,-0.01841740496456623,0.4783916473388672,0.4530237019062042,-0.05670161917805672,0.48918625712394714,0.47194427251815796,-0.08619856089353561,0.48930856585502625,0.5098530650138855,-0.10111051052808762,0.4150359630584717,0.5021330714225769,-0.01796659454703331,0.4390527904033661,0.4196869134902954,-0.05606860667467117,0.44721126556396484,0.4664445221424103,-0.07969896495342255,0.4438440501689911,0.518548846244812,-0.08921527117490768,0.3702006936073303,0.4954318702220917,-0.0235347431153059,0.38894617557525635,0.42479828000068665,-0.05870957300066948,0.3989708423614502,0.47520574927330017,-0.06618127971887589,0.39622464776039124,0.5295127034187317,-0.06330045312643051,0.3196617364883423,0.5041370987892151,-0.03231029957532883,0.3280335068702698,0.4343603849411011,-0.057293590158224106,0.3483050465583801,0.4648135006427765,-0.05931917950510979,0.358683317899704,0.5094090104103088,-0.054905250668525696
0.34341469407081604,0.7183728814125061,6.60855050682585e-08,0.4048555791378021,0.7018020749092102,-0.038433827459812164,0.45586585998535156,0.6569523811340332,-0.05958978086709976,0.4775947332382202,0.5943329334259033,-0.08031240105628967,0.4956991672515869,0.5328517556190491,-0.09884301573038101,0.4697223901748657,0.5292436480522156,-0.022200433537364006,0.4955943822860718,0.4610574245452881,-0.05749271810054779,0.5024970173835754,0.46410539746284485,-0.08362230658531189,0.5032913684844971,0.4884675145149231,-0.09754665195941925,0.42291781306266785,0.5020350217819214,-0.020540788769721985,0.4413171708583832,0.41565507650375366,-0.05952463299036026,0.44414472579956055,0.4493836760520935,-0.08199966698884964,0.4420431852340698,0.49347731471061707,-0.0903138518333435,0.37389516830444336,0.49397769570350647,-0.024947242811322212,0.3888043165206909,0.42324668169021606,-0.06383669376373291,0.3960462212562561,0.470062255859375,-0.07192187756299973,0.3947744071483612,0.5241763591766357,-0.06816507875919342,0.321266233921051,0.5016155242919922,-0.03267672657966614,0.33033454418182373,0.43146607279777527,-0.062087319791316986,0.348139226436615,0.4559986889362335,-0.06573400646448135,0.3587157726287842,0.4976651072502136,-0.061451833695173264
0.33473825454711914,0.705992579460144,8.690187200954824e-07,0.3989870250225067,0.7041094303131104,-0.047731321305036545,0.4596900939941406,0.6627861261367798,-0.0731581524014473,0.5153676867485046,0.6524186730384827,-0.09762309491634369,0.5672930479049683,0.6632047891616821,-0.12293265759944916,0.45440956950187683,0.508424699306488,-0.04839646816253662,0.4953933358192444,0.4107776880264282,-0.08382080495357513,0.5181601047515869,0.3432798981666565,-0.10759612917900085,0.5383875966072083,0.2844732999801636,-0.12309394776821136,0.40454283356666565,0.48109355568885803,-0.048330940306186676,0.41464054584503174,0.37262335419654846,-0.09132793545722961,0.41992413997650146,0.2940118908882141,-0.11896897852420807,0.42551225423812866,0.2309567928314209,-0.13364502787590027,0.354693204164505,0.48052018880844116,-0.053085584193468094,0.3557003140449524,0.4178099036216736,-0.10984776169061661,0.35865774750709534,0.48341310024261475,-0.1246994137763977,0.36181384325027466,0.542899489402771,-0.11921567469835281,0.3071445822715759,0.4964926242828369,-0.061179403215646744,0.302041232585907,0.4401787221431732,-0.10612514615058899,0.3088419437408447,0.4787676930427551,-0.11280578374862671,0.31718483567237854,0.5204376578330994,-0.10706865042448044
0.3306504786014557,0.7289243936538696,9.366395943288808e-07,0.3983018398284912,0.7244934439659119,-0.04757504165172577,0.4631863832473755,0.6857474446296692,-0.07520699501037598,0.5212824940681458,0.6765189170837402,-0.10296427458524704,0.5759755969047546,0.6874125003814697,-0.130756214261055,0.4486384689807892,0.5173243284225464,-0.0481925792992115,0.4932556748390198,0.4154477119445801,-0.08801692724227905,0.5199447274208069,0.3465087413787842,-0.114005446434021,0.5432946681976318,0.2856661081314087,-0.12973348796367645,0.39949554204940796,0.48900341987609863,-0.05013445392251015,0.40895912051200867,0.3629171848297119,-0.09733705222606659,0.41551098227500916,0.2746414840221405,-0.12720057368278503,0.42309364676475525,0.19936886429786682,-0.14196263253688812,0.3477962017059326,0.49271899461746216,-0.05651037022471428,0.3456540107727051,0.4279590845108032,-0.11498511582612991,0.351576030254364,0.49565014243125916,-0.12675777077674866,0.35689210891723633,0.5520040392875671,-0.11774646490812302,0.2981147766113281,0.513870358467102,-0.06633730232715607,0.2889154553413391,0.45390814542770386,-0.10712949931621552,0.29964685440063477,0.49326804280281067,-0.10692432522773743,0.3108603358268738,0.5336349606513977,-0.09580235928297043
0.3290292024612427,0.7273142337799072,9.54004690356669e-07,0.39589813351631165,0.7192810773849487,-0.046046335250139236,0.4614447355270386,0.6801584959030151,-0.07378729432821274,0.520213782787323,0.6642090082168579,-0.10170906782150269,0.5777115225791931,0.6778258085250854,-0.12903887033462524,0.4460308253765106,0.5120124220848083,-0.047454677522182465,0.49211251735687256,0.41328173875808716,-0.0868445634841919,0.5192408561706543,0.3456696569919586,-0.11152727156877518,0.5418142676353455,0.2866758704185486,-0.12559235095977783,0.39753586053848267,0.48525819182395935,-0.049731768667697906,0.409401535987854,0.359663188457489,-0.0962071567773819,0.4188353419303894,0.27442118525505066,-0.1235869824886322,0.42805027961730957,0.20135962963104248,-0.1358461081981659,0.3451796770095825,0.4893811345100403,-0.05616245046257973,0.3469023108482361,0.43973368406295776,-0.11318828165531158,0.35734009742736816,0.513111412525177,-0.12129133194684982,0.3648616671562195,0.5703743696212769,-0.10915382951498032,0.29492902755737305,0.5090259313583374,-0.06603921949863434,0.2926673889160156,0.45895981788635254,-0.10263966023921967,0.3063390254974365,0.5021017789840698,-0.09790658950805664,0.3172154426574707,0.5413848161697388,-0.08361820131540298
0.3258667290210724,0.7324473261833191,8.591618438913429e-07,0.39699602127075195,0.7238975763320923,-0.042897533625364304,0.46142345666885376,0.6855356693267822,-0.06875257194042206,0.518390953540802,0.6650392413139343,-0.09588025510311127,0.5751251578330994,0.6739498376846313,-0.12297489494085312,0.44618692994117737,0.5145460367202759,-0.04275331646203995,0.4906154274940491,0.41724467277526855,-0.08084158599376678,0.5159372687339783,0.3494309186935425,-0.10593633353710175,0.537677526473999,0.2899373769760132,-0.12128975242376328,0.399177610874176,0.49091655015945435,-0.04738585278391838,0.4110426604747772,0.3688024878501892,-0.09305819123983383,0.42059943079948425,0.2827775478363037,-0.12224920094013214,0.4293319880962372,0.20925354957580566,-0.13733245432376862,0.34820014238357544,0.49864694476127625,-0.05625316873192787,0.3511623740196228,0.4355967044830322,-0.11325795948505402,0.36079996824264526,0.5065651535987854,-0.12363577634096146,0.3676407039165497,0.5645002722740173,-0.11445010453462601,0.2981555461883545,0.5217042565345764,-0.06840655952692032,0.2915756106376648,0.45560401678085327,-0.10701435059309006,0.3040914237499237,0.48681098222732544,-0.10589777678251266,0.31598979234695435,0.5222361087799072,-0.09527700394392014
0.3285617232322693,0.7328363060951233,9.084873795472959e-07,0.39794304966926575,0.7214195728302002,-0.04517144337296486,0.46067413687705994,0.6826199889183044,-0.07255697250366211,0.5169588327407837,0.6651796102523804,-0.10054893791675568,0.5732408761978149,0.6770867705345154,-0.12815628945827484,0.44749972224235535,0.5165433883666992,-0.04644232988357544,0.4946379065513611,0.41631045937538147,-0.08538561314344406,0.5201594233512878,0.3475170433521271,-0.11021409183740616,0.5431331396102905,0.28732606768608093,-0.124980628490448,0.4004449248313904,0.4919007420539856,-0.05028151720762253,0.4104287922382355,0.3635714650154114,-0.09799516201019287,0.42123040556907654,0.27701690793037415,-0.12777405977249146,0.4320785403251648,0.20377427339553833,-0.14250312745571136,0.3492678701877594,0.5001166462898254,-0.0582810640335083,0.3542878031730652,0.4375060200691223,-0.11629412323236465,0.3669906556606293,0.5084812641143799,-0.1266413778066635,0.37513619661331177,0.5674295425415039,-0.1168469563126564,0.29985475540161133,0.5227795839309692,-0.06967625021934509,0.29564225673675537,0.45420002937316895,-0.10665114223957062,0.30741310119628906,0.47749701142311096,-0.10435273498296738,0.31665632128715515,0.5056746602058411,-0.0930747538805008
0.3285655081272125,0.7529013156890869,-1.3752841709901986e-07,0.3975889980792999,0.7155364751815796,-0.03207511827349663,0.44269293546676636,0.6673984527587891,-0.054167602211236954,0.4660484194755554,0.6005791425704956,-0.078480564057827,0.48792576789855957,0.5377135872840881,-0.10023500770330429,0.44161248207092285,0.5363633632659912,-0.00852272193878889,0.464889794588089,0.4620383381843567,-0.04736191779375076,0.47362813353538513,0.4858745336532593,-0.07610398530960083,0.4681204855442047,0.5317919850349426,-0.08957947790622711,0.4029843211174011,0.5146595239639282,-0.010798968374729156,0.4280315339565277,0.41979897022247314,-0.04945028945803642,0.4305090606212616,0.47958680987358093,-0.0696520134806633,0.42160239815711975,0.5374259948730469,-0.07475143671035767,0.35999223589897156,0.5059723854064941,-0.020168112590909004,0.38040250539779663,0.4282466173171997,-0.05597458407282829,0.3871433436870575,0.48621630668640137,-0.058137860149145126,0.3793219029903412,0.5413532853126526,-0.05006100609898567,0.30943790078163147,0.5091763138771057,-0.03287426754832268,0.3214435577392578,0.4376809000968933,-0.05396147817373276,0.336578369140625,0.4732035994529724,-0.048887502402067184,0.33799704909324646,0.5169681906700134,-0.03931327536702156
0.3286689519882202,0.745088517665863,-1.6639971534004872e-07,0.39271026849746704,0.7149497866630554,-0.026722222566604614,0.43757426738739014,0.6593252420425415,-0.043639205396175385,0.4605224132537842,0.5941331386566162,-0.06271135807037354,0.4846365749835968,0.5375867486000061,-0.07878787070512772,0.4510079026222229,0.5380843877792358,-0.007065191399306059,0.4774465560913086,0.4693974256515503,-0.040760692209005356,0.4763820171356201,0.5024558901786804,-0.06683969497680664,0.46601054072380066,0.5397536158561707,-0.08058127760887146,0.4111591577529907,0.5135067701339722,-0.010538610629737377,0.43702980875968933,0.43089377880096436,-0.04314093664288521,0.43812379240989685,0.4840450584888458,-0.06256841123104095,0.42919787764549255,0.5324896574020386,-0.07000541687011719,0.36600634455680847,0.5040149092674255,-0.01979839988052845,0.38547268509864807,0.43394359946250916,-0.05134237930178642,0.39356729388237,0.49183452129364014,-0.05429239198565483,0.3880838453769684,0.5443779230117798,-0.0489751435816288,0.3144398331642151,0.507110595703125,-0.03178124502301216,0.32655349373817444,0.4406649172306061,-0.05252169817686081,0.34355729818344116,0.47623953223228455,-0.04898157715797424,0.349033385515213,0.5190205574035645,-0.04129420593380928
0.32521361112594604,0.7484487891197205,3.8332327534362776e-08,0.39260923862457275,0.7180837392807007,-0.03229020535945892,0.43570518493652344,0.665081799030304,-0.05084185674786568,0.4553956985473633,0.599807858467102,-0.07083536684513092,0.4811031222343445,0.5428820252418518,-0.08901625871658325,0.44147178530693054,0.5502585172653198,-0.008907186798751354,0.46600306034088135,0.48301932215690613,-0.04443296790122986,0.47726553678512573,0.49113529920578003,-0.07363611459732056,0.4790309965610504,0.5224907994270325,-0.08919231593608856,0.4031028151512146,0.5255917310714722,-0.009476165287196636,0.4266189634799957,0.44000136852264404,-0.04654067009687424,0.4355820417404175,0.4695834517478943,-0.07304871082305908,0.433249831199646,0.5180803537368774,-0.0851162001490593,0.35942891240119934,0.5154008865356445,-0.016422932967543602,0.3763749301433563,0.4380126893520355,-0.05175605043768883,0.3880927860736847,0.47632426023483276,-0.06512793153524399,0.38663366436958313,0.5327695608139038,-0.06639349460601807,0.3089682161808014,0.5190305113792419,-0.026381483301520348,0.3150789737701416,0.44572877883911133,-0.05242130532860756,0.33337080478668213,0.4663020074367523,-0.05904495716094971,0.3424709439277649,0.5105504989624023,-0.05832432210445404
0.3282768428325653,0.741608738899231,-1.4969964823308146e-08,0.3930594325065613,0.7185434699058533,-0.032535891979932785,0.43803703784942627,0.6714690327644348,-0.05256272479891777,0.4550759196281433,0.6065180897712708,-0.07345523685216904,0.4772002696990967,0.5507384538650513,-0.09190835803747177,0.4473828375339508,0.5455665588378906,-0.015198004432022572,0.47146594524383545,0.4745698571205139,-0.05067302659153938,0.4766419529914856,0.49047213792800903,-0.07753004133701324,0.47170689702033997,0.524319589138031,-0.09108699858188629,0.40599513053894043,0.5204027891159058,-0.015514092519879341,0.42952945828437805,0.436221718788147,-0.0503259114921093,0.4328741431236267,0.4798550009727478,-0.07100250571966171,0.4273947477340698,0.5271539688110352,-0.07872378826141357,0.3605012595653534,0.5117540955543518,-0.02178148925304413,0.3768574297428131,0.4397059679031372,-0.05492526292800903,0.3861159682273865,0.4897361099720001,-0.061089131981134415,0.38367319107055664,0.5431051254272461,-0.057454876601696014,0.30941739678382874,0.5182576775550842,-0.031131437048316002,0.3153122663497925,0.44717615842819214,-0.05432470515370369,0.33481451869010925,0.47596877813339233,-0.055109161883592606,0.3452591896057129,0.5205323100090027,-0.049926869571208954
0.33158424496650696,0.7389155626296997,-8.822354402582278e-08,0.39465826749801636,0.7144933938980103,-0.03684362396597862,0.4367295801639557,0.6649113893508911,-0.058357588946819305,0.4554256796836853,0.6003036499023438,-0.07994861155748367,0.4792594611644745,0.5460658073425293,-0.09814898669719696,0.45336008071899414,0.5353173017501831,-0.012257460504770279,0.4697665870189667,0.4739135801792145,-0.05199412256479263,0.4705674946308136,0.4978066086769104,-0.08115649223327637,0.4629058241844177,0.5342739820480347,-0.09532304108142853,0.41000083088874817,0.5110636353492737,-0.010760634206235409,0.4277442395687103,0.43687742948532104,-0.05205421522259712,0.42363908886909485,0.4965035021305084,-0.07300638407468796,0.41694116592407227,0.5452516078948975,-0.07800474017858505,0.36291614174842834,0.5030620098114014,-0.016539467498660088,0.37563177943229675,0.44186508655548096,-0.05568268150091171,0.3796146810054779,0.5013845562934875,-0.059196434915065765,0.3762456476688385,0.5513625144958496,-0.0510571226477623,0.31031936407089233,0.5103790163993835,-0.025708602741360664,0.3193943500518799,0.4484352767467499,-0.05078728497028351,0.33449605107307434,0.4858225882053375,-0.048616401851177216,0.34224918484687805,0.5257971286773682,-0.03990066796541214
0.3301661014556885,0.7217185497283936,8.293931159641943e-07,0.39906829595565796,0.7140523195266724,-0.04036266356706619,0.46638983488082886,0.666129469871521,-0.06188124045729637,0.5270380973815918,0.6520529389381409,-0.08334897458553314,0.5811110734939575,0.6633152961730957,-0.1052624061703682,0.44961461424827576,0.5301229953765869,-0.038687944412231445,0.4886397123336792,0.4351118206977844,-0.07002226263284683,0.5115358233451843,0.3717617988586426,-0.0909174457192421,0.5324246287345886,0.31901705265045166,-0.10401304811239243,0.4022764265537262,0.5025967359542847,-0.03963311389088631,0.41447052359580994,0.39066654443740845,-0.0756983533501625,0.42669379711151123,0.31635889410972595,-0.09859399497509003,0.4385265111923218,0.2560800313949585,-0.11117161065340042,0.3521488904953003,0.49937108159065247,-0.044837191700935364,0.3676542639732361,0.4300682544708252,-0.09328777343034744,0.37950342893600464,0.49250528216362,-0.1038363054394722,0.3820299208164215,0.552582323551178,-0.09724029898643494,0.30213499069213867,0.5111697912216187,-0.052886590361595154,0.31002914905548096,0.44330304861068726,-0.08975910395383835,0.3264831602573395,0.4797046184539795,-0.09132734686136246,0.3342844247817993,0.5264601111412048,-0.08316850662231445
0.322379469871521,0.720583438873291,8.869249086274067e-07,0.39906126260757446,0.7160648703575134,-0.041702769696712494,0.471825510263443,0.6762071847915649,-0.06191214546561241,0.5363782644271851,0.6602224111557007,-0.0829729214310646,0.5956220030784607,0.669435977935791,-0.10390762984752655,0.44846317172050476,0.5124648809432983,-0.02526378259062767,0.4893612861633301,0.4197557866573334,-0.05187852680683136,0.5112999081611633,0.3556865155696869,-0.07111237943172455,0.5305300951004028,0.30133575201034546,-0.08338439464569092,0.4025273025035858,0.4849395751953125,-0.027225451543927193,0.4140301048755646,0.368117094039917,-0.06016925722360611,0.4244600534439087,0.2849510610103607,-0.08572106808423996,0.43279317021369934,0.2182007133960724,-0.09971243888139725,0.35355114936828613,0.4858262538909912,-0.03442336618900299,0.35985416173934937,0.41425856947898865,-0.0828063040971756,0.3696953058242798,0.4691774249076843,-0.09957374632358551,0.373487651348114,0.5229625105857849,-0.09616576880216599,0.3043474555015564,0.5025667548179626,-0.04474903270602226,0.30665475130081177,0.429949551820755,-0.07988350093364716,0.3214913606643677,0.45254796743392944,-0.08471362292766571,0.3326336145401001,0.4893137812614441,-0.07902809232473373
0.3170785903930664,0.7355825901031494,8.371548574359622e-07,0.39143070578575134,0.7267323732376099,-0.04365338385105133,0.46279293298721313,0.6868869662284851,-0.0682763159275055,0.5274422764778137,0.6714816689491272,-0.09361248463392258,0.5862094163894653,0.6790627241134644,-0.11937344819307327,0.442736953496933,0.5197569727897644,-0.04123661667108536,0.4871586263179779,0.42214077711105347,-0.07556595653295517,0.5123213529586792,0.35653215646743774,-0.09909763187170029,0.5338561534881592,0.300516813993454,-0.11367233842611313,0.39520391821861267,0.49397844076156616,-0.04550473019480705,0.4102066159248352,0.37003830075263977,-0.08499458432197571,0.42323628067970276,0.28292766213417053,-0.11304818093776703,0.43298330903053284,0.21253257989883423,-0.12901662290096283,0.3436111807823181,0.4982548952102661,-0.05444014072418213,0.3516790270805359,0.4250361919403076,-0.10675907880067825,0.36761635541915894,0.4817339777946472,-0.12265156954526901,0.37596362829208374,0.5398616194725037,-0.11930055171251297,0.2915443181991577,0.5181710720062256,-0.06673604995012283,0.29332202672958374,0.4406515955924988,-0.10465551912784576,0.310650110244751,0.46150466799736023,-0.10861354321241379,0.32424890995025635,0.4996646046638489,-0.10262858122587204
0.316570907831192,0.7393147945404053,8.664604251862329e-07,0.39090999960899353,0.7325041890144348,-0.04328072443604469,0.46165674924850464,0.6898526549339294,-0.06728294491767883,0.5261045098304749,0.6720741391181946,-0.09194136410951614,0.5848580598831177,0.6809304356575012,-0.1163763701915741,0.4419240355491638,0.5215211510658264,-0.03772226348519325,0.4850172698497772,0.42478132247924805,-0.07235012203454971,0.510163426399231,0.3590277433395386,-0.09598959982395172,0.531345784664154,0.3008943796157837,-0.11112836748361588,0.39619389176368713,0.49334463477134705,-0.04114336520433426,0.411127507686615,0.36998194456100464,-0.08198093622922897,0.4228969216346741,0.2863784730434418,-0.10892917960882187,0.4324378967285156,0.21401914954185486,-0.12344502657651901,0.3453025817871094,0.49690958857536316,-0.04921139031648636,0.34875938296318054,0.4252546429634094,-0.10145264118909836,0.359156996011734,0.4894917607307434,-0.11125876754522324,0.36516445875167847,0.5441577434539795,-0.10332633554935455,0.2937544584274292,0.5164428949356079,-0.060894593596458435,0.2934213876724243,0.45026421546936035,-0.0971565768122673,0.3063139021396637,0.48343175649642944,-0.0962584987282753,0.3158976435661316,0.5206139087677002,-0.08660785853862762
0.3134802579879761,0.737319827079773,8.31686293167877e-07,0.3878437578678131,0.7255288362503052,-0.04052618145942688,0.458570271730423,0.6793233752250671,-0.06185216084122658,0.519303023815155,0.6578169465065002,-0.0842476636171341,0.5743340253829956,0.6648065447807312,-0.10673713684082031,0.4373835027217865,0.518284022808075,-0.03464438021183014,0.48260581493377686,0.4190240502357483,-0.06556453555822372,0.5066066980361938,0.3527654707431793,-0.08639032393693924,0.5264973044395447,0.29552313685417175,-0.09937252849340439,0.39041778445243835,0.49273374676704407,-0.038772184401750565,0.40672972798347473,0.36674779653549194,-0.07606370002031326,0.4186432361602783,0.28052085638046265,-0.10191471129655838,0.42770397663116455,0.20932039618492126,-0.11573392152786255,0.33949822187423706,0.49636903405189514,-0.04722893238067627,0.34740886092185974,0.4221770167350769,-0.09799029678106308,0.36116936802864075,0.4864479601383209,-0.10975903272628784,0.367849737405777,0.5449455380439758,-0.10304293781518936,0.2880780100822449,0.5148212313652039,-0.05879994109272957,0.2933598458766937,0.4418504536151886,-0.09498408436775208,0.3075031042098999,0.47172996401786804,-0.09503696113824844,0.3163115084171295,0.5111821889877319,-0.08579197525978088
0.31664663553237915,0.744196891784668,7.646951871720375e-07,0.3788931369781494,0.7172811031341553,-0.04027111828327179,0.4366351068019867,0.6620840430259705,-0.06438670307397842,0.48368993401527405,0.6255882978439331,-0.08967265486717224,0.5300483703613281,0.6194000244140625,-0.11451295763254166,0.43860170245170593,0.5264877676963806,-0.040589749813079834,0.48098158836364746,0.42724359035491943,-0.07658347487449646,0.5054730176925659,0.36164072155952454,-0.10027611255645752,0.5256211161613464,0.30307430028915405,-0.11437804996967316,0.3929727077484131,0.5006992816925049,-0.044831980019807816,0.4109985828399658,0.38222429156303406,-0.08617612719535828,0.4236527979373932,0.30264782905578613,-0.11073576658964157,0.43216946721076965,0.23455509543418884,-0.12293165177106857,0.34218913316726685,0.5017303228378296,-0.05339973792433739,0.35332730412483215,0.43830737471580505,-0.10573368519544601,0.36531782150268555,0.5104917883872986,-0.11252874881029129,0.3690468668937683,0.5707752704620361,-0.10190998762845993,0.2894018888473511,0.5170515179634094,-0.0651528462767601,0.29802143573760986,0.4484826922416687,-0.10002483427524567,0.31286996603012085,0.4872090518474579,-0.09581905603408813,0.3197658061981201,0.5317328572273254,-0.08341903239488602
0.2936362028121948,0.7714264392852783,-2.8260717499506427e-07,0.363790899515152,0.7432166337966919,-0.032640792429447174,0.4130614101886749,0.689120352268219,-0.053536705672740936,0.43776172399520874,0.627531111240387,-0.07611209899187088,0.45150595903396606,0.5755510330200195,-0.09473364055156708,0.417691707611084,0.549106240272522,-0.007854943163692951,0.4400317370891571,0.4936738610267639,-0.0518026240170002,0.4379934072494507,0.5516357421875,-0.08402786403894424,0.42993488907814026,0.5992651581764221,-0.09983588755130768,0.37570539116859436,0.5273131132125854,-0.009484660811722279,0.3961201608181,0.4633321166038513,-0.053992923349142075,0.39449918270111084,0.5377799868583679,-0.07539581507444382,0.38805118203163147,0.5890724062919617,-0.08080197125673294,0.3288416564464569,0.517812192440033,-0.018962958827614784,0.34368741512298584,0.4631609320640564,-0.058990735560655594,0.3474525213241577,0.5327991247177124,-0.05815836414694786,0.34407973289489746,0.578178882598877,-0.047775376588106155,0.27683165669441223,0.5196179747581482,-0.031609486788511276,0.2889561355113983,0.4784739315509796,-0.05348009243607521,0.2981826663017273,0.5286775827407837,-0.04577355831861496,0.2991279363632202,0.5640514492988586,-0.034018151462078094
0.601287305355072,0.834937334060669,9.468178063798405e-07,0.5175153017044067,0.8100625276565552,-0.04845832288265228,0.4448367953300476,0.7588111162185669,-0.08810347318649292,0.37106892466545105,0.7292289137840271,-0.12289257347583771,0.30327385663986206,0.7205632925033569,-0.16077211499214172,0.5062776803970337,0.5456935167312622,-0.07354556769132614,0.47861966490745544,0.4137951731681824,-0.11019594222307205,0.46278849244117737,0.32568854093551636,-0.1403988152742386,0.44986605644226074,0.2498103678226471,-0.16342811286449432,0.5701048970222473,0.5250815749168396,-0.07830022275447845,0.5640259385108948,0.37443041801452637,-0.11148987710475922,0.5589522123336792,0.27712637186050415,-0.14140354096889496,0.552432656288147,0.1933029294013977,-0.16406919062137604,0.6310995817184448,0.5422236919403076,-0.08636215329170227,0.6459173560142517,0.3990117609500885,-0.11875877529382706,0.6532427072525024,0.30428415536880493,-0.14524130523204803,0.6563901305198669,0.22225657105445862,-0.16486114263534546,0.684075117111206,0.5850667953491211,-0.09746832400560379,0.7096779942512512,0.4814161956310272,-0.12609010934829712,0.723699152469635,0.4120709300041199,-0.13885484635829926,0.7324274182319641,0.3488128185272217,-0.1478213220834732
0.6131108999252319,0.8594490885734558,8.602769980825542e-07,0.5213260054588318,0.8238608837127686,-0.050933241844177246,0.4427797794342041,0.7733052968978882,-0.09052147716283798,0.3674582839012146,0.742805540561676,-0.12594828009605408,0.29564329981803894,0.7345719933509827,-0.1635347604751587,0.5114603638648987,0.5533801317214966,-0.0650799423456192,0.47922781109809875,0.4168713092803955,-0.10118766874074936,0.46048590540885925,0.3302043080329895,-0.13038766384124756,0.44698086380958557,0.2546703815460205,-0.1527702957391739,0.5759395956993103,0.5307485461235046,-0.07002384960651398,0.5677976608276367,0.3727618455886841,-0.10025996714830399,0.5612224340438843,0.27321678400039673,-0.12680312991142273,0.5568128824234009,0.18664082884788513,-0.14776809513568878,0.6370747685432434,0.5458479523658752,-0.08025970309972763,0.650425910949707,0.39798104763031006,-0.1122046411037445,0.6583749055862427,0.3044266104698181,-0.13613009452819824,0.6637459993362427,0.22322773933410645,-0.1542641669511795,0.6925126910209656,0.5873488783836365,-0.09456454962491989,0.718233585357666,0.48665517568588257,-0.12225811928510666,0.7329186201095581,0.4180825352668762,-0.13367635011672974,0.7439455986022949,0.35186898708343506,-0.1424454003572464
0.6141339540481567,0.8663039803504944,8.436642247033888e-07,0.5231768488883972,0.8282699584960938,-0.04880981147289276,0.44461169838905334,0.7762033939361572,-0.08537712693214417,0.37019866704940796,0.7456164956092834,-0.11828242242336273,0.30019229650497437,0.737786054611206,-0.15291662514209747,0.5119343996047974,0.557456374168396,-0.059031929820775986,0.4771694839000702,0.4165893793106079,-0.09379465132951736,0.45877307653427124,0.3290954828262329,-0.12148737162351608,0.4464581608772278,0.2524174451828003,-0.14252698421478271,0.5763134956359863,0.5347418785095215,-0.06405841559171677,0.5673781633377075,0.37468814849853516,-0.09229051321744919,0.5618154406547546,0.27407944202423096,-0.11705490201711655,0.5583300590515137,0.18931174278259277,-0.13672782480716705,0.6378844976425171,0.5488287806510925,-0.07471194863319397,0.6527981162071228,0.40337976813316345,-0.10439802706241608,0.6617101430892944,0.3104136288166046,-0.12626461684703827,0.6667037010192871,0.22972163558006287,-0.14285975694656372,0.6947710514068604,0.5885323286056519,-0.08956436067819595,0.7206496000289917,0.48841777443885803,-0.11393549293279648,0.7348178625106812,0.42119425535202026,-0.12315279245376587,0.7440742254257202,0.35677433013916016,-0.13060860335826874
0.612968385219574,0.8708052635192871,8.580905159760732e-07,0.5261395573616028,0.8289109468460083,-0.0479971319437027,0.4506123661994934,0.7742146253585815,-0.08519340306520462,0.376128613948822,0.7433857917785645,-0.11900269240140915,0.30634480714797974,0.7376776933670044,-0.15459705889225006,0.513107180595398,0.5550499558448792,-0.059553246945142746,0.47758907079696655,0.4138096570968628,-0.09552115947008133,0.45875081419944763,0.3270987272262573,-0.12390196323394775,0.4457857012748718,0.25134703516960144,-0.1451352834701538,0.5776716470718384,0.5332182049751282,-0.06559166312217712,0.5691714286804199,0.37224656343460083,-0.09496121108531952,0.5638753175735474,0.271441787481308,-0.12021615356206894,0.5602370500564575,0.18538647890090942,-0.13981342315673828,0.6393604278564453,0.549284040927887,-0.0770902931690216,0.6553369760513306,0.40110963582992554,-0.10743451118469238,0.6650261282920837,0.3076664209365845,-0.12895891070365906,0.6702925562858582,0.22704139351844788,-0.14496923983097076,0.6958377361297607,0.5923651456832886,-0.09264672547578812,0.7230629920959473,0.49098291993141174,-0.11735497415065765,0.7368288040161133,0.4227093756198883,-0.12591511011123657,0.7449554204940796,0.3584631085395813,-0.13251963257789612
0.6002832651138306,0.8731748461723328,-1.6519625489763712e-07,0.5368753671646118,0.7924134731292725,-0.01927516981959343,0.5013619065284729,0.688892662525177,-0.033505696803331375,0.49494048953056335,0.601931631565094,-0.053043097257614136,0.4978964328765869,0.529208242893219,-0.0703660175204277,0.5259185433387756,0.547400176525116,0.00986951682716608,0.5053719878196716,0.4458649158477783,-0.021384190768003464,0.4767778515815735,0.40377548336982727,-0.050210025161504745,0.45354291796684265,0.37998804450035095,-0.06719502806663513,0.575290322303772,0.5424793362617493,-0.0020850319415330887,0.55748450756073,0.41970014572143555,-0.03216979652643204,0.524960994720459,0.3962043523788452,-0.05502207577228546,0.4998801052570343,0.3940361738204956,-0.06628208607435226,0.6259688138961792,0.5548337697982788,-0.020092520862817764,0.6290308833122253,0.44992220401763916,-0.052887823432683945,0.5977019667625427,0.48638999462127686,-0.056912802159786224,0.5758063793182373,0.5390997529029846,-0.05155711621046066,0.6791014671325684,0.5801801085472107,-0.0412311926484108,0.6913920640945435,0.4876255393028259,-0.05979485809803009,0.6661630868911743,0.5070659518241882,-0.05376366153359413,0.6465423703193665,0.5499332547187805,-0.04443860054016113
0.5923617482185364,0.8737701177597046,-4.4523372366711556e-07,0.5231154561042786,0.7871431112289429,-0.0012268827995285392,0.4914792776107788,0.6809263229370117,-0.000848745577968657,0.4880235195159912,0.5864220261573792,-0.009293769486248493,0.4771609306335449,0.5119633078575134,-0.015829376876354218,0.5342931151390076,0.5699998140335083,0.047546982765197754,0.5201382637023926,0.4863945245742798,0.025469394400715828,0.48843610286712646,0.4621344208717346,0.0011862661922350526,0.45938846468925476,0.4555412232875824,-0.010831077583134174,0.5732698440551758,0.5620148181915283,0.0351029708981514,0.5550125241279602,0.4751288890838623,0.01399848610162735,0.5202566981315613,0.4778093695640564,-0.005953657906502485,0.49373093247413635,0.4938182532787323,-0.013982255011796951,0.6149609088897705,0.5676383972167969,0.01653054915368557,0.5992968678474426,0.4903401732444763,-0.007397327106446028,0.5742079615592957,0.5320146679878235,-0.009600228630006313,0.5608062744140625,0.5845471024513245,-0.0013539742212742567,0.6628024578094482,0.5811779499053955,-0.004049946088343859,0.666532039642334,0.48722800612449646,-0.013443183153867722,0.644747793674469,0.48188140988349915,-0.005960114300251007,0.6263079047203064,0.5036871433258057,0.004954062402248383
0.5875917673110962,0.8526208400726318,-2.988372500567493e-07,0.5275694727897644,0.778761625289917,-0.009017194621264935,0.4973856806755066,0.6769713163375854,-0.01231608260422945,0.49165427684783936,0.5911893844604492,-0.021952716633677483,0.47736096382141113,0.5271285772323608,-0.029935194179415703,0.5370897650718689,0.5698934197425842,0.029403649270534515,0.5246309638023376,0.5022460222244263,0.008057753555476665,0.49709367752075195,0.47270533442497253,-0.015577560290694237,0.46730828285217285,0.45683544874191284,-0.029264960438013077,0.5765647888183594,0.561840832233429,0.01979702152311802,0.5570804476737976,0.4809490144252777,-0.001031021703965962,0.514199435710907,0.4686494469642639,-0.01860162615776062,0.47650110721588135,0.4721395671367645,-0.026274891570210457,0.6177025437355042,0.5688033699989319,0.004610178526490927,0.6046403646469116,0.48566585779190063,-0.019703514873981476,0.5747286677360535,0.5136670470237732,-0.0207445677369833,0.5545380711555481,0.557235598564148,-0.01262460183352232,0.6635875701904297,0.5873202681541443,-0.013178295455873013,0.6710414290428162,0.49167168140411377,-0.02675125189125538,0.645583987236023,0.4828032851219177,-0.021082254126667976,0.6201470494270325,0.5055971145629883,-0.011385352350771427
0.5889531970024109,0.8483343720436096,-2.504052361018694e-07,0.5271557569503784,0.7850244045257568,-0.012524663470685482,0.4961223602294922,0.6777099967002869,-0.01534226443618536,0.4915597438812256,0.585852324962616,-0.024283723905682564,0.4769439399242401,0.5194022059440613,-0.03183811902999878,0.5245916247367859,0.580894947052002,0.02570299431681633,0.5014976263046265,0.5181516408920288,0.0029591983184218407,0.47544941306114197,0.4835098385810852,-0.019909821450710297,0.4511800706386566,0.458564430475235,-0.03320472687482834,0.5678289532661438,0.5680025815963745,0.017285220324993134,0.5459604263305664,0.4958203434944153,-0.008997861295938492,0.5087729096412659,0.4806467592716217,-0.029368218034505844,0.4769422113895416,0.47788894176483154,-0.03788158670067787,0.6123747229576111,0.5725869536399841,0.0030885362066328526,0.5956332683563232,0.4993230104446411,-0.030817324295639992,0.5736129879951477,0.5554621815681458,-0.03517768532037735,0.5641714930534363,0.6236298680305481,-0.02572469785809517,0.6615287065505981,0.5886498093605042,-0.01346321776509285,0.6666162014007568,0.5009852647781372,-0.03390172868967056,0.6429421901702881,0.4954242706298828,-0.03202531859278679,0.6215115785598755,0.5224206447601318,-0.023635588586330414
0.592212975025177,0.8296327590942383,-5.077295099908952e-07,0.5330064296722412,0.7794137001037598,-0.0112695237621665,0.4913329780101776,0.6787071824073792,-0.015969766303896904,0.4833332896232605,0.5944637060165405,-0.024800537154078484,0.4769197106361389,0.5351079106330872,-0.03250749781727791,0.5319840312004089,0.5701441764831543,0.003899762872606516,0.5204416513442993,0.501288890838623,-0.019116325303912163,0.4940798878669739,0.4710632860660553,-0.03776868060231209,0.46428340673446655,0.4507291316986084,-0.048771295696496964,0.5781162977218628,0.5648953914642334,-0.0034802749287337065,0.562937319278717,0.5085623860359192,-0.034102339297533035,0.5529448390007019,0.5746068954467773,-0.043707817792892456,0.5513808727264404,0.6350259780883789,-0.04249776899814606,0.6223660111427307,0.5715875029563904,-0.014924164861440659,0.6100911498069763,0.5000073909759521,-0.043993473052978516,0.5919322967529297,0.5560662150382996,-0.03731432929635048,0.586279571056366,0.6180247664451599,-0.023997919633984566,0.668107271194458,0.5884464383125305,-0.028281889855861664,0.6730091571807861,0.4980790913105011,-0.04499407112598419,0.6483521461486816,0.5012854337692261,-0.03803471103310585,0.6280478239059448,0.5310791730880737,-0.027923468500375748
0.603266179561615,0.8003301024436951,6.579790579053224e-07,0.5422875285148621,0.7826254367828369,-0.04072589427232742,0.4928371012210846,0.7385954260826111,-0.06725040078163147,0.4694506525993347,0.7192236185073853,-0.09236596524715424,0.43956130743026733,0.7262449264526367,-0.11656219512224197,0.49709954857826233,0.5475171804428101,-0.03004586510360241,0.4685823321342468,0.45606377720832825,-0.053007446229457855,0.4489906430244446,0.3934534192085266,-0.07315616309642792,0.4340689182281494,0.3430868685245514,-0.08688170462846756,0.5528767108917236,0.5344052314758301,-0.029711516574025154,0.5451974868774414,0.4413742423057556,-0.05247078463435173,0.5438095927238464,0.3989143371582031,-0.0692572146654129,0.5444158315658569,0.37213096022605896,-0.07783444225788116,0.6075690984725952,0.5445308685302734,-0.03459806740283966,0.609106183052063,0.48069924116134644,-0.062150198966264725,0.6014342904090881,0.5207185745239258,-0.06666846573352814,0.6010900139808655,0.5635672807693481,-0.061092544347047806,0.6638392806053162,0.5707813501358032,-0.04362509027123451,0.6758479475975037,0.4996830224990845,-0.06075417622923851,0.6594525575637817,0.5145884156227112,-0.05596793442964554,0.6465262770652771,0.5476669073104858,-0.047028496861457825
0.5953464508056641,0.8062753677368164,1.1643409152384265e-06,0.5302224159240723,0.791986346244812,-0.04374868795275688,0.46468695998191833,0.7463136911392212,-0.08074063062667847,0.4060782790184021,0.7362940311431885,-0.1181037425994873,0.35292941331863403,0.7550128102302551,-0.1565243899822235,0.4878278970718384,0.5576465725898743,-0.06341147422790527,0.454362690448761,0.42580920457839966,-0.10424389690160751,0.43368837237358093,0.33231091499328613,-0.13260512053966522,0.42120638489723206,0.2559269666671753,-0.14977164566516876,0.5475102663040161,0.5417883992195129,-0.06819205731153488,0.542029082775116,0.4098079800605774,-0.11305569112300873,0.5375930070877075,0.32787829637527466,-0.13640648126602173,0.5380223989486694,0.2625157833099365,-0.1457415074110031,0.608002781867981,0.5520526766777039,-0.07592865079641342,0.6085414290428162,0.4950981140136719,-0.12271027266979218,0.5938753485679626,0.5790389180183411,-0.11788053065538406,0.5872558951377869,0.6512819528579712,-0.09942713379859924,0.6670684814453125,0.5754637718200684,-0.08780166506767273,0.6762383580207825,0.4997146725654602,-0.11546101421117783,0.6605552434921265,0.5382120609283447,-0.1001383364200592,0.645358681678772,0.5883251428604126,-0.07936637103557587
0.6011806130409241,0.8208873867988586,1.229589088325156e-06,0.5307438969612122,0.7965707778930664,-0.040841929614543915,0.4575536251068115,0.7472420930862427,-0.0749741643667221,0.39738041162490845,0.7400819063186646,-0.11069634556770325,0.34495800733566284,0.7607499361038208,-0.14663778245449066,0.49077093601226807,0.553677499294281,-0.06294488906860352,0.4552439749240875,0.4132838249206543,-0.10119166225194931,0.43381303548812866,0.3233998417854309,-0.12255227565765381,0.41770774126052856,0.24875178933143616,-0.13383926451206207,0.5514230132102966,0.53862464427948,-0.07059933990240097,0.5464735627174377,0.38456475734710693,-0.11380097270011902,0.541633129119873,0.27841681241989136,-0.1358751654624939,0.5398147702217102,0.1915302872657776,-0.14461594820022583,0.6117870807647705,0.5516394376754761,-0.08130236715078354,0.6121637225151062,0.5023031830787659,-0.13301454484462738,0.5989548563957214,0.5926342606544495,-0.13512344658374786,0.5908294916152954,0.667519748210907,-0.11918818205595016,0.6698240041732788,0.5782597064971924,-0.09513624757528305,0.6770052909851074,0.5028526782989502,-0.12577590346336365,0.6664113402366638,0.5417994856834412,-0.11439777165651321,0.6531489491462708,0.5890327095985413,-0.0963749811053276
0.6002055406570435,0.8282915353775024,1.122464482250507e-06,0.531177282333374,0.7970813512802124,-0.036424845457077026,0.460783988237381,0.7446115016937256,-0.06746487319469452,0.4036098122596741,0.736052393913269,-0.10127373039722443,0.3507649600505829,0.7559272050857544,-0.13506141304969788,0.49017953872680664,0.5532678961753845,-0.0557628870010376,0.4549889862537384,0.41467148065567017,-0.09374268352985382,0.4324214458465576,0.3255656957626343,-0.1155591681599617,0.4137336015701294,0.25169670581817627,-0.12733805179595947,0.5508952140808105,0.5405027270317078,-0.06610297411680222,0.543204665184021,0.38582727313041687,-0.10929244756698608,0.537899911403656,0.2793157994747162,-0.132266104221344,0.5353456735610962,0.19059476256370544,-0.1420736163854599,0.6109391450881958,0.5577465891838074,-0.07968122512102127,0.6118025779724121,0.5057704448699951,-0.1327846199274063,0.5977314710617065,0.5951625108718872,-0.13608267903327942,0.5871044993400574,0.6712283492088318,-0.12065544724464417,0.6690449714660645,0.5874261856079102,-0.09610634297132492,0.6818276643753052,0.5038749575614929,-0.12801490724086761,0.6715705394744873,0.5320575833320618,-0.11834532022476196,0.6563565731048584,0.5711528658866882,-0.10165634751319885
0.6028738617897034,0.8189393281936646,1.1057230722144595e-06,0.5353367924690247,0.7879582643508911,-0.035907864570617676,0.46466779708862305,0.7320480346679688,-0.06569615006446838,0.410408079624176,0.7182774543762207,-0.09889829903841019,0.36328640580177307,0.739734947681427,-0.13234800100326538,0.49399450421333313,0.5496689081192017,-0.05010940879583359,0.45947712659835815,0.4118334650993347,-0.08799082785844803,0.4373677968978882,0.3246610164642334,-0.10908609628677368,0.4197661876678467,0.25149452686309814,-0.11979296058416367,0.5556231141090393,0.5345305800437927,-0.06050826236605644,0.5499637126922607,0.38019269704818726,-0.10278955847024918,0.5433815121650696,0.2757584750652313,-0.124118372797966,0.5393701195716858,0.18899235129356384,-0.13200139999389648,0.6156579256057739,0.5479466915130615,-0.07471926510334015,0.6154423952102661,0.4982619285583496,-0.12793873250484467,0.6027511358261108,0.5919287204742432,-0.13010817766189575,0.5956482291221619,0.6682761311531067,-0.113135926425457,0.6723002195358276,0.5758103728294373,-0.09173762053251266,0.67952561378479,0.5026063919067383,-0.12147878110408783,0.6674631237983704,0.5453378558158875,-0.10917071253061295,0.6552075147628784,0.5916149020195007,-0.09060908854007721
0.6020023822784424,0.8252742886543274,7.18453179615608e-07,0.5320425629615784,0.7852730751037598,-0.025479760020971298,0.484916627407074,0.6961299180984497,-0.04324457794427872,0.4968264698982239,0.6156045794487,-0.06488198041915894,0.5209767818450928,0.5625854730606079,-0.08469170331954956,0.4913206994533539,0.5600821375846863,-0.030194373801350594,0.45600956678390503,0.4248913526535034,-0.06296426057815552,0.4356080889701843,0.341553270816803,-0.0815843939781189,0.4229785203933716,0.27343761920928955,-0.09085067361593246,0.5501561760902405,0.5398954153060913,-0.04001531004905701,0.5365971326828003,0.3921915590763092,-0.07589690387248993,0.5301773548126221,0.29323989152908325,-0.09485253691673279,0.5311329364776611,0.21181681752204895,-0.10182377696037292,0.6087818145751953,0.5471409559249878,-0.053201138973236084,0.6044288873672485,0.48520776629447937,-0.09643301367759705,0.5947241187095642,0.5531466603279114,-0.09712330996990204,0.5926300883293152,0.615025520324707,-0.0825355127453804,0.6646516919136047,0.5698692202568054,-0.06878875941038132,0.665753960609436,0.49305465817451477,-0.09329639375209808,0.6515166759490967,0.5243147611618042,-0.08196578919887543,0.6435636281967163,0.5662636756896973,-0.06518679857254028
0.605734646320343,0.8491289615631104,-4.1707252762535063e-07,0.534638524055481,0.7759125232696533,-0.007747958414256573,0.49684077501296997,0.6812782883644104,-0.012832339853048325,0.4876686632633209,0.5935576558113098,-0.024706587195396423,0.47109365463256836,0.5188721418380737,-0.034093521535396576,0.5201848149299622,0.5655127167701721,0.031153274700045586,0.5048854351043701,0.48059073090553284,0.005732448305934668,0.4782640337944031,0.46966856718063354,-0.019244587048888206,0.45649993419647217,0.4823043942451477,-0.03150271624326706,0.5630218386650085,0.5552833080291748,0.020986132323741913,0.5442004799842834,0.463012158870697,0.00040236578206531703,0.5158997178077698,0.4725174307823181,-0.01756950467824936,0.4937094449996948,0.4963283836841583,-0.02609085850417614,0.6089859008789062,0.5585162043571472,0.004695778246968985,0.599029541015625,0.46966809034347534,-0.016586827114224434,0.5757991075515747,0.5014564990997314,-0.017313353717327118,0.560529351234436,0.5466055274009705,-0.011758875101804733,0.659218430519104,0.5739763975143433,-0.014118275605142117,0.6659911870956421,0.47915688157081604,-0.024960018694400787,0.6430345177650452,0.48125457763671875,-0.018889660015702248,0.6219775676727295,0.5095833539962769,-0.010559728369116783
0.597446858882904,0.8381834626197815,-3.0192484246072127e-07,0.5328102111816406,0.7704871892929077,-0.006062820553779602,0.4959426522254944,0.6779431700706482,-0.0077165705151855946,0.48588281869888306,0.5940942764282227,-0.016003327444195747,0.4717048406600952,0.5299756526947021,-0.02229403331875801,0.5196383595466614,0.5720427632331848,0.0337909571826458,0.5020756125450134,0.5088583827018738,0.015644626691937447,0.47662508487701416,0.49404940009117126,-0.0037232397589832544,0.45707017183303833,0.49469268321990967,-0.013346328400075436,0.5599356889724731,0.5593135356903076,0.02477097511291504,0.5434999465942383,0.48266953229904175,0.008969648741185665,0.5150147676467896,0.49017858505249023,-0.0036871375050395727,0.49685603380203247,0.5107846260070801,-0.007858975790441036,0.6045409440994263,0.5607054233551025,0.01008609589189291,0.5933834314346313,0.48189520835876465,-0.007987910881638527,0.5708609223365784,0.5151420831680298,-0.0065118735656142235,0.5619373321533203,0.5644132494926453,0.0013484947849065065,0.6539280414581299,0.5727788209915161,-0.007040428463369608,0.6602057218551636,0.480365514755249,-0.015803365036845207,0.6351394653320312,0.4815659523010254,-0.008724146522581577,0.6151965856552124,0.5130239725112915,0.000650193018373102
0.6010669469833374,0.8214250802993774,-1.8869813800392876e-07,0.5370582938194275,0.7714003324508667,-0.012903202325105667,0.5003641843795776,0.6847915053367615,-0.019231481477618217,0.4928978383541107,0.6055745482444763,-0.030850954353809357,0.4816979765892029,0.5411617159843445,-0.040388237684965134,0.5131986141204834,0.5762473344802856,0.01944555714726448,0.4903135299682617,0.5149331092834473,-0.004215404391288757,0.4724137485027313,0.49596890807151794,-0.02512938156723976,0.46228235960006714,0.4990496337413788,-0.03452647849917412,0.5568891763687134,0.5625701546669006,0.012586870230734348,0.5382054448127747,0.4919945001602173,-0.009402540512382984,0.5180767774581909,0.4949949383735657,-0.023763345554471016,0.5072842240333557,0.5104882121086121,-0.02819788083434105,0.6036138534545898,0.5621899366378784,-6.743847916368395e-05,0.5878915786743164,0.49478089809417725,-0.02629481628537178,0.5738503336906433,0.548019528388977,-0.025700822472572327,0.5741283893585205,0.6088567972183228,-0.01592729054391384,0.6557919979095459,0.5715214014053345,-0.015050933696329594,0.6552808880805969,0.4843198359012604,-0.029072653502225876,0.6336195468902588,0.5002455115318298,-0.021979831159114838,0.6192055344581604,0.5418749451637268,-0.011419861577451229
0.5976564884185791,0.8135567903518677,-1.8633164700077032e-07,0.5353969931602478,0.7688720226287842,-0.012286340817809105,0.498468816280365,0.6757909059524536,-0.015654345974326134,0.4918252229690552,0.5919909477233887,-0.02232407033443451,0.474215030670166,0.5325471758842468,-0.02697720378637314,0.5130538940429688,0.5806977152824402,0.011570797301828861,0.4924168586730957,0.5193394422531128,-0.009901603683829308,0.47371894121170044,0.4953497052192688,-0.028607932850718498,0.46185341477394104,0.4931589961051941,-0.03782590478658676,0.5594297647476196,0.5629552602767944,0.006593544036149979,0.5392245650291443,0.4948057532310486,-0.011479908600449562,0.517163872718811,0.4931434094905853,-0.0217486172914505,0.5053145289421082,0.5046615600585938,-0.02504422329366207,0.6077167987823486,0.5608517527580261,-0.003520289435982704,0.5987539887428284,0.4867214560508728,-0.02570316568017006,0.5771364569664001,0.5152779221534729,-0.022985024377703667,0.56758713722229,0.558968722820282,-0.014100197702646255,0.6600006222724915,0.573116660118103,-0.01605653576552868,0.6673597097396851,0.4870959520339966,-0.032028790563344955,0.6417787075042725,0.48564010858535767,-0.028580479323863983,0.6190983057022095,0.5124272108078003,-0.021024666726589203
0.6045272350311279,0.8109413981437683,-1.6997398688545218e-07,0.5462085008621216,0.7726426124572754,-0.016786454245448112,0.5058267712593079,0.6858249306678772,-0.023297224193811417,0.49585631489753723,0.6058832406997681,-0.033245839178562164,0.4828769266605377,0.5442981123924255,-0.041742078959941864,0.523188591003418,0.5842628479003906,0.010435913689434528,0.5053113102912903,0.5290265679359436,-0.01411236822605133,0.48323580622673035,0.5007639527320862,-0.0360926128923893,0.46242937445640564,0.49290433526039124,-0.047638971358537674,0.5668689608573914,0.5640183091163635,0.00545862689614296,0.546501636505127,0.49783074855804443,-0.018031926825642586,0.5170751810073853,0.4940054714679718,-0.033108219504356384,0.49280086159706116,0.5063769817352295,-0.03847704082727432,0.6116378307342529,0.5604138374328613,-0.00522959278896451,0.5971059203147888,0.4902574419975281,-0.03480232506990433,0.5746095180511475,0.5296459197998047,-0.036736711859703064,0.562205970287323,0.5823133587837219,-0.02817363105714321,0.6608713865280151,0.5694358944892883,-0.01833573542535305,0.6643809676170349,0.48520952463150024,-0.038883276283741,0.6428812742233276,0.4829801917076111,-0.03768819943070412,0.6226415634155273,0.5094377398490906,-0.030481649562716484
0.5878466367721558,0.7779678702354431,5.68516327348334e-07,0.5235443711280823,0.7438104152679443,-0.0189080648124218,0.4831058979034424,0.6581843495368958,-0.029216336086392403,0.49439072608947754,0.5710251331329346,-0.04073873162269592,0.5215038061141968,0.5215604305267334,-0.05122572183609009,0.4934553802013397,0.5597982406616211,-0.02711259201169014,0.4694347679615021,0.46622225642204285,-0.05576641112565994,0.4522804319858551,0.3974267244338989,-0.07857469469308853,0.44312214851379395,0.3384700119495392,-0.09360373020172119,0.5462744832038879,0.5416381359100342,-0.03330389782786369,0.5330584049224854,0.44528335332870483,-0.060525305569171906,0.5223280787467957,0.37102094292640686,-0.07831058651208878,0.5191808938980103,0.30443668365478516,-0.08830466866493225,0.6024880409240723,0.5453869700431824,-0.0410604327917099,0.5968793630599976,0.48021769523620605,-0.07345656305551529,0.5810750126838684,0.5275267362594604,-0.0722474604845047,0.5737835764884949,0.5805268287658691,-0.06146492063999176,0.6581273078918457,0.5647855401039124,-0.0508144311606884,0.6641471982002258,0.48982006311416626,-0.07429897785186768,0.6441774964332581,0.5077219605445862,-0.06741634011268616,0.6299585700035095,0.5461492538452148,-0.05497683212161064
0.5945136547088623,0.7769947052001953,9.184871032630326e-07,0.5282579064369202,0.7716991901397705,-0.046345070004463196,0.4643554091453552,0.744741678237915,-0.08145315945148468,0.40889936685562134,0.7419503331184387,-0.1151592954993248,0.36041998863220215,0.764258861541748,-0.14968717098236084,0.48028239607810974,0.5435167551040649,-0.05232783034443855,0.4537346363067627,0.4528881013393402,-0.08147802948951721,0.4343428611755371,0.38856643438339233,-0.10367731750011444,0.42112797498703003,0.3385007977485657,-0.11857952922582626,0.536540687084198,0.521041989326477,-0.052640650421381,0.5292984247207642,0.416718065738678,-0.08239684253931046,0.5197876691818237,0.3452174663543701,-0.10349957644939423,0.5142479538917542,0.2796819508075714,-0.11620234698057175,0.5939105153083801,0.5254526734352112,-0.0567716583609581,0.5958858132362366,0.46243879199028015,-0.09229011833667755,0.5912003517150879,0.5324611663818359,-0.09498148411512375,0.5901186466217041,0.5883233547210693,-0.08751945197582245,0.6508679986000061,0.5495522022247314,-0.06494811922311783,0.6584787964820862,0.484453409910202,-0.08863215148448944,0.6475937366485596,0.5167818069458008,-0.0815260037779808,0.6393153071403503,0.5559723973274231,-0.06997588276863098
0.5920138359069824,0.7935855984687805,1.2686757600022247e-06,0.5268764495849609,0.7762836813926697,-0.045323941856622696,0.45942556858062744,0.7377700805664062,-0.08348865807056427,0.39602208137512207,0.7384015321731567,-0.12300632894039154,0.3430541157722473,0.7619694471359253,-0.1628464013338089,0.48912709951400757,0.5428862571716309,-0.061322420835494995,0.4612872898578644,0.4089467525482178,-0.09971650689840317,0.44474464654922485,0.3207401931285858,-0.12264347076416016,0.43348631262779236,0.24932247400283813,-0.1349124163389206,0.5466928482055664,0.5259222984313965,-0.06703076511621475,0.53841233253479,0.3753027319908142,-0.10742732137441635,0.5315360426902771,0.27806761860847473,-0.12753768265247345,0.5289686322212219,0.19536402821540833,-0.13513730466365814,0.6055487394332886,0.534959077835083,-0.07677596807479858,0.604867160320282,0.47421029210090637,-0.12595979869365692,0.5926701426506042,0.5554788708686829,-0.12714268267154694,0.5867390036582947,0.6196761727333069,-0.11176638305187225,0.6609372496604919,0.5580954551696777,-0.09018639475107193,0.6667106747627258,0.4848998486995697,-0.11809545755386353,0.651202917098999,0.5218266844749451,-0.10625344514846802,0.636096715927124,0.5646939873695374,-0.08875492960214615
0.5936377048492432,0.7918196320533752,1.2043342394463252e-06,0.5249218940734863,0.7734768390655518,-0.049454525113105774,0.45630308985710144,0.7378334999084473,-0.090864397585392,0.3925709128379822,0.7422417402267456,-0.13313327729701996,0.3357767164707184,0.7674692869186401,-0.1755632907152176,0.49156954884529114,0.5420600771903992,-0.06881149858236313,0.4643011689186096,0.40313708782196045,-0.11044247448444366,0.44726675748825073,0.3171946406364441,-0.13417087495326996,0.4334592819213867,0.2442922592163086,-0.14671608805656433,0.5497075915336609,0.523853063583374,-0.07300569862127304,0.5436418056488037,0.3716094195842743,-0.11769172549247742,0.5376710295677185,0.27277302742004395,-0.1401022970676422,0.5336799621582031,0.186417818069458,-0.14898747205734253,0.6086246371269226,0.5338347554206848,-0.08123546838760376,0.6123459935188293,0.48590290546417236,-0.1344093233346939,0.601392388343811,0.5770879983901978,-0.13596424460411072,0.5933008790016174,0.6467304825782776,-0.11964624375104904,0.6647855639457703,0.5580379962921143,-0.09325549751520157,0.6741796135902405,0.4909327030181885,-0.12278079241514206,0.6636066436767578,0.5373159050941467,-0.10926520079374313,0.6506571173667908,0.5823842287063599,-0.09006951749324799
0.6002984642982483,0.8023926019668579,1.1540304285517777e-06,0.5296924114227295,0.7800076007843018,-0.04873442277312279,0.4605068564414978,0.7410297393798828,-0.0889899730682373,0.39877378940582275,0.7402792572975159,-0.1296238750219345,0.3455086052417755,0.7638872861862183,-0.1698453724384308,0.4949488341808319,0.543794572353363,-0.06846734881401062,0.46646714210510254,0.4049828052520752,-0.10924185067415237,0.4498186707496643,0.3200375437736511,-0.13316376507282257,0.43642500042915344,0.24874702095985413,-0.1464470624923706,0.5536688566207886,0.5256779789924622,-0.07301049679517746,0.5450758934020996,0.37454599142074585,-0.11763094365596771,0.5387718677520752,0.2762421667575836,-0.14122360944747925,0.5363439321517944,0.19024893641471863,-0.15168163180351257,0.612506628036499,0.5385093688964844,-0.08144708722829819,0.6198743581771851,0.4854200482368469,-0.13203215599060059,0.6054468750953674,0.5709831118583679,-0.1336129754781723,0.5941870212554932,0.6377599239349365,-0.11874466389417648,0.668962836265564,0.5660277605056763,-0.09390819072723389,0.6841474771499634,0.49303677678108215,-0.12230156362056732,0.6717575788497925,0.5267327427864075,-0.11068006604909897,0.6557780504226685,0.5633230805397034,-0.09357006847858429
0.6032477617263794,0.8037956357002258,1.1473529184513609e-06,0.5317431092262268,0.7796101570129395,-0.042120181024074554,0.46078455448150635,0.7401937246322632,-0.07930517196655273,0.3982887268066406,0.7427928447723389,-0.11869700998067856,0.3447098731994629,0.7699004411697388,-0.15835171937942505,0.4966912865638733,0.5447404384613037,-0.06112769618630409,0.4678882956504822,0.4052460789680481,-0.0998760312795639,0.4499695599079132,0.31965407729148865,-0.12187997996807098,0.43571531772613525,0.2483082413673401,-0.13319921493530273,0.5561904311180115,0.5259127616882324,-0.06822719424962997,0.549662172794342,0.3743212819099426,-0.10974182188510895,0.5422800183296204,0.273075670003891,-0.13145002722740173,0.5373561978340149,0.1878943145275116,-0.14060717821121216,0.6146932244300842,0.5361803770065308,-0.07904619723558426,0.6211885809898376,0.4852255880832672,-0.12879778444766998,0.6097269058227539,0.5699555277824402,-0.13216495513916016,0.5992569923400879,0.6421914100646973,-0.11772087216377258,0.6706732511520386,0.560608446598053,-0.09323626011610031,0.6877149343490601,0.4840523600578308,-0.12101705372333527,0.6801740527153015,0.5143128633499146,-0.11015602201223373,0.6660771369934082,0.5548655986785889,-0.09310730546712875
0.6037662029266357,0.8032739162445068,1.1463581586212968e-06,0.5332502722740173,0.7790235280990601,-0.043165914714336395,0.4640013873577118,0.7407833933830261,-0.08076990395784378,0.3997495770454407,0.7440271973609924,-0.12098782509565353,0.3432461619377136,0.773044228553772,-0.16120398044586182,0.4986179769039154,0.5435948371887207,-0.05732950568199158,0.4676852226257324,0.40555116534233093,-0.09515883773565292,0.44761067628860474,0.3203423023223877,-0.11702466011047363,0.43141239881515503,0.24784332513809204,-0.12848925590515137,0.5572309494018555,0.5240026712417603,-0.06474553048610687,0.5487894415855408,0.3738471269607544,-0.10562696307897568,0.5402361154556274,0.27285709977149963,-0.12734584510326385,0.5340883135795593,0.18638774752616882,-0.1363358050584793,0.6152740716934204,0.5328570008277893,-0.07631749659776688,0.6216837167739868,0.4838881492614746,-0.1264708936214447,0.6128318905830383,0.5717014074325562,-0.1297614425420761,0.6044450402259827,0.6440306901931763,-0.1149463802576065,0.6706297397613525,0.5559601783752441,-0.09146969765424728,0.6858948469161987,0.4834323823451996,-0.11850553750991821,0.6767468452453613,0.5243696570396423,-0.10633750259876251,0.662168562412262,0.5718551874160767,-0.0884145125746727
0.6058087944984436,0.8024099469184875,1.1175911822647322e-06,0.5369932055473328,0.7813052535057068,-0.045221082866191864,0.4660007357597351,0.7426189184188843,-0.08271022886037827,0.4022423028945923,0.7443784475326538,-0.12208974361419678,0.34815138578414917,0.7698224782943726,-0.16147135198116302,0.49749955534935,0.5433527827262878,-0.060386233031749725,0.465488463640213,0.4083141088485718,-0.10002720355987549,0.44587722420692444,0.32367199659347534,-0.12325046956539154,0.4298585057258606,0.2520962357521057,-0.13568753004074097,0.556229829788208,0.5233068466186523,-0.06686139851808548,0.5471873879432678,0.3725709319114685,-0.10939349979162216,0.5387800931930542,0.2741738557815552,-0.13140493631362915,0.5328975319862366,0.18781602382659912,-0.14044822752475739,0.6146340370178223,0.533852219581604,-0.07768955081701279,0.6193138360977173,0.47878775000572205,-0.12948119640350342,0.6112893223762512,0.5644570589065552,-0.13256175816059113,0.6048328876495361,0.6335656642913818,-0.11754241585731506,0.6702038049697876,0.5601740479469299,-0.09220758080482483,0.68440842628479,0.4828650951385498,-0.1208881288766861,0.6743791699409485,0.5202327370643616,-0.10926532000303268,0.6608138680458069,0.5634627938270569,-0.09166338294744492
0.5956259369850159,0.8076709508895874,1.0313509619663819e-06,0.524835467338562,0.781189501285553,-0.034630633890628815,0.44903889298439026,0.7375904321670532,-0.06532441079616547,0.38767921924591064,0.7346435785293579,-0.09898685663938522,0.3345053791999817,0.757350504398346,-0.13299094140529633,0.49013441801071167,0.5445103645324707,-0.05137493461370468,0.4586811661720276,0.41310107707977295,-0.08646384626626968,0.4381662607192993,0.33130335807800293,-0.10671140253543854,0.42162054777145386,0.26238107681274414,-0.11755962669849396,0.5477080345153809,0.5250755548477173,-0.06101316958665848,0.5379050374031067,0.37841516733169556,-0.09944731742143631,0.529158353805542,0.2813931107521057,-0.12007303535938263,0.5244287848472595,0.1990184485912323,-0.12912172079086304,0.6050453782081604,0.5356239080429077,-0.07388581335544586,0.6111828088760376,0.4879440665245056,-0.12023130804300308,0.5969824194908142,0.5707424879074097,-0.12358590960502625,0.5857670307159424,0.6402312517166138,-0.11047019809484482,0.6598568558692932,0.5617780089378357,-0.08971337974071503,0.675757110118866,0.4897049069404602,-0.11548781394958496,0.6650028228759766,0.5232385993003845,-0.10541026294231415,0.6500043869018555,0.5655193328857422,-0.08983013033866882
0.6042235493659973,0.7982033491134644,1.0273952284478582e-06,0.535494863986969,0.7774049639701843,-0.04105281084775925,0.46095138788223267,0.7343038320541382,-0.07511141151189804,0.3948402404785156,0.7301162481307983,-0.10990837216377258,0.33999067544937134,0.7502357959747314,-0.14536869525909424,0.49374765157699585,0.5458347201347351,-0.06115856394171715,0.46100226044654846,0.40704411268234253,-0.10031698644161224,0.44040489196777344,0.3209265470504761,-0.12267900258302689,0.4237848222255707,0.24983808398246765,-0.13484127819538116,0.5525186657905579,0.5181373357772827,-0.06800035387277603,0.5452681183815002,0.3650820851325989,-0.1064746230840683,0.5397462844848633,0.273761123418808,-0.12679296731948853,0.5371782779693604,0.19826695322990417,-0.13548430800437927,0.6116378307342529,0.5232305526733398,-0.0781608298420906,0.6190006732940674,0.4661889672279358,-0.12084858864545822,0.6096148490905762,0.5325689911842346,-0.12397690862417221,0.6047303080558777,0.585711658000946,-0.11379420012235641,0.6671613454818726,0.5485337972640991,-0.09165707975625992,0.6732246279716492,0.5025461316108704,-0.11362483352422714,0.6599035263061523,0.5478555560112,-0.10170523077249527,0.6508359909057617,0.5898206830024719,-0.08635413646697998
0.6048197746276855,0.8014470338821411,8.423969575233059e-07,0.5315070748329163,0.7673752307891846,-0.038683950901031494,0.4844890534877777,0.6799172759056091,-0.06416002660989761,0.4950878322124481,0.5985987782478333,-0.08958329260349274,0.5123316049575806,0.5424724221229553,-0.11374406516551971,0.48364171385765076,0.5175363421440125,-0.048388756811618805,0.45140719413757324,0.3772820234298706,-0.09210040420293808,0.43188509345054626,0.2805648744106293,-0.12064167857170105,0.417721688747406,0.2043670415878296,-0.13692860305309296,0.547408938407898,0.4959402084350586,-0.05453205481171608,0.5402999520301819,0.35424548387527466,-0.09698210656642914,0.537204384803772,0.2645978629589081,-0.11945255845785141,0.5337330102920532,0.18824878334999084,-0.12853431701660156,0.61136794090271,0.5033220648765564,-0.06478379666805267,0.6139129996299744,0.43272385001182556,-0.11132732778787613,0.6107648015022278,0.49765247106552124,-0.1082945317029953,0.6090332269668579,0.5510749816894531,-0.09260016679763794,0.672253429889679,0.532437264919281,-0.07874518632888794,0.6764334440231323,0.4711765646934509,-0.10645683854818344,0.6696816682815552,0.5136477947235107,-0.09165569394826889,0.6667892932891846,0.5535048246383667,-0.07209031283855438
0.6002219319343567,0.8440709710121155,-4.593576647948794e-07,0.5219305157661438,0.7729241251945496,-0.015999650582671165,0.4773234724998474,0.6785383224487305,-0.026131439954042435,0.472351998090744,0.5864003896713257,-0.042653895914554596,0.4633200764656067,0.5127308368682861,-0.05597129836678505,0.48712190985679626,0.5442808866500854,0.028635652735829353,0.4728432893753052,0.44688937067985535,-0.00558826420456171,0.4510856866836548,0.45901936292648315,-0.038149457424879074,0.43913036584854126,0.4944387376308441,-0.054868172854185104,0.5356918573379517,0.5279638171195984,0.018963785842061043,0.5205404162406921,0.42812538146972656,-0.007516124285757542,0.49881935119628906,0.45793595910072327,-0.02941993623971939,0.48659488558769226,0.4979383945465088,-0.039656251668930054,0.5876728296279907,0.5287032723426819,0.0013142433017492294,0.5785415768623352,0.4372004270553589,-0.021773111075162888,0.5587713122367859,0.47767335176467896,-0.022456636652350426,0.5494608879089355,0.5253856778144836,-0.017655832692980766,0.6428606510162354,0.544008731842041,-0.020094791427254677,0.6406956315040588,0.4516180455684662,-0.02933676540851593,0.6196264028549194,0.4712509512901306,-0.019934315234422684,0.6050714254379272,0.508808434009552,-0.00997855607420206
0.5965262651443481,0.8509824275970459,-2.9245651944620477e-07,0.5208537578582764,0.7825989127159119,-0.01178312674164772,0.4801698625087738,0.6916224360466003,-0.015781182795763016,0.4712458848953247,0.5988927483558655,-0.02658357098698616,0.4547450542449951,0.5244272351264954,-0.03424707055091858,0.4897521138191223,0.5739786624908447,0.042746152728796005,0.46184706687927246,0.5001156330108643,0.020375728607177734,0.4420960247516632,0.49360188841819763,-0.005141120404005051,0.4316709041595459,0.5050550699234009,-0.01817796193063259,0.534683346748352,0.5532442927360535,0.03539181500673294,0.5114144682884216,0.47073590755462646,0.0166594460606575,0.48805710673332214,0.47626790404319763,-0.004192523192614317,0.4746888279914856,0.49603739380836487,-0.014478430151939392,0.5844934582710266,0.5478570461273193,0.02054322324693203,0.5714164972305298,0.4601609706878662,-0.0004487661935854703,0.5551939606666565,0.49316656589508057,-0.006038626190274954,0.5520647168159485,0.5477978587150574,-0.002742798300459981,0.6392014026641846,0.552371621131897,0.0027142565231770277,0.6377255916595459,0.4560586214065552,-0.0068258000537753105,0.6132237315177917,0.4603445529937744,-0.00288217980414629,0.5949985384941101,0.49919551610946655,0.004184501711279154
0.592504620552063,0.8257771730422974,-2.9946798463242885e-07,0.5211626291275024,0.772164523601532,-0.013981688767671585,0.47989922761917114,0.6778787970542908,-0.021031146869063377,0.47539734840393066,0.588617742061615,-0.03444686159491539,0.45898279547691345,0.515063464641571,-0.04513359069824219,0.4837007522583008,0.5647751688957214,0.023604247719049454,0.4589693546295166,0.4993777275085449,-0.006682148203253746,0.4428247809410095,0.499744713306427,-0.032168492674827576,0.4360499382019043,0.5153757333755493,-0.04302702471613884,0.5321519374847412,0.5452973246574402,0.016347389668226242,0.5082049369812012,0.46782270073890686,-0.01155831292271614,0.49060481786727905,0.49592486023902893,-0.028007157146930695,0.48521196842193604,0.5214483141899109,-0.03184620290994644,0.583921492099762,0.540072500705719,0.002257821150124073,0.5644873380661011,0.46358633041381836,-0.02960822731256485,0.5523183345794678,0.5388787984848022,-0.026370594277977943,0.5576738715171814,0.61034095287323,-0.012210987508296967,0.640864908695221,0.5453672409057617,-0.014377312734723091,0.6389843821525574,0.44694048166275024,-0.029427342116832733,0.6143589615821838,0.4633723795413971,-0.02031450904905796,0.5975468754768372,0.5025192499160767,-0.007271918933838606
0.5976560711860657,0.8177980184555054,-2.641150729232322e-07,0.5312744379043579,0.7806633710861206,-0.014553836546838284,0.4868314862251282,0.6891762614250183,-0.02104843594133854,0.4819515645503998,0.600731372833252,-0.03265158832073212,0.4733680486679077,0.5335888862609863,-0.04226202145218849,0.4878540635108948,0.5731555819511414,0.01542713027447462,0.45754140615463257,0.5057299733161926,-0.013428280130028725,0.4441456198692322,0.49350911378860474,-0.0367090106010437,0.4427018463611603,0.506942093372345,-0.04635391756892204,0.5359202027320862,0.5491981506347656,0.008573584258556366,0.5093184113502502,0.4709704518318176,-0.01790139265358448,0.49325793981552124,0.48987969756126404,-0.0319153256714344,0.4887208938598633,0.5164446234703064,-0.0341743528842926,0.5878069996833801,0.5422384142875671,-0.004422983154654503,0.5685609579086304,0.467695415019989,-0.034485455602407455,0.5575241446495056,0.5337293148040771,-0.030848020687699318,0.5604979395866394,0.5969856977462769,-0.017401741817593575,0.644639790058136,0.5487741827964783,-0.019810140132904053,0.6378178000450134,0.45818662643432617,-0.035209983587265015,0.6179468035697937,0.47838807106018066,-0.02627762220799923,0.6062824130058289,0.515293538570404,-0.013564907014369965
0.6020092964172363,0.8053534030914307,-1.5534045871845592e-07,0.5364099144935608,0.7561748027801514,-0.012023335322737694,0.4963996708393097,0.6669846773147583,-0.01572316326200962,0.48658663034439087,0.5824332237243652,-0.024310369044542313,0.46976593136787415,0.5147975087165833,-0.03110741823911667,0.5065666437149048,0.5622892379760742,0.02472783252596855,0.4859643280506134,0.5035633444786072,0.006570465862751007,0.4669092297554016,0.48190513253211975,-0.013918200507760048,0.45190703868865967,0.4704588055610657,-0.02632036805152893,0.5497166514396667,0.5438116788864136,0.017416611313819885,0.5300198793411255,0.4680408239364624,-0.0016121037770062685,0.5055745840072632,0.46705031394958496,-0.01835647225379944,0.4885866641998291,0.4781222343444824,-0.026172345504164696,0.5969637036323547,0.539194643497467,0.0047270189970731735,0.5846954584121704,0.45436984300613403,-0.02031155489385128,0.567989706993103,0.49400725960731506,-0.023887602612376213,0.5644451379776001,0.5471041202545166,-0.018353620544075966,0.651597261428833,0.5438496470451355,-0.01008561160415411,0.6509296298027039,0.4501293897628784,-0.026954632252454758,0.6293581128120422,0.4657289385795593,-0.024392541497945786,0.6163161396980286,0.5095001459121704,-0.0172942653298378
0.6011059284210205,0.8006442785263062,-1.7791967366065364e-07,0.5386077165603638,0.7577406764030457,-0.015394557267427444,0.4968167841434479,0.6720309853553772,-0.021445881575345993,0.48707953095436096,0.5904520750045776,-0.03086494281888008,0.4743111729621887,0.5267040133476257,-0.03841542825102806,0.5043251514434814,0.5637598037719727,0.01581607386469841,0.48601800203323364,0.5028448104858398,-0.00958941224962473,0.46561598777770996,0.48264360427856445,-0.03501611948013306,0.4487326741218567,0.4871913194656372,-0.0486580953001976,0.5498312711715698,0.5420814752578735,0.010366381146013737,0.5303933620452881,0.4692555069923401,-0.011060505174100399,0.5076754093170166,0.4657447934150696,-0.028847986832261086,0.4901626706123352,0.4865356683731079,-0.03707985579967499,0.598700761795044,0.5376600027084351,-0.0010367641225457191,0.5876193046569824,0.45740169286727905,-0.0241915974766016,0.5677223205566406,0.4745227098464966,-0.028017131611704826,0.5541121959686279,0.5145912766456604,-0.02420555055141449,0.6528417468070984,0.5475075244903564,-0.01514503825455904,0.6553146839141846,0.4587674140930176,-0.03169906139373779,0.6356889009475708,0.45125263929367065,-0.031208336353302002,0.6156180500984192,0.47309014201164246,-0.02628982439637184
0.6082459688186646,0.7965905666351318,8.316017101606121e-07,0.5492326617240906,0.7890561819076538,-0.0550837405025959,0.5027912855148315,0.7449585199356079,-0.09153419733047485,0.4919237494468689,0.6997365355491638,-0.12409654259681702,0.48327887058258057,0.6750644445419312,-0.15389229357242584,0.4934040307998657,0.5726818442344666,-0.056519221514463425,0.46596044301986694,0.48118042945861816,-0.0931236669421196,0.4500662684440613,0.4150339961051941,-0.1179669126868248,0.4409382939338684,0.36539867520332336,-0.13338816165924072,0.550857424736023,0.5476787090301514,-0.05320955067873001,0.5427306890487671,0.4478050768375397,-0.09478383511304855,0.5383180379867554,0.3856719136238098,-0.11741821467876434,0.5349388122558594,0.33272862434387207,-0.12740251421928406,0.6086421608924866,0.551727294921875,-0.05575450882315636,0.6138280034065247,0.48350852727890015,-0.10561718046665192,0.6118436455726624,0.5503395795822144,-0.1092645674943924,0.6104336977005005,0.6098936200141907,-0.09739178419113159,0.666540801525116,0.575042724609375,-0.06266534328460693,0.6829240322113037,0.5089941024780273,-0.09880044311285019,0.6774111390113831,0.5293253660202026,-0.09802191704511642,0.6699593663215637,0.5585203170776367,-0.08772119879722595
0.6023038029670715,0.822530210018158,-3.0233809411583934e-07,0.5369061827659607,0.7997475862503052,-0.04088034853339195,0.48477739095687866,0.7493519186973572,-0.07245242595672607,0.4618053734302521,0.7028071284294128,-0.10401337593793869,0.45189186930656433,0.6733345985412598,-0.13148437440395355,0.49903419613838196,0.5948909521102905,-0.041340284049510956,0.4857500195503235,0.5166939496994019,-0.08772891759872437,0.49458205699920654,0.5452353358268738,-0.11810225248336792,0.5006111860275269,0.5793926119804382,-0.13265934586524963,0.5555776953697205,0.5767557621002197,-0.04172074422240257,0.5520697832107544,0.5083702802658081,-0.09417121112346649,0.5602042078971863,0.5837883353233337,-0.11458279192447662,0.563605010509491,0.6464762687683105,-0.11702223122119904,0.6116344928741455,0.5753859281539917,-0.048258524388074875,0.6149905323982239,0.4989631772041321,-0.0967753529548645,0.612198531627655,0.5803030729293823,-0.0950719490647316,0.6086462736129761,0.6549453139305115,-0.07974063605070114,0.6672343611717224,0.5903697609901428,-0.058391179889440536,0.6846199035644531,0.5075880289077759,-0.08990103751420975,0.674938976764679,0.5148035883903503,-0.0880633071064949,0.6632426381111145,0.5366843342781067,-0.07704407721757889
0.6080961227416992,0.7880255579948425,9.055332270690997e-07,0.5434590578079224,0.7935197949409485,-0.05209154635667801,0.48403289914131165,0.7730705738067627,-0.09054654091596603,0.4362499713897705,0.7673171758651733,-0.12715689837932587,0.39672738313674927,0.7810506820678711,-0.1640690714120865,0.4943162798881531,0.5715137124061584,-0.05363665521144867,0.4709063768386841,0.5000629425048828,-0.09194895625114441,0.45542752742767334,0.4532657861709595,-0.12293402850627899,0.4461330473423004,0.414395272731781,-0.1431884914636612,0.5531847476959229,0.5426520109176636,-0.05380704626441002,0.539830207824707,0.4511372148990631,-0.0942738875746727,0.5293523073196411,0.3819229006767273,-0.12483609467744827,0.524734616279602,0.31616824865341187,-0.1437823623418808,0.6112216711044312,0.544353723526001,-0.059123724699020386,0.613346517086029,0.4809776544570923,-0.11061115562915802,0.6042076349258423,0.5625380277633667,-0.12180416285991669,0.599543571472168,0.636928379535675,-0.11656296253204346,0.6698715090751648,0.5662515163421631,-0.06813397258520126,0.6814953088760376,0.501983106136322,-0.10780986398458481,0.6681975722312927,0.5363689064979553,-0.10923466831445694,0.6564396619796753,0.5867372155189514,-0.10128810256719589
0.5939925909042358,0.802161693572998,1.3465595429806854e-06,0.5340496897697449,0.8044098019599915,-0.05924389883875847,0.46901267766952515,0.790966272354126,-0.11033317446708679,0.4110982418060303,0.8200655579566956,-0.16043084859848022,0.35804781317710876,0.865626335144043,-0.21203438937664032,0.4738849401473999,0.5543659329414368,-0.08198195695877075,0.4389171302318573,0.4442685842514038,-0.12990301847457886,0.41427791118621826,0.3653469383716583,-0.16408157348632812,0.3965311050415039,0.2995480000972748,-0.18646055459976196,0.5384091734886169,0.5253143906593323,-0.08726964145898819,0.5264012813568115,0.3971737027168274,-0.1422259360551834,0.5150638222694397,0.31829726696014404,-0.1758449375629425,0.504910945892334,0.24307075142860413,-0.1927497684955597,0.6036599278450012,0.5298224091529846,-0.09608686715364456,0.615296483039856,0.4677594006061554,-0.1560770720243454,0.6104708313941956,0.5689457058906555,-0.15663942694664001,0.6020419001579285,0.641815185546875,-0.1411006897687912,0.6649309992790222,0.5575633645057678,-0.10979963093996048,0.6830682158470154,0.4983820915222168,-0.1490548849105835,0.6724233031272888,0.557316780090332,-0.13663963973522186,0.6577118635177612,0.6129313111305237,-0.11699892580509186
0.5995357036590576,0.8094322681427002,1.591732257111289e-06,0.5298476815223694,0.808699369430542,-0.06673522293567657,0.4602434039115906,0.794395387172699,-0.12403621524572372,0.404582142829895,0.8193008899688721,-0.1798821985721588,0.3526706397533417,0.8638736009597778,-0.23647254705429077,0.4742659330368042,0.5537334084510803,-0.1066674217581749,0.4425579607486725,0.40677475929260254,-0.1614980697631836,0.42341819405555725,0.31331759691238403,-0.19487124681472778,0.408266544342041,0.23333916068077087,-0.2148229330778122,0.5406584143638611,0.5290524363517761,-0.1107863187789917,0.5306634902954102,0.3662627935409546,-0.16943852603435516,0.5246608257293701,0.2549790143966675,-0.20012468099594116,0.5200244188308716,0.158535897731781,-0.21503660082817078,0.6072467565536499,0.5397464036941528,-0.11900198459625244,0.6170697808265686,0.4841952323913574,-0.18418334424495697,0.612443208694458,0.5844150185585022,-0.1863594651222229,0.6057448983192444,0.6628450751304626,-0.1697121560573578,0.6688035726547241,0.5694960951805115,-0.132708340883255,0.6840964555740356,0.4912925362586975,-0.1738988608121872,0.6800824999809265,0.5357228517532349,-0.1620442122220993,0.6686426401138306,0.5838422179222107,-0.1426912546157837
0.6062062978744507,0.8127791881561279,1.4360284694703296e-06,0.5364130735397339,0.8040827512741089,-0.06240219995379448,0.46764737367630005,0.7774072885513306,-0.11507904529571533,0.4128803014755249,0.7916772961616516,-0.16691915690898895,0.3626255393028259,0.8273561000823975,-0.21904344856739044,0.4850323498249054,0.5482938885688782,-0.09613487124443054,0.451641321182251,0.3974390923976898,-0.14880362153053284,0.43055596947669983,0.3047547936439514,-0.17966872453689575,0.41365766525268555,0.22456872463226318,-0.19658929109573364,0.5516797304153442,0.524307370185852,-0.09955982118844986,0.5403156280517578,0.3615003824234009,-0.15743236243724823,0.5304393768310547,0.2524229884147644,-0.18747837841510773,0.5230538249015808,0.15662881731987,-0.20031797885894775,0.6175816059112549,0.533173143863678,-0.10690143704414368,0.6249597072601318,0.483626127243042,-0.17345860600471497,0.6158365607261658,0.5879204869270325,-0.17643079161643982,0.6070075035095215,0.6696752309799194,-0.15790478885173798,0.6792245507240295,0.5581602454185486,-0.11879486590623856,0.6914447546005249,0.48412421345710754,-0.15930719673633575,0.6847620606422424,0.5338647365570068,-0.14636680483818054,0.6718209385871887,0.5851446986198425,-0.12495093047618866
0.6050125956535339,0.8211058974266052,1.396875177306356e-06,0.5367814898490906,0.8118557929992676,-0.060821644961833954,0.4697731137275696,0.7864241600036621,-0.11172519624233246,0.4144008755683899,0.8019864559173584,-0.1626226156949997,0.3625282645225525,0.8429520130157471,-0.2140408605337143,0.4839436411857605,0.5555387139320374,-0.09332351386547089,0.4485515356063843,0.40623632073402405,-0.14422406256198883,0.42689990997314453,0.31429773569107056,-0.17403453588485718,0.40920642018318176,0.23422881960868835,-0.19100125133991241,0.5503816604614258,0.5283183455467224,-0.09784489125013351,0.5384989380836487,0.36497098207473755,-0.15282951295375824,0.5301455855369568,0.25587087869644165,-0.1813068389892578,0.5246621966362,0.1602441668510437,-0.1944560557603836,0.6160392761230469,0.5373321771621704,-0.10663603246212006,0.6246607899665833,0.481109619140625,-0.1697615534067154,0.616174578666687,0.5765687823295593,-0.17342953383922577,0.6078261733055115,0.6544608473777771,-0.1573318988084793,0.6776906847953796,0.56500643491745,-0.1203283965587616,0.6936614513397217,0.4867796301841736,-0.15861375629901886,0.6853635311126709,0.531000554561615,-0.14758889377117157,0.6712235808372498,0.5811368227005005,-0.1290494054555893
0.6056997776031494,0.8289834260940552,1.4401069847735926e-06,0.5374608039855957,0.814965009689331,-0.06263429671525955,0.4672321379184723,0.7870707511901855,-0.11409789323806763,0.41390281915664673,0.8032858967781067,-0.16535089910030365,0.36789700388908386,0.8437693119049072,-0.2167442888021469,0.4841904938220978,0.5584889650344849,-0.09292078763246536,0.44903674721717834,0.4097554683685303,-0.14504116773605347,0.4264321029186249,0.3175088167190552,-0.17545033991336823,0.409269779920578,0.23816761374473572,-0.19241714477539062,0.5522603988647461,0.5329788327217102,-0.09664580971002579,0.5428735613822937,0.3711954951286316,-0.15501579642295837,0.5339074730873108,0.26077204942703247,-0.1861305981874466,0.5284355878829956,0.16381710767745972,-0.20033711194992065,0.6181769967079163,0.542263388633728,-0.10482942312955856,0.6296040415763855,0.4879117012023926,-0.17162534594535828,0.618736743927002,0.5857853293418884,-0.1769767552614212,0.6091252565383911,0.664976179599762,-0.16067025065422058,0.6792465448379517,0.5700274109840393,-0.11783009767532349,0.6962165236473083,0.4958345592021942,-0.1579599827528,0.6877952218055725,0.5383671522140503,-0.1477089524269104,0.67404705286026,0.5848733186721802,-0.12898844480514526
0.6128919124603271,0.8335838317871094,7.77451191424916e-07,0.535993218421936,0.7947746515274048,-0.03373125568032265,0.48976635932922363,0.710107684135437,-0.05615876242518425,0.5053321123123169,0.6229019165039062,-0.08052883297204971,0.5303745269775391,0.5648038387298584,-0.10278650373220444,0.4924980401992798,0.5637149810791016,-0.04296586290001869,0.4550306797027588,0.41820499300956726,-0.08183562755584717,0.43307891488075256,0.3298647403717041,-0.10401100665330887,0.41589924693107605,0.2575068175792694,-0.11511137336492538,0.555047869682312,0.5355305671691895,-0.05068076029419899,0.5385062098503113,0.3749566078186035,-0.08926679193973541,0.5284985899925232,0.27359646558761597,-0.10969508439302444,0.52387934923172,0.1920371949672699,-0.11762820184230804,0.6172484159469604,0.5390576124191284,-0.062246281653642654,0.6212958097457886,0.4714050889015198,-0.10702025145292282,0.6092785596847534,0.5337049961090088,-0.10989757627248764,0.6025504469871521,0.5924510359764099,-0.09714487195014954,0.6746664643287659,0.5622179508209229,-0.0768871158361435,0.6810756921768188,0.4942835569381714,-0.1014939621090889,0.6649200320243835,0.5248898267745972,-0.0912126824259758,0.6540913581848145,0.565250813961029,-0.0752960592508316
0.6116138100624084,0.8600249886512756,-5.238779863248055e-07,0.5432249307632446,0.7954689860343933,-0.02929166704416275,0.4975303113460541,0.7216089963912964,-0.0519522987306118,0.48577386140823364,0.6447780132293701,-0.08017773926258087,0.4874252676963806,0.5700098276138306,-0.10349569469690323,0.5060521364212036,0.5712290406227112,0.004425912629812956,0.4834434986114502,0.47383221983909607,-0.04139484092593193,0.47454869747161865,0.5099480748176575,-0.07587164640426636,0.4825224280357361,0.562127947807312,-0.09118618816137314,0.5543914437294006,0.5570338368415833,-0.000984555808827281,0.5358661413192749,0.45170751214027405,-0.042521994560956955,0.524965226650238,0.5145887136459351,-0.06290695816278458,0.528752326965332,0.5715004801750183,-0.06714755296707153,0.6056066155433655,0.5573320388793945,-0.015198266133666039,0.5955143570899963,0.46948128938674927,-0.05155586078763008,0.5813610553741455,0.5409277677536011,-0.049008049070835114,0.5812450647354126,0.6050023436546326,-0.036494866013526917,0.6583160758018494,0.5689308047294617,-0.03377856686711311,0.6643276214599609,0.47346705198287964,-0.04924531280994415,0.6473373770713806,0.49848997592926025,-0.039896268397569656,0.6370090246200562,0.5378302931785583,-0.027074279263615608
0.6054987907409668,0.8424551486968994,-4.3965314944216516e-07,0.5390652418136597,0.792640745639801,-0.03092581406235695,0.49697238206863403,0.7158784866333008,-0.05220821872353554,0.4899647831916809,0.6404036283493042,-0.0775333121418953,0.4843399226665497,0.5772792100906372,-0.09785360097885132,0.5040201544761658,0.5750443935394287,-0.0018029659986495972,0.4859147369861603,0.4921414852142334,-0.04626984894275665,0.47899070382118225,0.534052312374115,-0.07599812746047974,0.4855620861053467,0.5800142884254456,-0.0878821611404419,0.5535693764686584,0.5594388246536255,-0.005789465736597776,0.5378851294517517,0.46900394558906555,-0.04784277454018593,0.5255241394042969,0.5389639139175415,-0.06398934870958328,0.5275304913520813,0.5863484740257263,-0.06433919817209244,0.605331540107727,0.5583543181419373,-0.01832679659128189,0.5984783172607422,0.4723387658596039,-0.05684252828359604,0.5813419222831726,0.5483324527740479,-0.05231178179383278,0.5800389051437378,0.6058745980262756,-0.03762173280119896,0.6592587828636169,0.5699833035469055,-0.03472784161567688,0.6638106107711792,0.47865211963653564,-0.05182836949825287,0.6442347764968872,0.5136899948120117,-0.04170897603034973,0.6348438262939453,0.5544986128807068,-0.02787107601761818
0.6050934791564941,0.8348797559738159,-2.3789104375282477e-07,0.5445746779441833,0.7904359102249146,-0.02690674178302288,0.505984365940094,0.7149959802627563,-0.04568427801132202,0.4970429539680481,0.6426381468772888,-0.06784038245677948,0.4890802502632141,0.5835267901420593,-0.08633390069007874,0.5027885437011719,0.5761245489120483,0.0009065067279152572,0.48772236704826355,0.5067787766456604,-0.039564453065395355,0.4818337559700012,0.5183758735656738,-0.07040681689977646,0.48662933707237244,0.5564563870429993,-0.08354329317808151,0.5529447197914124,0.558069109916687,-0.0026413563173264265,0.5365392565727234,0.47502750158309937,-0.03908209130167961,0.5269284248352051,0.5155975222587585,-0.05810587853193283,0.5267844796180725,0.5626366138458252,-0.06228725612163544,0.6060664057731628,0.5558959245681763,-0.013676733709871769,0.5989561080932617,0.48494064807891846,-0.0492914579808712,0.5830667018890381,0.5509936809539795,-0.049329377710819244,0.5789912939071655,0.6146050095558167,-0.03822628781199455,0.6627147197723389,0.5687403082847595,-0.028004372492432594,0.6688950061798096,0.4846399426460266,-0.0459885410964489,0.650844395160675,0.5068044066429138,-0.03978250175714493,0.6375131011009216,0.5425203442573547,-0.029017863795161247
0.5991565585136414,0.8245397806167603,-1.5464489422356564e-07,0.5411962270736694,0.7844927310943604,-0.024895504117012024,0.5039888620376587,0.7070668935775757,-0.04079876467585564,0.4972904920578003,0.633568525314331,-0.06030598282814026,0.4882040023803711,0.5795257091522217,-0.07688666880130768,0.5017696022987366,0.573856770992279,0.0031679740641266108,0.485896497964859,0.5070870518684387,-0.03426310420036316,0.4802270829677582,0.5073642134666443,-0.06400317698717117,0.4843922257423401,0.5342730283737183,-0.07720678299665451,0.5507493019104004,0.5557926893234253,-0.0017959378892555833,0.5369998216629028,0.4697122275829315,-0.03694678097963333,0.5233379006385803,0.4956209361553192,-0.05673808604478836,0.5205218195915222,0.5365410447120667,-0.06174219399690628,0.6028231382369995,0.5549647808074951,-0.014080616645514965,0.5983413457870483,0.4819904565811157,-0.05009590461850166,0.5800502300262451,0.5381664037704468,-0.05436408892273903,0.575010359287262,0.5988935828208923,-0.04595707356929779,0.6592803001403809,0.5693038105964661,-0.02933688834309578,0.6664189696311951,0.48366785049438477,-0.0489983968436718,0.643664538860321,0.5068951845169067,-0.04560372605919838,0.6260821223258972,0.550609827041626,-0.036837104707956314
0.6094163656234741,0.8281923532485962,-2.708214879021398e-07,0.5454946756362915,0.782068133354187,-0.02110280841588974,0.5071200132369995,0.7019569873809814,-0.033741746097803116,0.49574071168899536,0.6246325373649597,-0.05114946514368057,0.479153037071228,0.569276750087738,-0.06691697984933853,0.5208073258399963,0.5838567018508911,0.013753488659858704,0.5059866905212402,0.5152708888053894,-0.01896275207400322,0.4876096248626709,0.5068775415420532,-0.04621586948633194,0.47576993703842163,0.5193709135055542,-0.059089064598083496,0.5648881793022156,0.5665193200111389,0.008035657927393913,0.5479812026023865,0.4850388169288635,-0.02567392960190773,0.5290651917457581,0.5197996497154236,-0.045797381550073624,0.5203424096107483,0.5626727938652039,-0.05003294348716736,0.6108881235122681,0.5619041919708252,-0.004567371215671301,0.6018874645233154,0.4859475791454315,-0.03931455314159393,0.5817065238952637,0.5413190722465515,-0.04364311695098877,0.5755534768104553,0.6006999611854553,-0.03454213589429855,0.6616455912590027,0.5693140625953674,-0.019704749807715416,0.662490963935852,0.4889099597930908,-0.03811207041144371,0.6419495344161987,0.5152080059051514,-0.03385553136467934,0.6295474171638489,0.5602224469184875,-0.02394726686179638
0.6019383072853088,0.7816882729530334,1.3249720041130786e-06,0.5279901623725891,0.7908565998077393,-0.060165077447891235,0.46639102697372437,0.7753497362136841,-0.10537305474281311,0.41500774025917053,0.775853157043457,-0.14889751374721527,0.36243027448654175,0.7989875078201294,-0.19374455511569977,0.4802643656730652,0.5437620878219604,-0.06894213706254959,0.4574217200279236,0.43767571449279785,-0.10886342823505402,0.4442816376686096,0.36098578572273254,-0.14229848980903625,0.4362572431564331,0.29301097989082336,-0.16583794355392456,0.5404664278030396,0.5181373953819275,-0.06836813688278198,0.5357875227928162,0.40617039799690247,-0.10884250700473785,0.5314542055130005,0.3222852647304535,-0.14157186448574066,0.5289919376373291,0.2460489273071289,-0.16243822872638702,0.6011237502098083,0.5245678424835205,-0.07204145938158035,0.6077631711959839,0.4417680501937866,-0.12146899849176407,0.6006162762641907,0.5212851166725159,-0.13031244277954102,0.5929745435714722,0.5875672101974487,-0.12445398420095444,0.6586541533470154,0.5517818331718445,-0.08045758306980133,0.6711305379867554,0.484828382730484,-0.11921557784080505,0.6555813550949097,0.5309187769889832,-0.1163809597492218,0.6401387453079224,0.5850692987442017,-0.10481157153844833
0.5944988131523132,0.8010010719299316,1.3805856724502519e-06,0.5249744057655334,0.7987499237060547,-0.047160934656858444,0.4562534987926483,0.775524377822876,-0.09055688977241516,0.39856088161468506,0.7875117659568787,-0.1351771205663681,0.3451647162437439,0.8213097453117371,-0.18102732300758362,0.476723849773407,0.5431067943572998,-0.07075745612382889,0.44982200860977173,0.40408968925476074,-0.11402975022792816,0.43438464403152466,0.3143373429775238,-0.1426333487033844,0.4235021471977234,0.23871064186096191,-0.16028618812561035,0.5391682982444763,0.5176016092300415,-0.08040334284305573,0.5323309302330017,0.35872024297714233,-0.124626025557518,0.5287864804267883,0.25779247283935547,-0.15086714923381805,0.5264199376106262,0.17011874914169312,-0.16437719762325287,0.602178692817688,0.5254104733467102,-0.09337972104549408,0.6142491102218628,0.4468969702720642,-0.14554092288017273,0.6077067255973816,0.5343590378761292,-0.14718130230903625,0.600344181060791,0.6047388911247253,-0.13371188938617706,0.661169707775116,0.5545703172683716,-0.11021704226732254,0.6721519231796265,0.48089292645454407,-0.14439110457897186,0.6620080471038818,0.530929684638977,-0.13246390223503113,0.6490666270256042,0.584068238735199,-0.11443458497524261
0.6050735712051392,0.8159723281860352,1.28565079648979e-06,0.5294969081878662,0.8107548952102661,-0.05511195585131645,0.45798763632774353,0.7842899560928345,-0.10096033662557602,0.3958699107170105,0.7910999059677124,-0.14801307022571564,0.3403599262237549,0.8188005089759827,-0.19526585936546326,0.47811198234558105,0.5398905277252197,-0.07070569694042206,0.4503805935382843,0.3977143168449402,-0.11549003422260284,0.43478307127952576,0.3072854280471802,-0.14495177567005157,0.4230383634567261,0.23031798005104065,-0.16322557628154755,0.5405823588371277,0.5154727697372437,-0.07713001221418381,0.5299433469772339,0.3568938374519348,-0.12607374787330627,0.5237016677856445,0.25459516048431396,-0.15508145093917847,0.5200104713439941,0.16490280628204346,-0.1702774465084076,0.6026774644851685,0.5262924432754517,-0.08851679414510727,0.6130443215370178,0.4433191418647766,-0.14728550612926483,0.6079994440078735,0.5332797169685364,-0.15183059871196747,0.6016062498092651,0.609965443611145,-0.1384284645318985,0.6630743741989136,0.5560718774795532,-0.1043819859623909,0.6753567457199097,0.4699786901473999,-0.1418732851743698,0.665966808795929,0.5163136720657349,-0.1327793449163437,0.6511719226837158,0.5709280371665955,-0.11642570048570633
0.6082662343978882,0.8258906602859497,1.2414265029292437e-06,0.5319565534591675,0.8127029538154602,-0.05292631685733795,0.4582133889198303,0.782742977142334,-0.09775244444608688,0.3970789611339569,0.7931568622589111,-0.14447462558746338,0.3459809720516205,0.8288819789886475,-0.19177468121051788,0.48598945140838623,0.5502994060516357,-0.06922385841608047,0.45471006631851196,0.4045187830924988,-0.11437365412712097,0.43644458055496216,0.31505176424980164,-0.14261966943740845,0.4222119450569153,0.23761588335037231,-0.15937310457229614,0.5477905869483948,0.5235236883163452,-0.0765037089586258,0.5351194143295288,0.3599565625190735,-0.12500248849391937,0.5258570909500122,0.25938040018081665,-0.15150533616542816,0.5184779167175293,0.1686609387397766,-0.16423602402210236,0.6094353795051575,0.5302566885948181,-0.08875394612550735,0.6177109479904175,0.44520092010498047,-0.14754432439804077,0.6132662892341614,0.5402634739875793,-0.15019585192203522,0.6085944771766663,0.6185529232025146,-0.134757399559021,0.6691769361495972,0.5565888285636902,-0.10533922165632248,0.6800196170806885,0.4727720320224762,-0.14093837141990662,0.6714133620262146,0.5248046517372131,-0.12941421568393707,0.6600950956344604,0.5794970393180847,-0.11132201552391052
0.6063550114631653,0.8286187052726746,1.1817779750344926e-06,0.531846821308136,0.8195806741714478,-0.05050462856888771,0.4562070369720459,0.7876961827278137,-0.09214500337839127,0.39917129278182983,0.7934218645095825,-0.13603706657886505,0.3501194715499878,0.8275023698806763,-0.1805233210325241,0.486054003238678,0.5505731105804443,-0.06694194674491882,0.4550642967224121,0.407503217458725,-0.1110537052154541,0.4367367625236511,0.3183361291885376,-0.13829438388347626,0.4228213429450989,0.2415677309036255,-0.15461118519306183,0.5504627227783203,0.5240111351013184,-0.0754004716873169,0.5372062921524048,0.36165720224380493,-0.12400879710912704,0.5267565846443176,0.261113703250885,-0.1513092964887619,0.5191120505332947,0.17064955830574036,-0.1647423952817917,0.6133444309234619,0.5325987339019775,-0.08859739452600479,0.6219268441200256,0.44869548082351685,-0.14985844492912292,0.6144552230834961,0.5478244423866272,-0.1538480967283249,0.6072666645050049,0.6293119788169861,-0.13846997916698456,0.6733529567718506,0.5622598528862,-0.10571032762527466,0.6838750243186951,0.4793262481689453,-0.14520983397960663,0.671955406665802,0.5321923494338989,-0.13607734441757202,0.6572155952453613,0.587037205696106,-0.11899292469024658
0.6092067956924438,0.843896746635437,7.283412060132832e-07,0.5304660201072693,0.8098386526107788,-0.03423769026994705,0.4755614101886749,0.7347237467765808,-0.0572531595826149,0.46401500701904297,0.6578589081764221,-0.08277864009141922,0.458069384098053,0.5991675853729248,-0.10612701624631882,0.4873577058315277,0.563882052898407,-0.04058617353439331,0.4539162218570709,0.4243822991847992,-0.08135936409235,0.43335214257240295,0.33905279636383057,-0.10723833739757538,0.42050203680992126,0.26630374789237976,-0.12176083773374557,0.5481069684028625,0.5384431481361389,-0.05037931725382805,0.5301448702812195,0.3840044140815735,-0.09490907192230225,0.5192661285400391,0.28454452753067017,-0.12213138490915298,0.517693817615509,0.19973310828208923,-0.13523907959461212,0.6077725291252136,0.5432978272438049,-0.06411772966384888,0.6118091940879822,0.4607623815536499,-0.11547466367483139,0.5964650511741638,0.5279629826545715,-0.12001781165599823,0.5877178907394409,0.5880031585693359,-0.10824906826019287,0.6636422872543335,0.5688584446907043,-0.0808805376291275,0.6688987612724304,0.4920159578323364,-0.11289588361978531,0.6521511077880859,0.52745521068573,-0.10485071688890457,0.6410528421401978,0.5702510476112366,-0.08983460813760757
0.6098204255104065,0.8589483499526978,-6.167834953885176e-07,0.5327547192573547,0.7836573719978333,-0.004776254296302795,0.4887678623199463,0.6826452016830444,-0.008628683164715767,0.4762956500053406,0.5900375843048096,-0.02163698524236679,0.4609309434890747,0.5090240836143494,-0.03173369914293289,0.5073719620704651,0.5605359077453613,0.03558220714330673,0.4912428855895996,0.4643162488937378,0.0059233480133116245,0.4671757221221924,0.4507811665534973,-0.017413798719644547,0.449062317609787,0.4625203013420105,-0.02693529985845089,0.5532305836677551,0.5503913164138794,0.02299683354794979,0.5314303636550903,0.47000962495803833,-0.011504566296935081,0.5251439809799194,0.5390925407409668,-0.02683461830019951,0.5293346047401428,0.6012017726898193,-0.02639820985496044,0.6005022525787354,0.5521302819252014,0.004060960840433836,0.5818910002708435,0.47816038131713867,-0.030186107382178307,0.5716139078140259,0.5563886761665344,-0.024396153166890144,0.5746116042137146,0.6259597539901733,-0.007526332046836615,0.6514288187026978,0.5638381838798523,-0.016668053343892097,0.6477677822113037,0.47040626406669617,-0.03029501438140869,0.6277278661727905,0.48804372549057007,-0.018360191956162453,0.6152997016906738,0.5215544700622559,-0.002578969579190016
0.6108003258705139,0.8511158227920532,-2.9359489417402074e-07,0.5371325016021729,0.7836651802062988,-0.008721993304789066,0.4969613552093506,0.6793109178543091,-0.010118342004716396,0.48716458678245544,0.5850553512573242,-0.018991874530911446,0.4673146605491638,0.507510244846344,-0.025126904249191284,0.5134031772613525,0.5736867785453796,0.03657320514321327,0.4913109242916107,0.497639000415802,0.012355878949165344,0.4691848158836365,0.4801796078681946,-0.0095518808811903,0.45480990409851074,0.4836159944534302,-0.0192905031144619,0.5577729940414429,0.5597506165504456,0.027083320543169975,0.5350830554962158,0.4723777770996094,0.0016110956203192472,0.515739917755127,0.48887741565704346,-0.01494946051388979,0.5090798139572144,0.5115723013877869,-0.018574589863419533,0.6068742871284485,0.5601389408111572,0.01087383832782507,0.59189373254776,0.47222572565078735,-0.019878434017300606,0.5775024890899658,0.5339153409004211,-0.019106077030301094,0.5789063572883606,0.5986135005950928,-0.006604105234146118,0.6624655723571777,0.5705231428146362,-0.007399020716547966,0.6622111201286316,0.4729822874069214,-0.022653304040431976,0.6388944983482361,0.4909153878688812,-0.014868605881929398,0.6248406767845154,0.5316188335418701,-0.0023927048314362764
0.612784206867218,0.8447115421295166,-2.595487558210152e-07,0.5417768955230713,0.7842548489570618,-0.009382885880768299,0.5036556124687195,0.6834738850593567,-0.010259774513542652,0.49560925364494324,0.5896544456481934,-0.01780085451900959,0.47328734397888184,0.514741063117981,-0.023479726165533066,0.5200985074043274,0.5825322866439819,0.03418325260281563,0.49829110503196716,0.5194191932678223,0.013467865064740181,0.47742652893066406,0.49266737699508667,-0.007445839233696461,0.4620431959629059,0.4818011224269867,-0.018253961578011513,0.5657738447189331,0.5653316974639893,0.025601742789149284,0.5457850098609924,0.48448866605758667,0.001040391274727881,0.525810956954956,0.5034858584403992,-0.014895235188305378,0.5163047313690186,0.5345402956008911,-0.01782732643187046,0.6134892702102661,0.5628569722175598,0.010900846682488918,0.5971486568450928,0.48133012652397156,-0.016955507919192314,0.5825663805007935,0.5409834980964661,-0.01581888273358345,0.5838996767997742,0.6089124083518982,-0.0036184550262987614,0.66607266664505,0.5715095400810242,-0.006121596321463585,0.6625775694847107,0.47872793674468994,-0.02006566897034645,0.6382207274436951,0.49743619561195374,-0.012845293618738651,0.6236865520477295,0.5441005229949951,-0.0011168355122208595
0.6058692932128906,0.8327980637550354,-1.619175264977457e-07,0.5390397310256958,0.7791677117347717,-0.009636457078158855,0.5011374950408936,0.682844877243042,-0.011375213973224163,0.4936234652996063,0.596014678478241,-0.01984504796564579,0.4780191481113434,0.5246813297271729,-0.026373159140348434,0.5180191993713379,0.5812172889709473,0.028976881876587868,0.49470701813697815,0.5202403664588928,0.007768834475427866,0.47102007269859314,0.4906499981880188,-0.01175193302333355,0.4530227780342102,0.4807749092578888,-0.021108252927660942,0.5629349946975708,0.5642126798629761,0.019840700551867485,0.5394641757011414,0.48326852917671204,-0.003893705317750573,0.5147918462753296,0.4813270568847656,-0.018386032432317734,0.5013195872306824,0.4925996661186218,-0.021500563248991966,0.6106877326965332,0.5624716281890869,0.004781805910170078,0.5925736427307129,0.47964584827423096,-0.026770642027258873,0.5779088139533997,0.5495258569717407,-0.02396523393690586,0.5795526504516602,0.6251730918884277,-0.009245251305401325,0.6645703315734863,0.5721577405929565,-0.012398763559758663,0.6627028584480286,0.4746541976928711,-0.030385026708245277,0.6376339197158813,0.4907335340976715,-0.02268379181623459,0.6206965446472168,0.5353108644485474,-0.009866436943411827
0.6094712615013123,0.8265490531921387,-1.0649068826751318e-07,0.5422741174697876,0.77903151512146,-0.012792100198566914,0.5019434690475464,0.6739934086799622,-0.013457478024065495,0.49291154742240906,0.5822670459747314,-0.01976293884217739,0.4679095447063446,0.514652669429779,-0.02428659237921238,0.5112475156784058,0.5752294659614563,0.028307832777500153,0.49141925573349,0.5126999616622925,0.007482163608074188,0.4735405445098877,0.47948944568634033,-0.011785559356212616,0.45810753107070923,0.4642057418823242,-0.021914009004831314,0.557924747467041,0.5554680824279785,0.020809169858694077,0.53462815284729,0.48203954100608826,-0.0021452782675623894,0.5117520689964294,0.47558870911598206,-0.016069138422608376,0.49603071808815,0.4742729067802429,-0.01983407512307167,0.6074574589729309,0.5529054999351501,0.006740589626133442,0.58865886926651,0.48000603914260864,-0.02709246054291725,0.5792093873023987,0.5512262582778931,-0.024987226352095604,0.5830078721046448,0.6205500364303589,-0.010791840963065624,0.6624935865402222,0.5612720847129822,-0.00955790001899004,0.65921950340271,0.4730806350708008,-0.0306334737688303,0.6384677886962891,0.4933118224143982,-0.02412114106118679,0.6261335015296936,0.5339726805686951,-0.01205780915915966
0.615528404712677,0.8247516751289368,-8.706017240456276e-08,0.5478711724281311,0.7799729108810425,-0.015831202268600464,0.5044310092926025,0.6880731582641602,-0.021055959165096283,0.4916321039199829,0.5991456508636475,-0.03152253478765488,0.47011494636535645,0.529531717300415,-0.040618665516376495,0.5247474908828735,0.5838537216186523,0.021134836599230766,0.5034449696540833,0.5207642912864685,-0.0011661554453894496,0.4798935353755951,0.48790568113327026,-0.023530587553977966,0.4569905400276184,0.46693092584609985,-0.03734257444739342,0.5673554539680481,0.5639186501502991,0.014222148805856705,0.543016254901886,0.4885554909706116,-0.010955892503261566,0.5120134949684143,0.4714130163192749,-0.030574632808566093,0.48541754484176636,0.46286076307296753,-0.04017966240644455,0.6134753823280334,0.5599668025970459,0.0012130332179367542,0.593320369720459,0.476078063249588,-0.03525780886411667,0.5779163837432861,0.5333232879638672,-0.04108286648988724,0.574093222618103,0.5985711812973022,-0.033292002975940704,0.6667050719261169,0.5657199025154114,-0.01381991058588028,0.6623715758323669,0.4738154113292694,-0.041061487048864365,0.6415852308273315,0.4901350736618042,-0.04220416024327278,0.6272717118263245,0.5355378985404968,-0.03548315539956093
0.6158729195594788,0.8218661546707153,1.334721702050956e-07,0.5574122667312622,0.8066288828849792,-0.051291484385728836,0.5035715699195862,0.7666453123092651,-0.08970789611339569,0.46109235286712646,0.7312314510345459,-0.12562352418899536,0.4192543029785156,0.7252812385559082,-0.15909640491008759,0.5126015543937683,0.5987101793289185,-0.04180818423628807,0.5047879219055176,0.5327692627906799,-0.08223864436149597,0.5030598640441895,0.5339789986610413,-0.11292491108179092,0.5050743222236633,0.5494592189788818,-0.13015490770339966,0.5665227770805359,0.576129138469696,-0.036927398294210434,0.5687469244003296,0.495789498090744,-0.07544983923435211,0.5670984983444214,0.527147114276886,-0.09384730458259583,0.5670439004898071,0.5557684898376465,-0.09980129450559616,0.6203671097755432,0.5707483291625977,-0.0397055447101593,0.625815212726593,0.4793737828731537,-0.07233791798353195,0.6159119606018066,0.5017292499542236,-0.07401648908853531,0.6096798777580261,0.5293845534324646,-0.06857284903526306,0.673317551612854,0.5825064182281494,-0.04774129390716553,0.6899997591972351,0.4999714195728302,-0.06669130176305771,0.6760445237159729,0.49725547432899475,-0.06500048190355301,0.6608110070228577,0.509148359298706,-0.05950368568301201
0.6198488473892212,0.7964203357696533,1.1881376167366398e-06,0.5492410063743591,0.7997041940689087,-0.056792158633470535,0.48143962025642395,0.7701414227485657,-0.09766285121440887,0.41903799772262573,0.7664701342582703,-0.13641181588172913,0.3605717420578003,0.7890868782997131,-0.17597553133964539,0.49772679805755615,0.5626991987228394,-0.06805196404457092,0.47422075271606445,0.4517451524734497,-0.10858236253261566,0.4554705023765564,0.372779905796051,-0.14145496487617493,0.44115936756134033,0.3034040033817291,-0.16410915553569794,0.5571983456611633,0.5406569242477417,-0.06782528012990952,0.5451070070266724,0.42704927921295166,-0.10947446525096893,0.5316224694252014,0.34351229667663574,-0.1390618532896042,0.5232065916061401,0.2645891010761261,-0.15677839517593384,0.6204427480697632,0.5459367036819458,-0.07174654304981232,0.6273764967918396,0.46414780616760254,-0.1206250935792923,0.6216694712638855,0.536302387714386,-0.12394740432500839,0.6184708476066589,0.5961689352989197,-0.1138056144118309,0.6812450289726257,0.5683040618896484,-0.08040370047092438,0.6900160908699036,0.49127888679504395,-0.1165841668844223,0.676188588142395,0.5351735949516296,-0.10920549929141998,0.664932131767273,0.5872039198875427,-0.09456244111061096
0.6212183237075806,0.828251838684082,1.3568811709774309e-06,0.5491939783096313,0.8201688528060913,-0.053218577057123184,0.47746244072914124,0.7925000190734863,-0.09878775477409363,0.4154530167579651,0.7987674474716187,-0.14434665441513062,0.35961049795150757,0.825985312461853,-0.19083742797374725,0.5027868151664734,0.5710046887397766,-0.07639849185943604,0.4892328381538391,0.4297465682029724,-0.12569072842597961,0.483447790145874,0.3372648358345032,-0.15854759514331818,0.4803120493888855,0.2582756280899048,-0.17811310291290283,0.5647823214530945,0.5476341247558594,-0.082989402115345,0.5541253089904785,0.3896232545375824,-0.1357169896364212,0.5455156564712524,0.29177722334861755,-0.16565513610839844,0.5370808243751526,0.2006048560142517,-0.18015126883983612,0.628677248954773,0.5522815585136414,-0.09327859431505203,0.6374072432518005,0.48095327615737915,-0.15188951790332794,0.63222336769104,0.5718092918395996,-0.1518593281507492,0.6226441264152527,0.6389476656913757,-0.13580481708049774,0.6880708932876587,0.574981153011322,-0.10777979344129562,0.6974840760231018,0.5070781707763672,-0.14219273626804352,0.6877777576446533,0.5662919282913208,-0.12680277228355408,0.6733012199401855,0.6181307435035706,-0.10635272413492203
0.38081347942352295,0.7045496702194214,6.522624858007475e-07,0.46312397718429565,0.7074082493782043,-0.0763128250837326,0.5493139624595642,0.6520541310310364,-0.11648276448249817,0.6214073300361633,0.5968850255012512,-0.14796163141727448,0.6882709264755249,0.5637953281402588,-0.18295006453990936,0.5133275389671326,0.47720444202423096,-0.08373896032571793,0.5457881689071655,0.35879945755004883,-0.12366479635238647,0.5661152601242065,0.26615023612976074,-0.15544575452804565,0.5800125002861023,0.18639981746673584,-0.1806873083114624,0.45438846945762634,0.4446599781513214,-0.07170002907514572,0.4587395191192627,0.3279569149017334,-0.11865074187517166,0.44550931453704834,0.2604333162307739,-0.15460053086280823,0.43533986806869507,0.20443221926689148,-0.1791052222251892,0.3976149559020996,0.4423971176147461,-0.06606405973434448,0.3986811935901642,0.33852338790893555,-0.11326027661561966,0.3852476179599762,0.2760246694087982,-0.14429831504821777,0.37775951623916626,0.22444620728492737,-0.1635146141052246,0.3446735441684723,0.46114209294319153,-0.06590711325407028,0.33079251646995544,0.37545090913772583,-0.10944097489118576,0.3163514733314514,0.3121057152748108,-0.1347256898880005,0.31096524000167847,0.25697365403175354,-0.15079092979431152
0.386125385761261,0.73841392993927,7.489416020689532e-07,0.47295206785202026,0.7157398462295532,-0.05607879161834717,0.5506294965744019,0.6560119986534119,-0.08786746859550476,0.6229842305183411,0.6027860641479492,-0.11470877379179001,0.6911985278129578,0.5745608806610107,-0.14216065406799316,0.5089818835258484,0.47442707419395447,-0.06351494044065475,0.5490444302558899,0.3585301637649536,-0.1004924476146698,0.5690292716026306,0.2792075276374817,-0.1287970244884491,0.5820706486701965,0.20995038747787476,-0.14943359792232513,0.4514632821083069,0.44097185134887695,-0.061605025082826614,0.4727092683315277,0.3014828562736511,-0.09415104985237122,0.48224973678588867,0.2114924192428589,-0.11995597928762436,0.48669788241386414,0.13619250059127808,-0.1385832577943802,0.39400815963745117,0.44197675585746765,-0.06496431678533554,0.40066030621528625,0.3114153742790222,-0.09551180154085159,0.40532973408699036,0.2264501452445984,-0.11723388731479645,0.41095906496047974,0.15450066328048706,-0.13250142335891724,0.33768248558044434,0.4706133306026459,-0.07339707762002945,0.3171471357345581,0.37599265575408936,-0.10214546322822571,0.30689918994903564,0.30948305130004883,-0.11666160821914673,0.30240386724472046,0.24801209568977356,-0.12551338970661163
0.384010910987854,0.7371704578399658,7.525736123170645e-07,0.47099941968917847,0.7130894064903259,-0.054025452584028244,0.5487319231033325,0.6548932790756226,-0.08446752279996872,0.6179958581924438,0.5999839901924133,-0.11041412502527237,0.685746431350708,0.5704962015151978,-0.13638798892498016,0.502732515335083,0.47675973176956177,-0.057581495493650436,0.544918417930603,0.3647868037223816,-0.09231753647327423,0.5649825930595398,0.28812646865844727,-0.1192137748003006,0.579586923122406,0.21992388367652893,-0.13908055424690247,0.4476082921028137,0.4443364143371582,-0.05573917552828789,0.46645981073379517,0.3061351776123047,-0.08605039119720459,0.4778815507888794,0.21837261319160461,-0.10935983061790466,0.48581624031066895,0.1447332203388214,-0.1265387088060379,0.3922077417373657,0.44616878032684326,-0.05944303423166275,0.39744848012924194,0.31891804933547974,-0.08980946987867355,0.40563005208969116,0.23649930953979492,-0.10983546078205109,0.41521233320236206,0.16509363055229187,-0.12346486747264862,0.33761948347091675,0.4746030271053314,-0.06817807257175446,0.3167682886123657,0.38145604729652405,-0.09726028889417648,0.30569368600845337,0.3157154321670532,-0.11094869673252106,0.2986510396003723,0.2533946633338928,-0.11906924843788147
0.4032139778137207,0.7392789721488953,3.6433144146030827e-07,0.4811803102493286,0.7068212032318115,-0.033830657601356506,0.5522603988647461,0.649411678314209,-0.05395424738526344,0.6120314598083496,0.6002838611602783,-0.0734168291091919,0.6668598651885986,0.5760107040405273,-0.09384927898645401,0.5111972689628601,0.500481903553009,-0.03135659545660019,0.5431740283966064,0.40400591492652893,-0.05632295459508896,0.5565008521080017,0.34373730421066284,-0.0775253176689148,0.5665995478630066,0.2892393469810486,-0.09368672221899033,0.46733999252319336,0.4773595929145813,-0.03522409498691559,0.48488104343414307,0.3578076958656311,-0.05605154484510422,0.4944462180137634,0.2879366874694824,-0.07484151422977448,0.501106858253479,0.22982874512672424,-0.09000079333782196,0.4225054085254669,0.47920578718185425,-0.04356997087597847,0.4304830729961395,0.36794963479042053,-0.06469117850065231,0.43737319111824036,0.29729536175727844,-0.08112075924873352,0.44550639390945435,0.23733016848564148,-0.09408291429281235,0.3756592273712158,0.5018824934959412,-0.055551376193761826,0.3576051592826843,0.41912731528282166,-0.07554583251476288,0.34783923625946045,0.3639433979988098,-0.0850825086236,0.34281283617019653,0.3128625154495239,-0.09217415004968643
0.4033833146095276,0.7129508256912231,4.97869223181624e-07,0.47726380825042725,0.6780396103858948,-0.03194500133395195,0.5401818752288818,0.6230397820472717,-0.0511067695915699,0.5925238132476807,0.5793847441673279,-0.06930481642484665,0.6428385972976685,0.5546907782554626,-0.08766196668148041,0.5003479719161987,0.48801228404045105,-0.03271469101309776,0.5321959853172302,0.3959355354309082,-0.05731795355677605,0.545568585395813,0.3388327956199646,-0.07657945156097412,0.5555998682975769,0.28746703267097473,-0.09036523103713989,0.45665743947029114,0.46462664008140564,-0.035894930362701416,0.4752207398414612,0.35443538427352905,-0.05685338005423546,0.4868895709514618,0.28790709376335144,-0.07267437875270844,0.49653884768486023,0.23287788033485413,-0.0841541737318039,0.4128468632698059,0.4665300250053406,-0.04310224577784538,0.41957905888557434,0.3647491931915283,-0.06310991197824478,0.43001213669776917,0.30219846963882446,-0.07533171027898788,0.44235995411872864,0.24951037764549255,-0.08398397266864777,0.36912503838539124,0.48953309655189514,-0.05377073958516121,0.35382384061813354,0.41447368264198303,-0.07204378396272659,0.34680843353271484,0.36123353242874146,-0.07909606397151947,0.34391462802886963,0.31340736150741577,-0.08321581035852432
0.3859114646911621,0.7146379947662354,2.274072841146335e-07,0.45297229290008545,0.6535565853118896,-0.01600813865661621,0.4900916814804077,0.5766761302947998,-0.02368457242846489,0.5097660422325134,0.5016276836395264,-0.03467855229973793,0.5404035449028015,0.4493655860424042,-0.04529435560107231,0.47565194964408875,0.48950737714767456,0.0115593820810318,0.4979356825351715,0.42891430854797363,-0.009653600864112377,0.5210793018341064,0.4158560335636139,-0.03004409559071064,0.5404001474380493,0.4182083308696747,-0.04245990887284279,0.4400468170642853,0.4722451865673065,0.005991258192807436,0.46133044362068176,0.4013771414756775,-0.0162504930049181,0.4846389591693878,0.40175530314445496,-0.035955917090177536,0.5056266188621521,0.4214925467967987,-0.0471310056746006,0.3991939425468445,0.46710917353630066,-0.004914828576147556,0.41041070222854614,0.3867013454437256,-0.027371184900403023,0.4261898994445801,0.37946203351020813,-0.03930152952671051,0.44403234124183655,0.39644524455070496,-0.044623516499996185,0.3516662120819092,0.475273460149765,-0.018070707097649574,0.3439912796020508,0.3994606137275696,-0.034117333590984344,0.3585250675678253,0.3700489103794098,-0.040297240018844604,0.38120555877685547,0.36344677209854126,-0.04311994090676308
0.38257500529289246,0.6995407342910767,2.9955484137644817e-07,0.44760584831237793,0.649793803691864,-0.019244825467467308,0.4866171181201935,0.578851580619812,-0.027015183120965958,0.5020521879196167,0.5090582370758057,-0.03752389922738075,0.5253662467002869,0.45421114563941956,-0.047785453498363495,0.4638932943344116,0.4938512146472931,0.010603371076285839,0.48645082116127014,0.44348961114883423,-0.010600218549370766,0.5101817846298218,0.42905712127685547,-0.031604550778865814,0.5315006971359253,0.4268832206726074,-0.04454091936349869,0.4310533404350281,0.47644925117492676,0.007933844812214375,0.452803373336792,0.41506195068359375,-0.01410505548119545,0.4765353500843048,0.4097321927547455,-0.03439337760210037,0.49745413661003113,0.42521417140960693,-0.046219952404499054,0.39297398924827576,0.46951961517333984,-0.0004969970905221999,0.40462201833724976,0.4017236828804016,-0.023665910586714745,0.4247163236141205,0.4006323218345642,-0.03685477748513222,0.44270360469818115,0.42863020300865173,-0.041981399059295654,0.3489208221435547,0.47327861189842224,-0.011518956162035465,0.34967291355133057,0.4007430076599121,-0.030114933848381042,0.37200430035591125,0.38486987352371216,-0.03785841912031174,0.39684343338012695,0.4002096354961395,-0.04054965078830719
0.3826810419559479,0.6927153468132019,3.024614727564767e-07,0.44536423683166504,0.6481311321258545,-0.017807312309741974,0.48263776302337646,0.5783658623695374,-0.02527371048927307,0.502025306224823,0.510887622833252,-0.034774985164403915,0.5317991971969604,0.4643840491771698,-0.04425941780209541,0.4640611410140991,0.499967098236084,0.002266757423058152,0.4870796501636505,0.4540358781814575,-0.01894703134894371,0.5137158632278442,0.44245436787605286,-0.03874624893069267,0.5384727716445923,0.4388326108455658,-0.0515894740819931,0.43233850598335266,0.4813857078552246,-0.0007213215576484799,0.4550430476665497,0.4224681258201599,-0.01999559812247753,0.4826253056526184,0.4154433608055115,-0.03556813299655914,0.5072983503341675,0.4214276671409607,-0.04584049805998802,0.39430469274520874,0.47571656107902527,-0.008706780150532722,0.4093921482563019,0.40632641315460205,-0.0326615534722805,0.43194499611854553,0.41742056608200073,-0.041752900928258896,0.4493030905723572,0.44867655634880066,-0.04457363113760948,0.3495635390281677,0.4814186990261078,-0.018823575228452682,0.35141056776046753,0.4100800156593323,-0.04051034897565842,0.3757980763912201,0.4182964563369751,-0.045607998967170715,0.39751777052879333,0.4544086158275604,-0.04589708521962166
0.38183605670928955,0.6895708441734314,3.3352412742715387e-07,0.442697674036026,0.6551975607872009,-0.020572174340486526,0.4797701835632324,0.5840712189674377,-0.027459433302283287,0.49590352177619934,0.5141441822052002,-0.035532496869564056,0.523703932762146,0.4666444957256317,-0.043342363089323044,0.45913100242614746,0.5051223635673523,0.002270100172609091,0.4809938073158264,0.45596691966056824,-0.0180909875780344,0.5087878704071045,0.4391787648200989,-0.037051133811473846,0.5341437458992004,0.4325208067893982,-0.0492362454533577,0.4290298819541931,0.48733192682266235,0.0015699075302109122,0.45206543803215027,0.42656901478767395,-0.017284255474805832,0.48172301054000854,0.4175766706466675,-0.03243008255958557,0.5071155428886414,0.42358601093292236,-0.04208050295710564,0.3924836218357086,0.4818494915962219,-0.004346291068941355,0.41008460521698,0.4114046096801758,-0.028133723884820938,0.4346444606781006,0.421191930770874,-0.03705430030822754,0.452246755361557,0.4516090750694275,-0.03939265012741089,0.3487657904624939,0.4872973561286926,-0.012544337660074234,0.35390397906303406,0.4189607501029968,-0.034739553928375244,0.3790558874607086,0.4224969446659088,-0.040847424417734146,0.3997143507003784,0.45280295610427856,-0.041686054319143295
0.3858907222747803,0.6893444657325745,3.621412361098919e-07,0.44357889890670776,0.6572965979576111,-0.02188144251704216,0.4826373755931854,0.5833917856216431,-0.028501415625214577,0.49899038672447205,0.5139080286026001,-0.035466697067022324,0.525664210319519,0.46843791007995605,-0.042130470275878906,0.4606405198574066,0.5043880343437195,-0.0002606849593576044,0.48228126764297485,0.4557739198207855,-0.02180861495435238,0.5123944878578186,0.44223451614379883,-0.04177914187312126,0.5401464104652405,0.4387001693248749,-0.054117508232593536,0.4296439290046692,0.4876478910446167,-0.0005368905258364975,0.45331668853759766,0.42622101306915283,-0.01945682428777218,0.48619067668914795,0.4212769567966461,-0.03381117060780525,0.5152627229690552,0.42934295535087585,-0.04211163520812988,0.39271247386932373,0.482550710439682,-0.006176719442009926,0.4146105945110321,0.41789984703063965,-0.02947048656642437,0.44390973448753357,0.424042284488678,-0.03726322948932648,0.4667884111404419,0.44559481739997864,-0.03861654922366142,0.34829309582710266,0.48831942677497864,-0.014294483698904514,0.35586223006248474,0.42174747586250305,-0.035318873822689056,0.3805137872695923,0.4270225763320923,-0.038733191788196564,0.40054085850715637,0.4551265835762024,-0.037353288382291794
0.352756530046463,0.677891194820404,9.98467612589593e-07,0.4107777774333954,0.6898381114006042,-0.04790879040956497,0.4678463041782379,0.6806169748306274,-0.07827934622764587,0.516411542892456,0.6999861598014832,-0.10688446462154388,0.5538477301597595,0.7253380417823792,-0.1364743560552597,0.4704826772212982,0.5138397812843323,-0.05490424856543541,0.4987434148788452,0.42299792170524597,-0.08891316503286362,0.5132497549057007,0.3580237329006195,-0.1131499782204628,0.5239044427871704,0.3025563061237335,-0.1280413269996643,0.4285115599632263,0.48662301898002625,-0.052023373544216156,0.4530206322669983,0.39081716537475586,-0.08635208755731583,0.4722364842891693,0.32140830159187317,-0.10955113917589188,0.4886704385280609,0.26290762424468994,-0.12276050448417664,0.38201236724853516,0.47972238063812256,-0.053427498787641525,0.39312219619750977,0.4054744243621826,-0.09529878944158554,0.3979262411594391,0.4505321979522705,-0.10818193107843399,0.3984161913394928,0.4982832074165344,-0.10522831231355667,0.33430755138397217,0.4868737757205963,-0.05856785550713539,0.33734750747680664,0.41750943660736084,-0.08946487307548523,0.34554702043533325,0.43750089406967163,-0.09260184317827225,0.35035330057144165,0.47071829438209534,-0.08704520016908646
0.3427741229534149,0.6960781812667847,8.299450087179139e-07,0.40349939465522766,0.7032630443572998,-0.04582594335079193,0.46456053853034973,0.6906861662864685,-0.07584556192159653,0.5161261558532715,0.7119309902191162,-0.1058526486158371,0.5597761869430542,0.7527064085006714,-0.13646173477172852,0.47507911920547485,0.5204101800918579,-0.04987778887152672,0.5077898502349854,0.4218389689922333,-0.08445673435926437,0.520621657371521,0.3539312183856964,-0.10838651657104492,0.5313518643379211,0.29452085494995117,-0.1232653483748436,0.4352756440639496,0.488912433385849,-0.05164400115609169,0.46247386932373047,0.37572532892227173,-0.08828543871641159,0.47929278016090393,0.29562216997146606,-0.11324596405029297,0.4929112195968628,0.2285861372947693,-0.127316415309906,0.3876088261604309,0.483826607465744,-0.05755143240094185,0.39676353335380554,0.4107898771762848,-0.10259377211332321,0.39732787013053894,0.4613930284976959,-0.11496715992689133,0.3947053551673889,0.5127501487731934,-0.11084294319152832,0.3358605206012726,0.4937455654144287,-0.06731276214122772,0.3399121165275574,0.4193636178970337,-0.0977552980184555,0.34587809443473816,0.4406660497188568,-0.09783576428890228,0.3493286073207855,0.4759671986103058,-0.09034744650125504
0.3451179265975952,0.6899264454841614,7.893467568464985e-07,0.4065791666507721,0.6924675703048706,-0.04534340277314186,0.46874916553497314,0.6734662652015686,-0.074616938829422,0.5223091840744019,0.6880701780319214,-0.10428109765052795,0.5689394474029541,0.7245427966117859,-0.1344415247440338,0.4706552028656006,0.5059406757354736,-0.04864835739135742,0.5039774775505066,0.4084725081920624,-0.08455133438110352,0.5179470181465149,0.3421868681907654,-0.10842366516590118,0.5296700596809387,0.28317680954933167,-0.1230844259262085,0.4295366108417511,0.4771290123462677,-0.05202223360538483,0.45627444982528687,0.36305004358291626,-0.09253617376089096,0.4721628427505493,0.28269803524017334,-0.11890976876020432,0.4835008978843689,0.2153904139995575,-0.13312971591949463,0.38125890493392944,0.47480401396751404,-0.05976343899965286,0.38816872239112854,0.40392065048217773,-0.10965599119663239,0.3931751251220703,0.459846556186676,-0.12181773781776428,0.3946390450000763,0.5138362050056458,-0.11619699001312256,0.32890480756759644,0.48629605770111084,-0.07120063900947571,0.332820326089859,0.4111079275608063,-0.10400782525539398,0.34625065326690674,0.43161994218826294,-0.10426360368728638,0.3573085069656372,0.4653457999229431,-0.09653845429420471
0.34547197818756104,0.6860114932060242,7.985979095792572e-07,0.40734779834747314,0.6866905093193054,-0.04378996416926384,0.46826279163360596,0.66585373878479,-0.07242298871278763,0.519737720489502,0.6772564649581909,-0.10142002254724503,0.5669700503349304,0.7107475996017456,-0.13086454570293427,0.47142836451530457,0.504008412361145,-0.04971366748213768,0.5083131790161133,0.40395689010620117,-0.0848812684416771,0.522606372833252,0.33605754375457764,-0.10744058340787888,0.5344800353050232,0.2757725715637207,-0.12070135027170181,0.43010398745536804,0.47406256198883057,-0.05267763137817383,0.45645272731781006,0.35672527551651,-0.09265705943107605,0.47129830718040466,0.27638912200927734,-0.11786017566919327,0.4830532371997833,0.20697492361068726,-0.13052307069301605,0.38172319531440735,0.4704437553882599,-0.05928632616996765,0.3894546329975128,0.40594053268432617,-0.1072557121515274,0.39457598328590393,0.4665043354034424,-0.11608289927244186,0.3967421352863312,0.5193613171577454,-0.10796260088682175,0.3301507532596588,0.48036909103393555,-0.06943609565496445,0.33417195081710815,0.4059668779373169,-0.09808346629142761,0.34345772862434387,0.43170687556266785,-0.09302117675542831,0.3495383560657501,0.4664298892021179,-0.08149915933609009
0.34728318452835083,0.6822053790092468,7.874214702496829e-07,0.40811508893966675,0.679868221282959,-0.042528003454208374,0.4684220850467682,0.655838131904602,-0.07045342773199081,0.5204750895500183,0.6594787240028381,-0.09892162680625916,0.5696752071380615,0.6913957595825195,-0.1277833878993988,0.47253960371017456,0.49823427200317383,-0.04707565903663635,0.5138988494873047,0.4004935026168823,-0.08096418529748917,0.5328969359397888,0.3351721167564392,-0.1033545732498169,0.549217700958252,0.2764136493206024,-0.11686524748802185,0.4320639669895172,0.4687385559082031,-0.050417155027389526,0.45756664872169495,0.3517165184020996,-0.08771742880344391,0.472322016954422,0.2702338695526123,-0.11180154979228973,0.4839578866958618,0.20135679841041565,-0.12452606856822968,0.3848073482513428,0.46425575017929077,-0.05760737136006355,0.39481320977211,0.39856162667274475,-0.10452468693256378,0.4040398895740509,0.4561904966831207,-0.11550893634557724,0.4080749750137329,0.5105961561203003,-0.10936910659074783,0.3345411419868469,0.4726423919200897,-0.06815145164728165,0.34070107340812683,0.39760899543762207,-0.0980599895119667,0.35164105892181396,0.4246004521846771,-0.09535197168588638,0.35840630531311035,0.4645896255970001,-0.0853847935795784
0.3598688244819641,0.6837967038154602,5.455787004393642e-07,0.42536062002182007,0.6587491035461426,-0.03187346085906029,0.477815181016922,0.5942668914794922,-0.04280374199151993,0.5108426809310913,0.5264849662780762,-0.05423327535390854,0.5399003028869629,0.47157660126686096,-0.06482125073671341,0.46920785307884216,0.4863738715648651,-0.024285517632961273,0.5128288269042969,0.3980071246623993,-0.05045117810368538,0.5350841283798218,0.34112420678138733,-0.06638481467962265,0.5509477853775024,0.29047954082489014,-0.07345825433731079,0.43087419867515564,0.4584362804889679,-0.025590743869543076,0.45835065841674805,0.3505493402481079,-0.05434815585613251,0.47545158863067627,0.2802410125732422,-0.07034654170274734,0.4875572919845581,0.22470244765281677,-0.0765576958656311,0.3861158788204193,0.4515252709388733,-0.031444430351257324,0.40973734855651855,0.4060813784599304,-0.07416137307882309,0.41736680269241333,0.46601787209510803,-0.08225813508033752,0.4162155091762543,0.5220358967781067,-0.07327470928430557,0.33772337436676025,0.4574975073337555,-0.039315059781074524,0.3502177298069,0.38978278636932373,-0.06736880540847778,0.36836183071136475,0.417349636554718,-0.06497681140899658,0.3772917091846466,0.46281924843788147,-0.054482992738485336
0.34905576705932617,0.6968084573745728,1.4218943533705897e-07,0.41905975341796875,0.6586479544639587,-0.02560492604970932,0.4596679210662842,0.6032449007034302,-0.03895959630608559,0.48016616702079773,0.5330244302749634,-0.05458373948931694,0.5117801427841187,0.4773956835269928,-0.06955616176128387,0.4555239975452423,0.4966481328010559,0.0043752724304795265,0.47995811700820923,0.4479062557220459,-0.02113381028175354,0.5037241578102112,0.4464888572692871,-0.04578210413455963,0.5211925506591797,0.45489171147346497,-0.06137920171022415,0.4236597418785095,0.47043654322624207,0.002124358434230089,0.4485096037387848,0.40027645230293274,-0.0258247759193182,0.47019436955451965,0.4112255573272705,-0.0491323359310627,0.48302191495895386,0.4410979747772217,-0.062127165496349335,0.38466256856918335,0.4575522541999817,-0.006488618906587362,0.4075615406036377,0.3922976553440094,-0.03802991658449173,0.4238855242729187,0.41839540004730225,-0.05280715599656105,0.4294413626194,0.4653879702091217,-0.05667319521307945,0.33731135725975037,0.4570445716381073,-0.01773725636303425,0.3473338782787323,0.3855805993080139,-0.042856257408857346,0.36860391497612,0.39389368891716003,-0.050801102072000504,0.3833039402961731,0.42974722385406494,-0.05226463824510574
0.34994152188301086,0.6844040751457214,2.0796566957415052e-07,0.4159429669380188,0.6507447361946106,-0.023541046306490898,0.4586281180381775,0.5938757658004761,-0.03538611903786659,0.47580283880233765,0.5266431570053101,-0.048604946583509445,0.5022053718566895,0.47666260600090027,-0.06101787090301514,0.45325320959091187,0.49593812227249146,-0.0008590485085733235,0.4735523760318756,0.4479427635669708,-0.02352714352309704,0.4959380328655243,0.4463241696357727,-0.044906988739967346,0.5136499404907227,0.4548529088497162,-0.058396659791469574,0.4200112819671631,0.4743843674659729,-0.00238454039208591,0.4426005780696869,0.40914541482925415,-0.025307146832346916,0.46374452114105225,0.4201519787311554,-0.04342569410800934,0.47690367698669434,0.44525814056396484,-0.0538957342505455,0.3800804913043976,0.46467405557632446,-0.009291046299040318,0.3973827064037323,0.39168494939804077,-0.03477855399250984,0.4175480604171753,0.40935659408569336,-0.044973406940698624,0.427769273519516,0.44671401381492615,-0.04793519899249077,0.3317902684211731,0.4659873843193054,-0.018689313903450966,0.34219858050346375,0.39216089248657227,-0.039873238652944565,0.36401063203811646,0.4036257863044739,-0.04452862590551376,0.3780582547187805,0.43985000252723694,-0.044438350945711136
0.3491480052471161,0.6822678446769714,2.5242147216886224e-07,0.4117366075515747,0.6537553071975708,-0.023441199213266373,0.4545322060585022,0.5970299243927002,-0.0348978266119957,0.47361665964126587,0.5298331379890442,-0.047748222947120667,0.5076000690460205,0.4857397675514221,-0.06011331081390381,0.4456467032432556,0.5049607157707214,0.003994312137365341,0.46857351064682007,0.4625489413738251,-0.015879565849900246,0.4920744299888611,0.4560917913913727,-0.03526977822184563,0.5104676485061646,0.45735231041908264,-0.04804253205657005,0.41512542963027954,0.4813176393508911,0.0028243542183190584,0.44159698486328125,0.41692879796028137,-0.01825595460832119,0.46333521604537964,0.4259136915206909,-0.03608561307191849,0.47602009773254395,0.44866445660591125,-0.04646875336766243,0.3779798746109009,0.47022759914398193,-0.0037902623880654573,0.4007958769798279,0.3988421559333801,-0.028632737696170807,0.419138103723526,0.42274010181427,-0.03872978314757347,0.42559054493904114,0.46507400274276733,-0.041211359202861786,0.33297741413116455,0.4708934724330902,-0.01283127162605524,0.342929869890213,0.3972102105617523,-0.034038275480270386,0.3670440912246704,0.40633314847946167,-0.03996806964278221,0.3828386962413788,0.4427528977394104,-0.04078976809978485
0.3514160215854645,0.6655611991882324,7.048945462884149e-07,0.4123218059539795,0.6595141887664795,-0.03561456501483917,0.46947118639945984,0.6146762371063232,-0.0526946522295475,0.5036113858222961,0.560958743095398,-0.06834821403026581,0.5364334583282471,0.5195337533950806,-0.08483082056045532,0.45703673362731934,0.5098613500595093,-0.03804577514529228,0.501583456993103,0.4329850375652313,-0.06658592075109482,0.5262705683708191,0.3797858953475952,-0.08485644310712814,0.5457191467285156,0.33585217595100403,-0.0937344878911972,0.4201973080635071,0.4796854853630066,-0.03651935234665871,0.4525570869445801,0.38551658391952515,-0.06543690711259842,0.4772796034812927,0.32300135493278503,-0.08340673893690109,0.4977847635746002,0.27333760261535645,-0.09234824776649475,0.3779047429561615,0.4679989814758301,-0.038452986627817154,0.40071818232536316,0.40958738327026367,-0.0780908465385437,0.41288334131240845,0.4467294216156006,-0.08970703929662704,0.4162890613079071,0.4887883961200714,-0.08648078143596649,0.3321511447429657,0.46903908252716064,-0.04222423955798149,0.3391052186489105,0.3962453305721283,-0.07190200686454773,0.3611781895160675,0.41340988874435425,-0.07398249953985214,0.37652891874313354,0.4543941020965576,-0.06775794923305511
0.3433154225349426,0.6699805855751038,8.790560173110862e-07,0.40878772735595703,0.6811915636062622,-0.041901327669620514,0.47475361824035645,0.6599326729774475,-0.06829553097486496,0.5300693511962891,0.6646742820739746,-0.09412619471549988,0.5788118839263916,0.6877214908599854,-0.12106814235448837,0.4680103361606598,0.5059492588043213,-0.05278043821454048,0.5108840465545654,0.41601693630218506,-0.0877779945731163,0.5355753898620605,0.3544793128967285,-0.11182297021150589,0.5572417974472046,0.3018057346343994,-0.1269254833459854,0.42577046155929565,0.47135382890701294,-0.055329371243715286,0.45110055804252625,0.3572245240211487,-0.09167657792568207,0.4701988995075226,0.27671581506729126,-0.11643073707818985,0.486276239156723,0.2127648890018463,-0.1314578652381897,0.37830257415771484,0.46287423372268677,-0.06126958504319191,0.39415693283081055,0.37711724638938904,-0.10488984733819962,0.4043375849723816,0.4190954566001892,-0.11752048134803772,0.4061041474342346,0.4714781641960144,-0.1150713860988617,0.3290753960609436,0.4717443883419037,-0.07053036987781525,0.331983357667923,0.38911136984825134,-0.10235666483640671,0.346370130777359,0.39906370639801025,-0.10535202920436859,0.3564625382423401,0.43183615803718567,-0.10027939081192017
0.32405269145965576,0.6953573822975159,7.795485430506233e-07,0.3944309949874878,0.6959501504898071,-0.04198674485087395,0.46666935086250305,0.6744357347488403,-0.06601634621620178,0.528232753276825,0.6851744055747986,-0.09034622460603714,0.5789699554443359,0.7140862941741943,-0.1152932271361351,0.4574556052684784,0.5102860331535339,-0.04077264666557312,0.502738356590271,0.4161618947982788,-0.07025133818387985,0.5256631970405579,0.3558620810508728,-0.09125058352947235,0.5467023253440857,0.3034760057926178,-0.10496792197227478,0.4160189628601074,0.4768408536911011,-0.042808182537555695,0.4427366554737091,0.3640698790550232,-0.07619361579418182,0.46170657873153687,0.2853476405143738,-0.1015789657831192,0.47753411531448364,0.2229481339454651,-0.11727797985076904,0.3681882619857788,0.46915754675865173,-0.04893471673130989,0.3864436149597168,0.38489648699760437,-0.09010585397481918,0.39076051115989685,0.42482152581214905,-0.10481385141611099,0.38947567343711853,0.47139081358909607,-0.10418528318405151,0.31731507182121277,0.4755937457084656,-0.05874371528625488,0.3237006664276123,0.3946418762207031,-0.08796195685863495,0.3321114182472229,0.3989236652851105,-0.09256141632795334,0.33756154775619507,0.42094630002975464,-0.08940957486629486
0.3205164968967438,0.6933346390724182,7.827381978131598e-07,0.3900375962257385,0.691167950630188,-0.042018767446279526,0.4614662528038025,0.6700595021247864,-0.06722883880138397,0.5239874720573425,0.6754260063171387,-0.09313453733921051,0.5763170719146729,0.7057030200958252,-0.1199285089969635,0.4517199993133545,0.5035828948020935,-0.04082554951310158,0.4987328052520752,0.41052722930908203,-0.07155918329954147,0.5203030109405518,0.35002005100250244,-0.09263163059949875,0.5385770797729492,0.2961273193359375,-0.10602152347564697,0.41060876846313477,0.4718446135520935,-0.04406275600194931,0.43925726413726807,0.3555937707424164,-0.07879337668418884,0.4558599889278412,0.2788504958152771,-0.10401484370231628,0.46839994192123413,0.21452218294143677,-0.11894188821315765,0.362491250038147,0.4666672945022583,-0.05133147910237312,0.37922218441963196,0.38330137729644775,-0.09516746550798416,0.3876520097255707,0.43149125576019287,-0.108342744410038,0.389813631772995,0.4833107888698578,-0.1055825874209404,0.31082063913345337,0.475277841091156,-0.06213275343179703,0.3157575726509094,0.391672283411026,-0.09179919958114624,0.3296664357185364,0.4016633629798889,-0.09364910423755646,0.3402235507965088,0.4305947422981262,-0.08799878507852554
0.31838157773017883,0.6908209919929504,7.944294111439376e-07,0.3885228931903839,0.6922888159751892,-0.04152887687087059,0.46165090799331665,0.6689274311065674,-0.06562884151935577,0.5244380235671997,0.6775933504104614,-0.09089413285255432,0.5759114623069763,0.7112326622009277,-0.11678122729063034,0.4527270793914795,0.5005799531936646,-0.0370648130774498,0.4972534775733948,0.4102611541748047,-0.0681365430355072,0.5186606645584106,0.3497946262359619,-0.08948896080255508,0.5377936959266663,0.29591798782348633,-0.10354495793581009,0.41182640194892883,0.46702876687049866,-0.04103302210569382,0.43680596351623535,0.3497541546821594,-0.07809483259916306,0.4529987573623657,0.27299270033836365,-0.10394732654094696,0.46691423654556274,0.2085496187210083,-0.1189100593328476,0.3629794120788574,0.46098679304122925,-0.04940477013587952,0.3786371350288391,0.37872254848480225,-0.09799166768789291,0.38237428665161133,0.4348391592502594,-0.11137264966964722,0.3809272348880768,0.48966580629348755,-0.1073266938328743,0.31048983335494995,0.4685562252998352,-0.06120551750063896,0.3143409192562103,0.38853415846824646,-0.09545610845088959,0.32732710242271423,0.4059838652610779,-0.09861747175455093,0.33678895235061646,0.4382860064506531,-0.09308099746704102
0.32126522064208984,0.690733015537262,5.326327254806529e-07,0.39251086115837097,0.666968047618866,-0.032235149294137955,0.4539996385574341,0.6076470613479614,-0.044924650341272354,0.48798245191574097,0.5396701097488403,-0.05897897854447365,0.520643949508667,0.4865275025367737,-0.07226062566041946,0.4480660855770111,0.4903702437877655,-0.02261875942349434,0.492882639169693,0.4019794762134552,-0.05030004680156708,0.5148659944534302,0.34677648544311523,-0.06828107684850693,0.5321894884109497,0.29445910453796387,-0.07882428169250488,0.4083634912967682,0.4618033170700073,-0.02643531560897827,0.43632611632347107,0.3554508090019226,-0.06007702276110649,0.45371419191360474,0.2824191153049469,-0.0824817642569542,0.46572643518447876,0.21887072920799255,-0.09480147808790207,0.36241480708122253,0.4565257430076599,-0.03476034104824066,0.3832843601703644,0.3903777599334717,-0.08152994513511658,0.39332425594329834,0.44641557335853577,-0.09216699749231339,0.394137442111969,0.4987097382545471,-0.08673471957445145,0.31100448966026306,0.46299174427986145,-0.045336849987506866,0.3230767846107483,0.3893979787826538,-0.07996872067451477,0.34080877900123596,0.4170264005661011,-0.08191408962011337,0.3497246503829956,0.46062982082366943,-0.07514681667089462
0.3140619397163391,0.7020112872123718,5.8819964010581316e-08,0.38626137375831604,0.6609742641448975,-0.022274063900113106,0.43671637773513794,0.5992023944854736,-0.035553328692913055,0.47127607464790344,0.5364110469818115,-0.05322784557938576,0.5143048763275146,0.4975351095199585,-0.07003623992204666,0.4326298236846924,0.5045177936553955,0.0025408859364688396,0.46378758549690247,0.43411582708358765,-0.03006829135119915,0.48068928718566895,0.43909895420074463,-0.055788904428482056,0.4876638650894165,0.4667586088180542,-0.06809715926647186,0.3976331651210785,0.4832594394683838,-0.0020030264277011156,0.4299827516078949,0.40709188580513,-0.0363134928047657,0.4436350464820862,0.42889776825904846,-0.05943597853183746,0.44616666436195374,0.4712428152561188,-0.06848642230033875,0.3551555573940277,0.47092846035957336,-0.012788837775588036,0.38397619128227234,0.41459178924560547,-0.04946984350681305,0.3926914930343628,0.4571041762828827,-0.06056773662567139,0.3903961479663849,0.5129905939102173,-0.05799221247434616,0.3058784604072571,0.4665389060974121,-0.025700516998767853,0.32341936230659485,0.3959188461303711,-0.04888523370027542,0.3430742919445038,0.4107447862625122,-0.050781965255737305,0.35294124484062195,0.44955697655677795,-0.04613408073782921
0.2467173933982849,0.7102401256561279,1.7541887586958183e-07,0.3122596740722656,0.6709890961647034,-0.020842313766479492,0.36497798562049866,0.6036197543144226,-0.031272146850824356,0.4032193720340729,0.5409483313560486,-0.04384680092334747,0.441468745470047,0.4999861419200897,-0.05473064258694649,0.3445439040660858,0.5065403580665588,0.0011471896432340145,0.3649890124797821,0.43004992604255676,-0.026423996314406395,0.3867656886577606,0.4426758885383606,-0.050789330154657364,0.39931485056877136,0.4784577786922455,-0.06381639093160629,0.3101857900619507,0.4899824261665344,0.0005432454054243863,0.33199647068977356,0.42363986372947693,-0.02632809989154339,0.35226020216941833,0.44824230670928955,-0.04799838736653328,0.36017656326293945,0.4952784478664398,-0.059306997805833817,0.2733054757118225,0.48328110575675964,-0.005230757407844067,0.2952335476875305,0.4315841794013977,-0.0298377126455307,0.3164738714694977,0.46012455224990845,-0.039591629058122635,0.3252824544906616,0.5086752772331238,-0.04133674129843712,0.23282697796821594,0.48581546545028687,-0.013497713021934032,0.25478118658065796,0.44712111353874207,-0.031911808997392654,0.2776981592178345,0.4679535925388336,-0.036216020584106445,0.291049063205719,0.5050299167633057,-0.03506027162075043
