0.573057234287262,0.8395839929580688,4.6497333983097633e-07,0.5103776454925537,0.8170766234397888,-0.029907194897532463,0.46255290508270264,0.7462316751480103,-0.04862236604094505,0.43697425723075867,0.6778715252876282,-0.06455285102128983,0.4067423343658447,0.6240153908729553,-0.08124151825904846,0.49980294704437256,0.6328691840171814,-0.0381435789167881,0.4833831191062927,0.5339682102203369,-0.06586945801973343,0.4741378128528595,0.4686025381088257,-0.08744244277477264,0.46841713786125183,0.4130744934082031,-0.1023779809474945,0.5427423119544983,0.6213170289993286,-0.04186764732003212,0.5347018837928772,0.5156405568122864,-0.06632895022630692,0.5305249094963074,0.44459521770477295,-0.08688639104366302,0.5288466215133667,0.383270263671875,-0.10138848423957825,0.5849603414535522,0.6266368627548218,-0.048745110630989075,0.5793161988258362,0.52461177110672,-0.07205544412136078,0.5754687190055847,0.45732930302619934,-0.0872812569141388,0.5733026266098022,0.39909327030181885,-0.09755801409482956,0.6268661022186279,0.6467720866203308,-0.05803852155804634,0.6329175233840942,0.5649280548095703,-0.07880354672670364,0.637076735496521,0.511752724647522,-0.08740600943565369,0.6409274339675903,0.4646714925765991,-0.09251661598682404
0.5591702461242676,0.7668884992599487,2.749926863998553e-07,0.5746331810951233,0.7126725912094116,-0.004419220145791769,0.5511248707771301,0.6550090909004211,-0.006376562640070915,0.5197747945785522,0.6228266954421997,-0.007594117894768715,0.4959842562675476,0.6016159057617188,-0.009903783909976482,0.5356149673461914,0.6445200443267822,-0.018818669021129608,0.49691444635391235,0.5898215770721436,-0.029773851856589317,0.4695599675178528,0.5555395483970642,-0.03585205599665642,0.44629359245300293,0.531973123550415,-0.039726026356220245,0.5118981003761292,0.664422333240509,-0.02290518954396248,0.47191867232322693,0.6032628417015076,-0.03467588499188423,0.44347918033599854,0.5617324113845825,-0.04313892871141434,0.4191690683364868,0.5279459357261658,-0.048689521849155426,0.49083516001701355,0.6880285739898682,-0.026382409036159515,0.45474016666412354,0.6261416077613831,-0.03685635328292847,0.4312744140625,0.582156777381897,-0.045180387794971466,0.4110880196094513,0.5460304617881775,-0.05031369999051094,0.4728945195674896,0.7133300304412842,-0.02933112345635891,0.44422340393066406,0.6632828116416931,-0.03912198171019554,0.4243694245815277,0.6279124021530151,-0.04425770044326782,0.40715670585632324,0.5970442891120911,-0.04700055718421936
0.5627822875976562,0.7946157455444336,4.099095747278625e-07,0.5985729098320007,0.7445993423461914,-0.021834228187799454,0.6081617474555969,0.6829884648323059,-0.03522094711661339,0.6101895570755005,0.6309402585029602,-0.04553631320595741,0.6171035170555115,0.5884363651275635,-0.05603938177227974,0.5438780784606934,0.6403695344924927,-0.027079477906227112,0.5030563473701477,0.5861777067184448,-0.03972882404923439,0.475703626871109,0.5515862107276917,-0.048535361886024475,0.45475614070892334,0.526796817779541,-0.054712966084480286,0.5103709101676941,0.6629041433334351,-0.02502361126244068,0.4681861102581024,0.6040108799934387,-0.03604079410433769,0.44228464365005493,0.5639001727104187,-0.044626250863075256,0.4234045445919037,0.5361542701721191,-0.05049223080277443,0.48334023356437683,0.6947829723358154,-0.024626221507787704,0.44416770339012146,0.6375008821487427,-0.03569057956337929,0.4212552309036255,0.5972957611083984,-0.043887220323085785,0.4034792184829712,0.5650590658187866,-0.048769865185022354,0.4637260437011719,0.7310888767242432,-0.025574730709195137,0.43227100372314453,0.6832706928253174,-0.03674980252981186,0.4133686423301697,0.6514723896980286,-0.0419083870947361,0.39808082580566406,0.6225554347038269,-0.04414244368672371
0.5567008256912231,0.8310348391532898,3.5829327771352837e-07,0.5914005041122437,0.7722800970077515,-0.032910849899053574,0.5991305112838745,0.7028530836105347,-0.04773416370153427,0.5973761677742004,0.6434592604637146,-0.057045139372348785,0.6045876741409302,0.5950825214385986,-0.06517786532640457,0.5093807578086853,0.6707002520561218,-0.030029738321900368,0.4699036777019501,0.6256014704704285,-0.04297172278165817,0.44290074706077576,0.5944347977638245,-0.05433091148734093,0.42200782895088196,0.5703305602073669,-0.06289845705032349,0.47706368565559387,0.6963207125663757,-0.020686732605099678,0.43304041028022766,0.6462587714195251,-0.030811607837677002,0.40702319145202637,0.6114078760147095,-0.03936531022191048,0.3871384859085083,0.5839953422546387,-0.04614711552858353,0.4566759169101715,0.7268556952476501,-0.014173351228237152,0.4169381260871887,0.6801614761352539,-0.0253200214356184,0.3923380970954895,0.647546648979187,-0.03320227563381195,0.3723891079425812,0.6198628544807434,-0.03813410922884941,0.44528037309646606,0.7581738233566284,-0.010401077568531036,0.41454964876174927,0.7202670574188232,-0.022051794454455376,0.393272340297699,0.6956648230552673,-0.02830364927649498,0.3753983676433563,0.6735122799873352,-0.03138387203216553
0.5267946720123291,0.8559423089027405,3.023573071914143e-07,0.5568407773971558,0.7923903465270996,-0.03846503421664238,0.5619152784347534,0.7185646295547485,-0.05681070312857628,0.5627232193946838,0.6538519859313965,-0.06818976998329163,0.5693032741546631,0.6053492426872253,-0.07899011671543121,0.4759126901626587,0.6971231698989868,-0.0475325845181942,0.42969611287117004,0.6470479369163513,-0.06533221900463104,0.3938688039779663,0.6214776635169983,-0.07872671633958817,0.36289113759994507,0.6062719821929932,-0.08710325509309769,0.44894659519195557,0.7263837456703186,-0.033909402787685394,0.3992695212364197,0.6837412118911743,-0.0498066321015358,0.3624474108219147,0.6574648022651672,-0.061099618673324585,0.3311624526977539,0.6414650678634644,-0.06874720752239227,0.4338225722312927,0.7535431981086731,-0.02193608507514,0.38899990916252136,0.716618537902832,-0.03556510806083679,0.35921841859817505,0.6979793906211853,-0.043566759675741196,0.33319035172462463,0.6835446953773499,-0.04761124029755592,0.42699480056762695,0.7791420221328735,-0.012914331629872322,0.3905552625656128,0.7492178082466125,-0.02399044670164585,0.3648343086242676,0.7326568961143494,-0.02905760332942009,0.34350907802581787,0.7177249789237976,-0.03083975799381733
0.5122044682502747,0.8472490310668945,5.479662377183558e-07,0.545440137386322,0.771949827671051,-0.014300006441771984,0.5482157468795776,0.6976246237754822,-0.023040374740958214,0.5446884036064148,0.6322101354598999,-0.02982427552342415,0.5502458810806274,0.5801181793212891,-0.035824067890644073,0.4552282691001892,0.6663457155227661,-0.004394364543259144,0.41468489170074463,0.6201077103614807,-0.0033809661399573088,0.38676366209983826,0.5937824249267578,-0.00527771282941103,0.36518043279647827,0.5761898756027222,-0.007337169721722603,0.42265263199806213,0.6958934664726257,-0.0025205176789313555,0.38124755024909973,0.6408239006996155,0.0026311813853681087,0.3524370491504669,0.610668957233429,0.0027595600113272667,0.3303264379501343,0.5887333154678345,0.0015847166068851948,0.3990533649921417,0.7337648272514343,-0.0021941866725683212,0.36149469017982483,0.6800133585929871,0.00043940014438703656,0.3426501750946045,0.6507755517959595,-0.0009413183433935046,0.3295712471008301,0.629253089427948,-0.0031282545533031225,0.38232100009918213,0.7759464383125305,-0.003449444891884923,0.34666013717651367,0.7331980466842651,-0.004273536149412394,0.3264099955558777,0.7046173214912415,-0.004480873234570026,0.3116433024406433,0.6782408356666565,-0.0039735594764351845
0.5130031108856201,0.8553506135940552,3.9301713172790187e-07,0.5420933961868286,0.7732356786727905,-0.010216961614787579,0.545464277267456,0.7005476355552673,-0.019342470914125443,0.5413467884063721,0.632819652557373,-0.02727217599749565,0.5466541647911072,0.5800197720527649,-0.03441690653562546,0.4566473662853241,0.6737439632415771,-0.005646144971251488,0.4140620529651642,0.6231481432914734,-0.008357326500117779,0.38866573572158813,0.5963757038116455,-0.011848350055515766,0.36973685026168823,0.5784740447998047,-0.014622109942138195,0.42191964387893677,0.7039488554000854,-0.005749762523919344,0.3788522481918335,0.6432158946990967,-0.0053133051842451096,0.3536611497402191,0.6110175848007202,-0.006624988280236721,0.33427393436431885,0.5864774584770203,-0.008348774164915085,0.397193968296051,0.7404391765594482,-0.006884635426104069,0.35798007249832153,0.6830152273178101,-0.006679704412817955,0.3369026184082031,0.6496910452842712,-0.0077087730169296265,0.3216329514980316,0.6247472763061523,-0.00941507425159216,0.3810490667819977,0.7791438102722168,-0.009002698585391045,0.3460325002670288,0.7325248122215271,-0.009533252567052841,0.32757335901260376,0.7055150866508484,-0.007673076819628477,0.3145167827606201,0.6833152770996094,-0.005672776605933905
0.5197339653968811,0.8617570400238037,3.9866489487394574e-07,0.5486259460449219,0.7748977541923523,-0.010013789869844913,0.5530047416687012,0.6980676054954529,-0.018121981993317604,0.5483734607696533,0.6307571530342102,-0.025099800899624825,0.5513491034507751,0.5780872106552124,-0.03146037459373474,0.46042412519454956,0.6785350441932678,-0.004969682078808546,0.41574251651763916,0.6249633431434631,-0.0077726044692099094,0.38828495144844055,0.5975601673126221,-0.011821051128208637,0.36750921607017517,0.5792215466499329,-0.014924924820661545,0.42676639556884766,0.7122514843940735,-0.0055266027338802814,0.38303425908088684,0.6486061811447144,-0.00453549437224865,0.35631269216537476,0.6127446293830872,-0.006776053458452225,0.33702191710472107,0.586376428604126,-0.009608704596757889,0.40340331196784973,0.7515857815742493,-0.007152335252612829,0.3629067540168762,0.6917552351951599,-0.006888221483677626,0.3421816825866699,0.6563586592674255,-0.008617709390819073,0.3278920650482178,0.6298472881317139,-0.01125170849263668,0.3883243799209595,0.7916015982627869,-0.009806283749639988,0.35315999388694763,0.7449708580970764,-0.011191334575414658,0.33392399549484253,0.7163466215133667,-0.010201837867498398,0.3202325105667114,0.6915414333343506,-0.009109926410019398
0.5157217979431152,0.8651891350746155,4.064016252414149e-07,0.547633945941925,0.780520498752594,-0.008077345788478851,0.5528709888458252,0.7050819993019104,-0.01375387329608202,0.5478610396385193,0.6361407041549683,-0.018387356773018837,0.5547367930412292,0.5839942097663879,-0.022390631958842278,0.4550008773803711,0.678623378276825,0.0022543335799127817,0.4137357473373413,0.6282835006713867,0.004067953210324049,0.3895995616912842,0.602904200553894,0.001848838059231639,0.37053772807121277,0.5853789448738098,-0.0006916214479133487,0.42016327381134033,0.7101737856864929,0.0023274742998182774,0.3803498148918152,0.6490000486373901,0.007635300513356924,0.35679903626441956,0.6159537434577942,0.006815322674810886,0.3387994170188904,0.5906486511230469,0.004532671999186277,0.39740341901779175,0.7477729916572571,0.0012999994214624166,0.36105936765670776,0.6885457634925842,0.004008179996162653,0.341316819190979,0.6539453864097595,0.0017761524068191648,0.3263733983039856,0.6280362606048584,-0.0012490281369537115,0.3828861117362976,0.7867648005485535,-0.0005446114810183644,0.34796255826950073,0.7387924194335938,-3.474000914138742e-05,0.3303799629211426,0.7109197378158569,0.0013292679795995355,0.31770938634872437,0.6872163414955139,0.0025678547099232674
0.5171666741371155,0.868793249130249,4.0245993204734987e-07,0.5474675893783569,0.7838793992996216,-0.006389200687408447,0.5515217781066895,0.7080020904541016,-0.011910898610949516,0.5489373207092285,0.6377201676368713,-0.016689570620656013,0.5540615916252136,0.584758996963501,-0.02067558653652668,0.45570605993270874,0.6780454516410828,0.004196229390799999,0.41278305649757385,0.6276165246963501,0.0070331585593521595,0.3869277238845825,0.6020580530166626,0.005742173176258802,0.36708009243011475,0.584287166595459,0.004106895998120308,0.4214088022708893,0.7107632756233215,0.004122091457247734,0.38046160340309143,0.649126410484314,0.011473837308585644,0.35616588592529297,0.6163061857223511,0.012487887404859066,0.33827322721481323,0.5902212858200073,0.011570888571441174,0.398346871137619,0.7492992281913757,0.0030786150600761175,0.36239850521087646,0.6905412673950195,0.00931740552186966,0.34324586391448975,0.6571658849716187,0.009812867268919945,0.32980236411094666,0.6320244669914246,0.008078905753791332,0.3833387494087219,0.7900005578994751,0.0010704572778195143,0.3496570289134979,0.744848906993866,0.005512045230716467,0.3327309489250183,0.7181568145751953,0.00940721295773983,0.32085394859313965,0.6947198510169983,0.012052836827933788
0.5157808661460876,0.8723406791687012,4.167972065260983e-07,0.5436655282974243,0.7865241169929504,-0.010667243972420692,0.5490086674690247,0.7108168005943298,-0.01980208419263363,0.5467456579208374,0.6395319700241089,-0.027667781338095665,0.5523672699928284,0.5848621129989624,-0.03472273796796799,0.4551565647125244,0.6849143505096436,-0.0035434714518487453,0.4130696952342987,0.6306312084197998,-0.004950711037963629,0.3874349594116211,0.6028707027435303,-0.008237899281084538,0.36809441447257996,0.5840176343917847,-0.010942664928734303,0.4210188090801239,0.7182773947715759,-0.0031090029515326023,0.3803252577781677,0.6528472304344177,-6.279466470004991e-05,0.3561539053916931,0.6191238760948181,-0.00044677109690383077,0.33805954456329346,0.5926840305328369,-0.0020211420487612486,0.39830726385116577,0.7561352252960205,-0.003917749971151352,0.3612867295742035,0.6937456130981445,-0.0016613483894616365,0.34140437841415405,0.6589164137840271,-0.0017384868115186691,0.32659509778022766,0.6323031783103943,-0.0034330785274505615,0.3841599225997925,0.7944031357765198,-0.005964781157672405,0.35144248604774475,0.7439858317375183,-0.005276484414935112,0.33423107862472534,0.7150379419326782,-0.0026200334541499615,0.32132604718208313,0.6897273063659668,-0.0004632783238776028
0.5151321291923523,0.8633781671524048,3.971370006183861e-07,0.5466740131378174,0.7782784700393677,-0.009771774522960186,0.5505232214927673,0.7033757567405701,-0.018187329173088074,0.5482712388038635,0.6352283954620361,-0.025882093235850334,0.5548436045646667,0.5832642912864685,-0.032657790929079056,0.45441463589668274,0.6738863587379456,-0.0004034496087115258,0.4149057865142822,0.6222090721130371,-0.0014902628026902676,0.38952189683914185,0.5963143706321716,-0.004463954828679562,0.37051457166671753,0.5800320506095886,-0.006860124878585339,0.41957545280456543,0.7048172354698181,-0.00015520826855208725,0.3804236054420471,0.6423312425613403,0.003256764030084014,0.3571256995201111,0.6121441721916199,0.003580389078706503,0.33894047141075134,0.5885641574859619,0.0027912918012589216,0.3961634933948517,0.7410959005355835,-0.001295936992391944,0.3597862720489502,0.6827883720397949,0.0013110005529597402,0.3411971926689148,0.651667594909668,0.0019457730231806636,0.3279346823692322,0.6293530464172363,0.0010337935527786613,0.38142526149749756,0.7797741293907166,-0.0036964924074709415,0.34800177812576294,0.7364042401313782,-0.002448167186230421,0.32996922731399536,0.7100576758384705,0.0005113648367114365,0.31695806980133057,0.6881519556045532,0.003114274237304926
0.5138940215110779,0.8237790465354919,2.9969729098411335e-07,0.5486665368080139,0.7550868391990662,-0.028264600783586502,0.5582337975502014,0.6752881407737732,-0.044058121740818024,0.5612472295761108,0.6067936420440674,-0.05478697270154953,0.5738503336906433,0.5569833517074585,-0.06451690196990967,0.467373251914978,0.66387939453125,-0.03589850291609764,0.4247993230819702,0.6127040386199951,-0.04984942451119423,0.3932233452796936,0.5868410468101501,-0.059775978326797485,0.3670198917388916,0.5707446336746216,-0.06632726639509201,0.43095678091049194,0.6912227272987366,-0.026921939104795456,0.3892882764339447,0.6385584473609924,-0.03550513833761215,0.3646965026855469,0.605482280254364,-0.04000106826424599,0.343985915184021,0.5815416574478149,-0.04388921707868576,0.4079619348049164,0.7195073962211609,-0.01913878694176674,0.37007367610931396,0.6739068031311035,-0.024203147739171982,0.35192131996154785,0.644646167755127,-0.023585626855492592,0.33741042017936707,0.6211388111114502,-0.02378322184085846,0.3954237699508667,0.7465199828147888,-0.014164183288812637,0.3641780912876129,0.7103248834609985,-0.016662120819091797,0.34727299213409424,0.6855179667472839,-0.013760628178715706,0.33524090051651,0.6647711396217346,-0.01118248701095581
0.48716381192207336,0.8452007174491882,4.3008404304600845e-07,0.5256629586219788,0.7831125855445862,-0.01720045693218708,0.5250811576843262,0.7231038808822632,-0.02398672141134739,0.5221911072731018,0.6783778667449951,-0.02820052020251751,0.5257810354232788,0.6423072814941406,-0.03217505291104317,0.44485995173454285,0.6829250454902649,-0.014527061022818089,0.4068444073200226,0.6318116784095764,-0.018045702949166298,0.3813452124595642,0.6014543771743774,-0.02260727249085903,0.35982680320739746,0.579340934753418,-0.026989277452230453,0.41379040479660034,0.7118551135063171,-0.011050190776586533,0.37586790323257446,0.6551113128662109,-0.012252251617610455,0.34822583198547363,0.6191880106925964,-0.017299512401223183,0.3270723819732666,0.5938596725463867,-0.02255077101290226,0.39085641503334045,0.7480487823486328,-0.008881956338882446,0.35680076479911804,0.6928380727767944,-0.01065213792026043,0.33723747730255127,0.6576043367385864,-0.01745816133916378,0.3221924304962158,0.6305837035179138,-0.023306211456656456,0.37462568283081055,0.7868907451629639,-0.008072358556091785,0.34418773651123047,0.7447977662086487,-0.012286553159356117,0.32603204250335693,0.7173041701316833,-0.016365593299269676,0.3125861883163452,0.6925018429756165,-0.019210198894143105
0.4882216453552246,0.8654524683952332,4.221370488721732e-07,0.5250206589698792,0.7939450144767761,-0.01725367270410061,0.5333683490753174,0.7239432334899902,-0.028614578768610954,0.5394731760025024,0.6625069379806519,-0.03771676495671272,0.5472843647003174,0.6136037111282349,-0.04604962095618248,0.44118884205818176,0.6947903633117676,-0.013905191794037819,0.4014953672885895,0.6440498232841492,-0.019108407199382782,0.37724536657333374,0.6165571212768555,-0.023696523159742355,0.3592762351036072,0.5985698103904724,-0.027315089479088783,0.406954824924469,0.724976658821106,-0.011531069874763489,0.3668442964553833,0.6674304604530334,-0.014062504284083843,0.34354284405708313,0.632510781288147,-0.01706876792013645,0.32616865634918213,0.6066827774047852,-0.020089145749807358,0.3829353451728821,0.7597135305404663,-0.010843731462955475,0.3452063202857971,0.7052088379859924,-0.01405964232981205,0.32784944772720337,0.6701152920722961,-0.01749477908015251,0.3155937194824219,0.6438336372375488,-0.020482931286096573,0.36746326088905334,0.7943199872970581,-0.01166232954710722,0.33486390113830566,0.7530193328857422,-0.01579994335770607,0.31700971722602844,0.726099967956543,-0.017175115644931793,0.3049037456512451,0.704017698764801,-0.0174877792596817
0.49620842933654785,0.8809950947761536,3.9789753714103426e-07,0.5283536314964294,0.7976815700531006,-0.012022078968584538,0.5378345251083374,0.7216213941574097,-0.02130911871790886,0.5394655466079712,0.6506277322769165,-0.029187863692641258,0.5450371503829956,0.5971118211746216,-0.036125436425209045,0.43965157866477966,0.6976795792579651,-0.003551491303369403,0.4006040692329407,0.6469088792800903,-0.005112860351800919,0.3756181597709656,0.619822084903717,-0.009235240519046783,0.35563135147094727,0.6013621091842651,-0.012882775627076626,0.4047706127166748,0.7277470827102661,-0.0025786301121115685,0.3667338192462921,0.6667805314064026,-7.406904478557408e-05,0.3432878851890564,0.6336243152618408,-0.001542090903967619,0.32463476061820984,0.607410192489624,-0.004123097751289606,0.38154011964797974,0.7630323171615601,-0.002990944776684046,0.34746044874191284,0.7040472626686096,-0.0011321160709485412,0.32781466841697693,0.6689519882202148,-0.002379616256803274,0.31267067790031433,0.6426547765731812,-0.004914196208119392,0.3673674464225769,0.7991385459899902,-0.004772085230797529,0.3358915150165558,0.753713071346283,-0.004206191748380661,0.31836819648742676,0.726719856262207,-0.0022406575735658407,0.3052821159362793,0.7049042582511902,-0.0006307964795269072
0.49796873331069946,0.8906741738319397,3.7871407698730764e-07,0.5274783372879028,0.8090770244598389,-0.007186099421232939,0.5298804640769958,0.7332041263580322,-0.01185581088066101,0.521628201007843,0.6697708368301392,-0.015734098851680756,0.5205405354499817,0.6227209568023682,-0.01863083429634571,0.4375396966934204,0.7018008828163147,0.0034319341648370028,0.39706405997276306,0.6485598683357239,0.004704663529992104,0.3703288435935974,0.6198482513427734,0.002935458905994892,0.3500088155269623,0.6019614338874817,0.001333480468019843,0.404060959815979,0.7319514751434326,0.003441818291321397,0.3641093969345093,0.668873131275177,0.00861810240894556,0.3399551510810852,0.6357484459877014,0.00940040685236454,0.3221215009689331,0.610177755355835,0.009037937968969345,0.3813283145427704,0.7678582668304443,0.00226537324488163,0.343423068523407,0.7085309028625488,0.006207441911101341,0.3236561417579651,0.6739158034324646,0.006348465569317341,0.30981171131134033,0.6483287811279297,0.005096321925520897,0.3663193881511688,0.8069761991500854,0.00010339514119550586,0.33047714829444885,0.762736976146698,0.002499927068129182,0.31178686022758484,0.7351478934288025,0.005237575154751539,0.2990145683288574,0.7119871377944946,0.007551415823400021
0.49522459506988525,0.8868047595024109,3.648104609510483e-07,0.5282058119773865,0.8040848970413208,-0.0038807527162134647,0.5306227803230286,0.7286998629570007,-0.006966668181121349,0.5230191349983215,0.6670064926147461,-0.009389525279402733,0.5269985795021057,0.6207051277160645,-0.010919172316789627,0.43541857600212097,0.6973787546157837,0.0050709922797977924,0.3944346606731415,0.6412231922149658,0.008798754774034023,0.36923012137413025,0.6148128509521484,0.009545375593006611,0.35072988271713257,0.5986511707305908,0.009748104028403759,0.4009750783443451,0.7283130288124084,0.005384593270719051,0.3620949983596802,0.6627625226974487,0.013121457770466805,0.33846554160118103,0.6311960816383362,0.015860769897699356,0.3221874237060547,0.6082677245140076,0.016665950417518616,0.37863022089004517,0.7638660669326782,0.005117046646773815,0.3429563641548157,0.7024971842765808,0.012154419906437397,0.3247273862361908,0.6683306097984314,0.01361173763871193,0.3131749629974365,0.6450877785682678,0.01267149392515421,0.36456042528152466,0.8020831346511841,0.004216135945171118,0.3323003649711609,0.7572550773620605,0.009810811839997768,0.31543827056884766,0.7299138307571411,0.013990086503326893,0.3041282296180725,0.7078942656517029,0.016875797882676125
0.49800044298171997,0.8888577222824097,3.39056214215816e-07,0.5292354226112366,0.8042041063308716,-0.004159688949584961,0.5326645374298096,0.7312577962875366,-0.008632628247141838,0.5218652486801147,0.6688435077667236,-0.012158033438026905,0.5230013132095337,0.6187261939048767,-0.014942801557481289,0.4417686462402344,0.7049692869186401,-0.00042289969860576093,0.3983905613422394,0.6483823657035828,-3.126037699985318e-05,0.371957927942276,0.6223794221878052,-0.0012314097257331014,0.3517265021800995,0.6067720651626587,-0.0023292924743145704,0.40643608570098877,0.7347884178161621,-0.0008943849243223667,0.3649265468120575,0.6656238436698914,0.0023260689340531826,0.33912235498428345,0.6305081844329834,0.002095141215249896,0.32060855627059937,0.6067702174186707,0.0008797850459814072,0.382351815700531,0.7701863050460815,-0.0015288235154002905,0.3445379436016083,0.7058343291282654,0.0017555730883032084,0.3234527111053467,0.6691854596138,0.0006446090410463512,0.3092186450958252,0.6439383625984192,-0.0019499557092785835,0.3667033612728119,0.8080756068229675,-0.0024059629067778587,0.33310285210609436,0.7612884044647217,0.00034034877899102867,0.31526005268096924,0.7327507138252258,0.0028034436982125044,0.3033408522605896,0.7090505361557007,0.004462420009076595
0.4991275668144226,0.8844137191772461,3.474148115856224e-07,0.5305207967758179,0.8031715750694275,-0.008812465704977512,0.5343829393386841,0.7290281057357788,-0.015375832095742226,0.5234960317611694,0.668346107006073,-0.02016640082001686,0.5238479375839233,0.6190499067306519,-0.024462921544909477,0.44063064455986023,0.6984673142433167,-0.0065498738549649715,0.39610204100608826,0.643971860408783,-0.007357953581959009,0.3689538240432739,0.616927981376648,-0.00960489921271801,0.3482082486152649,0.598415195941925,-0.01162558514624834,0.4064640700817108,0.7302342653274536,-0.0056391190737485886,0.3651163578033447,0.6663684844970703,-0.0025399550795555115,0.33914050459861755,0.6331453323364258,-0.0026057460345327854,0.3213971257209778,0.6100171804428101,-0.0042013730853796005,0.3839382529258728,0.7681244611740112,-0.005309527739882469,0.34609130024909973,0.7058987617492676,-0.0029545091092586517,0.32577478885650635,0.6713462471961975,-0.0041436790488660336,0.31225377321243286,0.6468449234962463,-0.006897947750985622,0.3690747916698456,0.8086544275283813,-0.005694955121725798,0.33511608839035034,0.7612276077270508,-0.005090311169624329,0.317113995552063,0.7328217625617981,-0.0038293113466352224,0.3041497468948364,0.7085432410240173,-0.0029967552982270718
0.4955075681209564,0.8690981864929199,2.9565700288003427e-07,0.529116690158844,0.7922894358634949,-0.012534835375845432,0.5332273840904236,0.7226115465164185,-0.02103756181895733,0.5247534513473511,0.6609484553337097,-0.02782193012535572,0.525554895401001,0.6142621636390686,-0.034189168363809586,0.4398069381713867,0.6909119486808777,-0.01059817150235176,0.3991309404373169,0.6406149864196777,-0.016695577651262283,0.36825814843177795,0.6151757836341858,-0.022935528308153152,0.3429354727268219,0.5993905067443848,-0.027575990185141563,0.40380144119262695,0.7161062955856323,-0.008384397253394127,0.36579805612564087,0.6638349294662476,-0.010035485029220581,0.3410237729549408,0.634100615978241,-0.0124548664316535,0.32208916544914246,0.6109405755996704,-0.015008848160505295,0.37958019971847534,0.7480553984642029,-0.00720548490062356,0.34410879015922546,0.7003573775291443,-0.008217750117182732,0.3241628408432007,0.6698483228683472,-0.008176008239388466,0.31026697158813477,0.6488089561462402,-0.009174996055662632,0.364886999130249,0.7831330895423889,-0.0074136145412921906,0.3343193531036377,0.750375509262085,-0.009177085943520069,0.31579476594924927,0.7264162302017212,-0.007676903158426285,0.30247762799263,0.7067914605140686,-0.005690023303031921
0.5197649598121643,0.8294438123703003,4.1467956179985777e-07,0.5659781098365784,0.7588112354278564,-0.00610462436452508,0.5760388374328613,0.6813748478889465,-0.012097443453967571,0.570780336856842,0.6169171333312988,-0.0174288097769022,0.5712937116622925,0.567143440246582,-0.02295573428273201,0.5032020807266235,0.6294980049133301,-0.012071619741618633,0.46478408575057983,0.5572460889816284,-0.01931305229663849,0.43982115387916565,0.5141111612319946,-0.02401912584900856,0.41984736919403076,0.484100878238678,-0.02726542390882969,0.46038782596588135,0.6506285071372986,-0.014892717823386192,0.42284902930259705,0.5728033185005188,-0.01868756301701069,0.40085306763648987,0.5283620953559875,-0.021516166627407074,0.3841324746608734,0.4963740408420563,-0.023786356672644615,0.42589351534843445,0.6829174160957336,-0.01770825684070587,0.39100566506385803,0.6084681749343872,-0.019859375432133675,0.3716598451137543,0.564774751663208,-0.02004883624613285,0.3585730791091919,0.5315613150596619,-0.020955821499228477,0.3991636335849762,0.7216058373451233,-0.020976291969418526,0.3677530884742737,0.6620109677314758,-0.021375298500061035,0.35305947065353394,0.6267892718315125,-0.017065616324543953,0.3431864082813263,0.5993320941925049,-0.013280794955790043
0.46344679594039917,0.8316165208816528,3.5962926858701394e-07,0.4805692434310913,0.7757565975189209,-0.014462512917816639,0.46528106927871704,0.7359500527381897,-0.020831912755966187,0.43616849184036255,0.7249296307563782,-0.025299737229943275,0.41169270873069763,0.7264119386672974,-0.029857583343982697,0.4180012345314026,0.7148513197898865,-0.017323791980743408,0.3818155527114868,0.6715022325515747,-0.02710319310426712,0.35596057772636414,0.6454344987869263,-0.03432817384600639,0.3340558111667633,0.6284448504447937,-0.039254263043403625,0.3899601399898529,0.7407802939414978,-0.015431391075253487,0.3508608639240265,0.6957931518554688,-0.02409498766064644,0.3244657814502716,0.666656494140625,-0.031470887362957,0.3029177188873291,0.6454494595527649,-0.03621775284409523,0.37087583541870117,0.7719253897666931,-0.01448001153767109,0.33271855115890503,0.7319852709770203,-0.021668093279004097,0.31075429916381836,0.7068555355072021,-0.028318850323557854,0.2927549481391907,0.6865717172622681,-0.032472774386405945,0.36026135087013245,0.8028818964958191,-0.014415692538022995,0.3309099078178406,0.7743552327156067,-0.021616697311401367,0.3121487498283386,0.7570556402206421,-0.02532539702951908,0.2965504229068756,0.742293655872345,-0.026739664375782013
0.47642719745635986,0.8593668937683105,4.295377209473372e-07,0.5026644468307495,0.7951219081878662,-0.013940628618001938,0.4966800808906555,0.7424891591072083,-0.021815765649080276,0.48897677659988403,0.7082583904266357,-0.02830291911959648,0.48550945520401,0.6791550517082214,-0.03482118621468544,0.4230809211730957,0.7186122536659241,-0.016000691801309586,0.38097521662712097,0.6756621599197388,-0.023527298122644424,0.3536984324455261,0.6503856182098389,-0.029999472200870514,0.33090323209762573,0.6317294239997864,-0.035101279616355896,0.3964140713214874,0.7510057091712952,-0.01573152095079422,0.3533334732055664,0.7014328241348267,-0.02159169688820839,0.32393163442611694,0.6691853404045105,-0.029078934341669083,0.30049580335617065,0.6455602049827576,-0.035370685160160065,0.3773477077484131,0.7890723347663879,-0.016358723863959312,0.3372262120246887,0.7422141432762146,-0.021730847656726837,0.31395450234413147,0.7096297740936279,-0.02982417680323124,0.29565393924713135,0.6847861409187317,-0.03590287268161774,0.36465969681739807,0.8280863761901855,-0.017940903082489967,0.33080703020095825,0.7913396954536438,-0.02451135776937008,0.3098951280117035,0.7667996883392334,-0.029143672436475754,0.2935791611671448,0.745262086391449,-0.0319618284702301
0.487906277179718,0.8730688095092773,4.809115239368111e-07,0.5179777145385742,0.7978916764259338,-0.01593257114291191,0.516177773475647,0.7290537357330322,-0.0239724088460207,0.5149182081222534,0.6671891808509827,-0.0295364148914814,0.5166021585464478,0.6204778552055359,-0.03432947397232056,0.4250885844230652,0.7157772779464722,-0.009462455287575722,0.37899166345596313,0.6762189269065857,-0.011280067265033722,0.3494538962841034,0.6539451479911804,-0.014392377808690071,0.3286871910095215,0.6387438178062439,-0.017127513885498047,0.39470043778419495,0.7515173554420471,-0.006081305909901857,0.3461107611656189,0.7013442516326904,-0.004399650730192661,0.31668731570243835,0.6702830791473389,-0.005565251223742962,0.2969862222671509,0.6477887034416199,-0.007389392703771591,0.37436285614967346,0.793135941028595,-0.00436143996194005,0.32898467779159546,0.7459594011306763,-0.004222671501338482,0.3054060637950897,0.7151578664779663,-0.0076108891516923904,0.290045827627182,0.6906608939170837,-0.010796582326292992,0.36313217878341675,0.8350107669830322,-0.0040832748636603355,0.3278394639492035,0.7972425818443298,-0.005538711324334145,0.3100520372390747,0.7724218964576721,-0.006189840845763683,0.29912233352661133,0.7491050958633423,-0.006322796922177076
0.4998571276664734,0.8864673376083374,4.103280843992252e-07,0.5185178518295288,0.8023216724395752,-0.011682308278977871,0.5188916921615601,0.7276132106781006,-0.021548451855778694,0.5158329606056213,0.6623634099960327,-0.030195843428373337,0.521027684211731,0.6131158471107483,-0.038315366953611374,0.4287596642971039,0.7180331349372864,-0.007939918898046017,0.3819393217563629,0.6736289262771606,-0.012896762229502201,0.3532339334487915,0.6501824259757996,-0.018695222213864326,0.3307531774044037,0.6322979927062988,-0.02336893416941166,0.39833864569664,0.754074215888977,-0.008188484236598015,0.349800169467926,0.7009862661361694,-0.010773345828056335,0.3201037347316742,0.6712319850921631,-0.015176726505160332,0.2976853847503662,0.6481896638870239,-0.019107960164546967,0.3783605098724365,0.7938370108604431,-0.009412864223122597,0.33337676525115967,0.7435163855552673,-0.011275841854512691,0.3078770637512207,0.7128781080245972,-0.01424484420567751,0.2887307405471802,0.6883597373962402,-0.017294861376285553,0.3676323890686035,0.8326354026794434,-0.011779287829995155,0.3313751220703125,0.7915481328964233,-0.013562986627221107,0.31115591526031494,0.7664849162101746,-0.01253270823508501,0.2963052988052368,0.7434905171394348,-0.011287759058177471
0.4988611340522766,0.888740599155426,4.442673571247724e-07,0.5198863744735718,0.8040955662727356,-0.013380815275013447,0.5197367072105408,0.7299240231513977,-0.023881636559963226,0.5172585844993591,0.6625300049781799,-0.03281370922923088,0.5235517621040344,0.6117358803749084,-0.040850475430488586,0.42648598551750183,0.716997504234314,-0.006822359748184681,0.38027212023735046,0.6717080473899841,-0.010226043872535229,0.3516198396682739,0.6488560438156128,-0.01489277184009552,0.33078575134277344,0.6339882612228394,-0.018394451588392258,0.39601829648017883,0.7535783648490906,-0.005351583007723093,0.34704869985580444,0.7017820477485657,-0.005598229356110096,0.3185403347015381,0.6731287837028503,-0.007696953136473894,0.29822999238967896,0.6510434746742249,-0.009825246408581734,0.3766831159591675,0.7942494750022888,-0.0053135426715016365,0.3309113383293152,0.7454009056091309,-0.00559989782050252,0.3076591491699219,0.7150647640228271,-0.0071273501962423325,0.291771799325943,0.6911611557006836,-0.008963954634964466,0.3660479187965393,0.8334946036338806,-0.00665002316236496,0.32791441679000854,0.7948059439659119,-0.0072533199563622475,0.3072134852409363,0.7710087895393372,-0.005693760700523853,0.2925477623939514,0.7488839030265808,-0.0038793012499809265
0.49972227215766907,0.8862358331680298,3.8255723211477743e-07,0.5205457806587219,0.8014464378356934,-0.008821929804980755,0.5193269848823547,0.7284119129180908,-0.017846008762717247,0.5166083574295044,0.6641089916229248,-0.026355745270848274,0.5217095017433167,0.6157091856002808,-0.03441868722438812,0.4288729727268219,0.7171988487243652,-0.0062887463718652725,0.3819389343261719,0.6738154292106628,-0.01150117814540863,0.35277238488197327,0.6513949632644653,-0.016986820846796036,0.33082664012908936,0.6362945437431335,-0.020966418087482452,0.39767515659332275,0.7520305514335632,-0.007885563187301159,0.34956157207489014,0.697457492351532,-0.009524768218398094,0.3211711645126343,0.6687652468681335,-0.011718114838004112,0.3001656234264374,0.6475896835327148,-0.013908084481954575,0.37673071026802063,0.7906731367111206,-0.01040133647620678,0.3328062891960144,0.7369149923324585,-0.011124293319880962,0.3088795244693756,0.7068241238594055,-0.011548957787454128,0.2919120192527771,0.6847251057624817,-0.012778549455106258,0.3645542562007904,0.8293735384941101,-0.01398739404976368,0.32837414741516113,0.7852904796600342,-0.014513341709971428,0.3088580071926117,0.7596225738525391,-0.011574102565646172,0.2949446737766266,0.7382232546806335,-0.00888215471059084
0.5006559491157532,0.8829481601715088,4.173141689989279e-07,0.5219448208808899,0.7978358864784241,-0.010781537741422653,0.520506739616394,0.7249179482460022,-0.020403753966093063,0.5173868536949158,0.6610783338546753,-0.029052667319774628,0.5246838927268982,0.6130023002624512,-0.03719215840101242,0.4285130798816681,0.71202552318573,-0.007103523705154657,0.3816336691379547,0.6688736081123352,-0.011607990600168705,0.35253003239631653,0.64754718542099,-0.016475951299071312,0.3307582437992096,0.6342774629592896,-0.019938133656978607,0.39744076132774353,0.7488806843757629,-0.007582837715744972,0.34845125675201416,0.6961290240287781,-0.008814427070319653,0.31897974014282227,0.6688119769096375,-0.010727038607001305,0.29681241512298584,0.647939920425415,-0.012525607831776142,0.377088338136673,0.7896503210067749,-0.009243146516382694,0.3309501111507416,0.7407320141792297,-0.009978672489523888,0.3069593906402588,0.7115081548690796,-0.01096191257238388,0.28974229097366333,0.6881847381591797,-0.012346090748906136,0.3655566871166229,0.829740047454834,-0.012114602141082287,0.3276345729827881,0.7877032160758972,-0.012701696716248989,0.30780553817749023,0.761564314365387,-0.010437874123454094,0.2938506603240967,0.7375650405883789,-0.008180327713489532
0.4917341470718384,0.8716676831245422,3.5448280755190353e-07,0.5208204388618469,0.7944843173027039,-0.01576872728765011,0.5218936800956726,0.7190973162651062,-0.026254700496792793,0.5189948081970215,0.651900589466095,-0.03430534526705742,0.5258395671844482,0.6041828989982605,-0.041677314788103104,0.4300186038017273,0.6971409320831299,-0.01498874556273222,0.38340145349502563,0.6547977924346924,-0.021041573956608772,0.35297074913978577,0.633703351020813,-0.027868829667568207,0.3276658356189728,0.61754310131073,-0.033542316406965256,0.39636918902397156,0.7254679203033447,-0.011936252936720848,0.35139673948287964,0.6745963096618652,-0.014311493374407291,0.32438963651657104,0.6463116407394409,-0.01899016462266445,0.3029347062110901,0.6235883831977844,-0.02376696653664112,0.3731493651866913,0.7595837116241455,-0.009671356528997421,0.3335144519805908,0.7120363116264343,-0.010535210371017456,0.311024010181427,0.6849113702774048,-0.013500157743692398,0.2944084405899048,0.6645728349685669,-0.01709967851638794,0.35877007246017456,0.7948928475379944,-0.008990411646664143,0.3273133635520935,0.7566685080528259,-0.008920494467020035,0.3088032007217407,0.7355164289474487,-0.007611879147589207,0.29530856013298035,0.7184587121009827,-0.006683896761387587
0.5025043487548828,0.8369832038879395,5.925734285483486e-07,0.5291788578033447,0.7643986344337463,-0.02423134818673134,0.5298882126808167,0.6915254592895508,-0.040540337562561035,0.5291973352432251,0.6236705780029297,-0.05267131328582764,0.5398803353309631,0.5724737048149109,-0.06428222358226776,0.4295806884765625,0.6749481558799744,-0.03171585500240326,0.38738852739334106,0.6153098344802856,-0.047365933656692505,0.36211082339286804,0.5712569952011108,-0.05913003534078598,0.34624961018562317,0.5371658802032471,-0.06670356541872025,0.3945593535900116,0.7042784690856934,-0.027108782902359962,0.35444194078445435,0.6375194191932678,-0.03998192399740219,0.3354541063308716,0.5852961540222168,-0.04854091629385948,0.32496121525764465,0.5416048765182495,-0.054247815161943436,0.37214159965515137,0.7372959852218628,-0.023686595261096954,0.33061984181404114,0.6751718521118164,-0.03392288088798523,0.31232672929763794,0.6249690651893616,-0.03961341083049774,0.30357563495635986,0.5819680094718933,-0.04331820085644722,0.3602634072303772,0.7698789834976196,-0.022136935964226723,0.3224618434906006,0.7216296792030334,-0.030563736334443092,0.3033934235572815,0.6818031072616577,-0.03277520462870598,0.29323458671569824,0.6448476314544678,-0.03299563750624657
0.4966046214103699,0.8529491424560547,4.176380627995968e-07,0.5228670835494995,0.7832543253898621,-0.018758684396743774,0.5133386850357056,0.7258808016777039,-0.025393107905983925,0.49130532145500183,0.6963869333267212,-0.02888011559844017,0.46618717908859253,0.6786763668060303,-0.032070059329271317,0.4275142550468445,0.7246809601783752,-0.016890190541744232,0.3827190399169922,0.6953942775726318,-0.02432803250849247,0.35177159309387207,0.6785522699356079,-0.030981389805674553,0.32741981744766235,0.6658980846405029,-0.03590909019112587,0.40329107642173767,0.7613328099250793,-0.013029326684772968,0.35398396849632263,0.7266509532928467,-0.01934339851140976,0.3215368092060089,0.7027514576911926,-0.027135493233799934,0.2974728047847748,0.6840378642082214,-0.03294973075389862,0.3888632655143738,0.8024975061416626,-0.0105103375390172,0.3413837254047394,0.7701966166496277,-0.01846940629184246,0.3123013973236084,0.7474864721298218,-0.027246136218309402,0.28957313299179077,0.7279325723648071,-0.032802991569042206,0.38287362456321716,0.8451287746429443,-0.009075663983821869,0.34546563029289246,0.8178247809410095,-0.018341131508350372,0.3216407001018524,0.7995416522026062,-0.024088678881525993,0.30331867933273315,0.7818607091903687,-0.026888512074947357
0.5224469304084778,0.8396961688995361,3.4265730164406705e-07,0.5423999428749084,0.7603777050971985,-0.007577480748295784,0.522786557674408,0.7045139670372009,-0.00851469673216343,0.49177321791648865,0.6795072555541992,-0.00802915170788765,0.46523699164390564,0.6702130436897278,-0.007654078304767609,0.43387559056282043,0.7048519253730774,-0.006637308280915022,0.38387465476989746,0.6775640249252319,-0.009646693244576454,0.35217368602752686,0.6630780696868896,-0.013621396385133266,0.327467679977417,0.6531044244766235,-0.01674683578312397,0.41157299280166626,0.7446820139884949,-0.006766802631318569,0.35800033807754517,0.7059512734413147,-0.010294466279447079,0.3219241499900818,0.6830732822418213,-0.015757201239466667,0.29588085412979126,0.6676467061042786,-0.019934959709644318,0.3994937837123871,0.7883784174919128,-0.007154329679906368,0.3492812514305115,0.7521542906761169,-0.011700011789798737,0.3184965252876282,0.729814887046814,-0.01840895600616932,0.2977355122566223,0.7143796682357788,-0.022599006071686745,0.3958222270011902,0.8347961902618408,-0.007722919341176748,0.35233253240585327,0.803904116153717,-0.012911079451441765,0.3259684443473816,0.7833353281021118,-0.016402168199419975,0.3079158067703247,0.7654449939727783,-0.017782676964998245
0.5276058316230774,0.8556926250457764,2.9222815101093147e-07,0.5496777296066284,0.7757118344306946,-0.008122453466057777,0.5310074687004089,0.7129237651824951,-0.008437171578407288,0.5011576414108276,0.68031907081604,-0.0073188431560993195,0.47033655643463135,0.6755307912826538,-0.005421789828687906,0.4341484308242798,0.7021906971931458,-0.0004772739193867892,0.38460472226142883,0.6748059391975403,-0.0010228540049865842,0.35559991002082825,0.6590901613235474,-0.004207812249660492,0.3323829174041748,0.6482145190238953,-0.006856963504105806,0.41068699955940247,0.7400121092796326,0.0002531033242121339,0.3592551350593567,0.7023545503616333,0.0019366209162399173,0.3273370862007141,0.6804269552230835,-0.0006391131319105625,0.3031424582004547,0.6644920110702515,-0.0035209907218813896,0.39812159538269043,0.7835357785224915,-9.252982272300869e-05,0.35117271542549133,0.744574785232544,0.0003836299292743206,0.32287245988845825,0.719485342502594,-0.0042088269256055355,0.30285343527793884,0.7010805010795593,-0.008204534649848938,0.3928702473640442,0.830366313457489,-0.0012266781413927674,0.3519427180290222,0.799893856048584,-0.0016265599988400936,0.3276827335357666,0.7804456353187561,-0.0026553920470178127,0.31049373745918274,0.7636612057685852,-0.003149026306346059
0.5320132970809937,0.8642253875732422,2.6364796212874353e-07,0.5494017601013184,0.7785004377365112,-0.003689548932015896,0.5323294997215271,0.7137781381607056,-0.0036903771106153727,0.501222550868988,0.6810970902442932,-0.002686496824026108,0.4703918993473053,0.6781424880027771,-0.0017121311975643039,0.44203853607177734,0.7030836939811707,-0.002338932827115059,0.38632839918136597,0.6750991344451904,-0.003918102011084557,0.35516056418418884,0.6614194512367249,-0.00745623791590333,0.33069533109664917,0.6519727110862732,-0.010468759573996067,0.41619977355003357,0.7439051270484924,-0.0040184142999351025,0.35911959409713745,0.7054799199104309,-0.005105166230350733,0.32342201471328735,0.6824745535850525,-0.00957886315882206,0.2974430322647095,0.6659842729568481,-0.013667039573192596,0.40193331241607666,0.789899468421936,-0.0058237602934241295,0.349595844745636,0.7517856359481812,-0.007739213295280933,0.31918826699256897,0.727351725101471,-0.013724297285079956,0.2972027659416199,0.7082684636116028,-0.01863100379705429,0.39671090245246887,0.8364644050598145,-0.007582082878798246,0.35319292545318604,0.8035134673118591,-0.009899710305035114,0.3285379409790039,0.7835319638252258,-0.011738172732293606,0.3101394772529602,0.7644230723381042,-0.012788855470716953
0.5314682126045227,0.8569716215133667,2.2314527825528785e-07,0.5487945079803467,0.7705447673797607,-0.0014326706295832992,0.531977653503418,0.7102078795433044,-0.00021179417672101408,0.50142502784729,0.6787834763526917,0.0013032009592279792,0.472420334815979,0.6731950044631958,0.002623851876705885,0.4431447386741638,0.703640878200531,-0.00011350386921549216,0.3863844871520996,0.6781076192855835,-0.0012197209289297462,0.35488003492355347,0.6643389463424683,-0.004196777939796448,0.32960963249206543,0.6541540026664734,-0.006826356984674931,0.4179457128047943,0.7435258626937866,-0.002582942834123969,0.3583752512931824,0.70830237865448,-0.0034311036579310894,0.3228491246700287,0.6865938901901245,-0.007027761545032263,0.2962864637374878,0.6702617406845093,-0.01052410900592804,0.4040619730949402,0.7881139516830444,-0.005071454681456089,0.34972766041755676,0.7552027702331543,-0.006630243733525276,0.31951412558555603,0.7334789037704468,-0.011572584509849548,0.29733806848526,0.7164294123649597,-0.015752272680401802,0.3990040123462677,0.8324724435806274,-0.007458033971488476,0.3543507754802704,0.8040165901184082,-0.009380875155329704,0.32844653725624084,0.7845204472541809,-0.010977979749441147,0.3086068034172058,0.7657834887504578,-0.012003178708255291
0.544540286064148,0.8129286170005798,2.5428499839108554e-07,0.5503031611442566,0.7273688316345215,-0.00041194295044988394,0.5151664614677429,0.66717529296875,0.0025258224923163652,0.470012903213501,0.6469873189926147,0.004873435944318771,0.4381003677845001,0.6378142237663269,0.006863790098577738,0.4451676607131958,0.6614614725112915,0.0029416047036647797,0.3880646526813507,0.6348041296005249,0.0005505327717401087,0.3533865809440613,0.6184078454971313,-0.003154800506308675,0.325626939535141,0.6082301735877991,-0.00612441822886467,0.4215035140514374,0.7018209099769592,-0.0010121301747858524,0.3620304465293884,0.6636084318161011,-0.00223325053229928,0.3255128264427185,0.641920804977417,-0.005686593241989613,0.29744717478752136,0.6259242296218872,-0.008378853090107441,0.4071712791919708,0.7470577359199524,-0.005316993687301874,0.3511895537376404,0.7104076743125916,-0.007922428660094738,0.3168509602546692,0.6883447766304016,-0.012663220055401325,0.29193150997161865,0.6709999442100525,-0.01630876399576664,0.4005289673805237,0.7969441413879395,-0.009518923237919807,0.3526707887649536,0.7686938047409058,-0.013653354719281197,0.32431870698928833,0.7504292130470276,-0.0154651440680027,0.3022625744342804,0.7340348362922668,-0.015852373093366623
0.5638695955276489,0.804779052734375,4.412224541283649e-07,0.5758479237556458,0.7051010131835938,-0.009914961643517017,0.5489632487297058,0.6268021464347839,-0.01556403748691082,0.5037343502044678,0.5847218036651611,-0.01842069998383522,0.46363595128059387,0.5742260217666626,-0.022994456812739372,0.4706156849861145,0.637812077999115,-0.03355148434638977,0.3916543424129486,0.5893067717552185,-0.047153398394584656,0.34394922852516174,0.5639578104019165,-0.05384932830929756,0.30745893716812134,0.5467938184738159,-0.057139329612255096,0.44479694962501526,0.6893371343612671,-0.034721940755844116,0.36145275831222534,0.6334710121154785,-0.047942936420440674,0.30822521448135376,0.601604163646698,-0.055680468678474426,0.2703073024749756,0.5771303176879883,-0.06032264232635498,0.42893627285957336,0.7439383268356323,-0.0344778336584568,0.35276997089385986,0.6889544725418091,-0.045718517154455185,0.3039547801017761,0.6547486186027527,-0.053909555077552795,0.2697873115539551,0.6279285550117493,-0.05879763141274452,0.42308223247528076,0.8002825975418091,-0.033753901720047,0.361592173576355,0.7558931112289429,-0.04512038454413414,0.322551965713501,0.7275342345237732,-0.04990852624177933,0.2932828962802887,0.7017737627029419,-0.05132025107741356
0.5916162729263306,0.8246510028839111,5.001502927370893e-07,0.6045045852661133,0.7186284065246582,-0.015476114116609097,0.5726386308670044,0.6343516111373901,-0.02424050122499466,0.5187545418739319,0.5850516557693481,-0.028227148577570915,0.4696478545665741,0.5662011504173279,-0.03272147849202156,0.4861375391483307,0.6420267820358276,-0.04161028191447258,0.39804887771606445,0.5922256708145142,-0.05597296357154846,0.3449050486087799,0.5629868507385254,-0.06180916726589203,0.30472585558891296,0.5419416427612305,-0.06400048732757568,0.4575331509113312,0.6961253881454468,-0.03967111557722092,0.3653344511985779,0.6336491107940674,-0.05455141142010689,0.30629199743270874,0.5950509309768677,-0.06046130508184433,0.26471686363220215,0.564933717250824,-0.06285394728183746,0.43878114223480225,0.7525219917297363,-0.036467257887125015,0.3560587167739868,0.6945217251777649,-0.04634944349527359,0.3038938641548157,0.6555505394935608,-0.05175225809216499,0.268775999546051,0.6241041421890259,-0.05427268519997597,0.43045616149902344,0.8104881644248962,-0.033424507826566696,0.3656481206417084,0.7660765647888184,-0.04044683277606964,0.32667914032936096,0.7375898361206055,-0.041944555938243866,0.29902416467666626,0.7119249701499939,-0.040944281965494156
0.6135376691818237,0.8557846546173096,4.785192118106352e-07,0.6280767321586609,0.7437730431556702,-0.02288714423775673,0.5935738682746887,0.6471738815307617,-0.034665368497371674,0.5339855551719666,0.5892848372459412,-0.03952706977725029,0.48137331008911133,0.5724811553955078,-0.04416294023394585,0.5009915828704834,0.6554675102233887,-0.049211736768484116,0.4095902442932129,0.5994864702224731,-0.06558660417795181,0.3537648320198059,0.568912148475647,-0.07411959767341614,0.30900049209594727,0.5488390326499939,-0.0788184404373169,0.46513959765434265,0.7126622796058655,-0.04347049444913864,0.3745393753051758,0.6437873840332031,-0.058547455817461014,0.3157380223274231,0.603584885597229,-0.06658553332090378,0.27156156301498413,0.5743927359580994,-0.07165112346410751,0.4403013288974762,0.7702026963233948,-0.036684002727270126,0.36249101161956787,0.7106040120124817,-0.04426606371998787,0.3094698190689087,0.6681493520736694,-0.05086097866296768,0.2717217206954956,0.6360005736351013,-0.056412916630506516,0.4276365637779236,0.8260899782180786,-0.031054377555847168,0.36976388096809387,0.7838200926780701,-0.0359148308634758,0.3313026428222656,0.7561681866645813,-0.03803243115544319,0.30310559272766113,0.7311241030693054,-0.03874379023909569
0.6447064876556396,0.9185854196548462,4.841411396228068e-07,0.6572643518447876,0.7960312962532043,-0.02422151528298855,0.6201751828193665,0.6890825033187866,-0.04055152088403702,0.5565308332443237,0.6243327856063843,-0.05039319023489952,0.49568971991539,0.594335675239563,-0.061089809983968735,0.5357982516288757,0.7086198329925537,-0.06632048636674881,0.4310680627822876,0.6494537591934204,-0.09150926023721695,0.36906927824020386,0.6168174147605896,-0.10259660333395004,0.3207520842552185,0.5937392115592957,-0.10820138454437256,0.5003117322921753,0.7792815566062927,-0.06471946835517883,0.39271122217178345,0.7065812349319458,-0.09175849705934525,0.3248823285102844,0.6630643606185913,-0.10443667322397232,0.27391088008880615,0.6313114166259766,-0.11173944175243378,0.47414880990982056,0.8495532274246216,-0.061699964106082916,0.37654998898506165,0.7820480465888977,-0.08128191530704498,0.3132686913013458,0.7338204979896545,-0.09326861053705215,0.2674906551837921,0.6972814202308655,-0.10053510963916779,0.45854800939559937,0.9154754877090454,-0.05893278867006302,0.3799583613872528,0.8627877235412598,-0.07480967789888382,0.3300776779651642,0.829387366771698,-0.08253423869609833,0.2938520610332489,0.800700306892395,-0.08585555851459503
0.6794195175170898,0.9441192746162415,5.205213824410748e-07,0.6779067516326904,0.8193250894546509,-0.01711183413863182,0.6329736113548279,0.7069168090820312,-0.03332364931702614,0.567646861076355,0.6373621225357056,-0.04441515728831291,0.5035055875778198,0.6053270101547241,-0.05714542791247368,0.5590490698814392,0.7332348823547363,-0.07056032866239548,0.444227933883667,0.6728702783584595,-0.09858324378728867,0.37883344292640686,0.6373507976531982,-0.10925538837909698,0.33043938875198364,0.6099475622177124,-0.11362604051828384,0.5308408141136169,0.8095179796218872,-0.07453594356775284,0.4066351056098938,0.7372866868972778,-0.1058165431022644,0.3343081772327423,0.6917515993118286,-0.11749504506587982,0.2833535969257355,0.6552332639694214,-0.12264468520879745,0.5118547677993774,0.8835340142250061,-0.07595346122980118,0.39955922961235046,0.8172234892845154,-0.09892755001783371,0.3334100544452667,0.7702670693397522,-0.10686636716127396,0.2871971130371094,0.7311933040618896,-0.11003652215003967,0.5040771961212158,0.95209139585495,-0.07679618895053864,0.4180935025215149,0.9007346630096436,-0.09393797069787979,0.36826038360595703,0.8686221241950989,-0.09719438850879669,0.3316648602485657,0.8405314683914185,-0.09634611010551453
0.6853207945823669,0.949832558631897,5.932976705480542e-07,0.6825498342514038,0.8194512724876404,-0.021204650402069092,0.6389287710189819,0.7032893300056458,-0.03808112069964409,0.5720312595367432,0.6359785795211792,-0.0498158261179924,0.5084457993507385,0.60377037525177,-0.06332239508628845,0.5615195631980896,0.7369931936264038,-0.0691247209906578,0.4523226022720337,0.670863926410675,-0.09759142994880676,0.3871004581451416,0.6333377361297607,-0.11064498126506805,0.3355317711830139,0.6050658822059631,-0.11775588989257812,0.5320038199424744,0.8106845617294312,-0.07222802191972733,0.4186965823173523,0.7317383885383606,-0.10080236196517944,0.34643903374671936,0.6809210777282715,-0.11492940783500671,0.2909085154533386,0.6408808827400208,-0.12427303194999695,0.5116714835166931,0.8822435736656189,-0.07370438426733017,0.40722715854644775,0.8068265914916992,-0.09586477279663086,0.3420795798301697,0.7539197206497192,-0.10841256380081177,0.2937062382698059,0.7105052471160889,-0.11695391684770584,0.5005694031715393,0.9494118094444275,-0.0752413421869278,0.42043226957321167,0.8909336924552917,-0.0954240933060646,0.37221676111221313,0.8540453910827637,-0.10406142473220825,0.334817111492157,0.8225870132446289,-0.10826551169157028
0.6645967960357666,0.9313158392906189,5.811058940707881e-07,0.6731451749801636,0.8133657574653625,-0.028289783746004105,0.634064793586731,0.6938437223434448,-0.04199475422501564,0.5716401934623718,0.6215240955352783,-0.04900021106004715,0.5093404650688171,0.5941079258918762,-0.05545487627387047,0.5430055260658264,0.7123281955718994,-0.05160169303417206,0.44375908374786377,0.64982670545578,-0.07321248948574066,0.3854161500930786,0.6145224571228027,-0.08435829728841782,0.3408590853214264,0.5875539779663086,-0.09030993282794952,0.504706084728241,0.7767239212989807,-0.04662899672985077,0.40896910429000854,0.7057144045829773,-0.06718660145998001,0.351698637008667,0.661440372467041,-0.07889483869075775,0.3075988292694092,0.6254274249076843,-0.08614440262317657,0.47702184319496155,0.8405086398124695,-0.04179961979389191,0.39095833897590637,0.7726560831069946,-0.05743830278515816,0.34104669094085693,0.7261747121810913,-0.06505418568849564,0.30391979217529297,0.6877083778381348,-0.0698409229516983,0.45978042483329773,0.900015115737915,-0.03836942836642265,0.3921344578266144,0.8393086791038513,-0.05132509022951126,0.3529927730560303,0.8021886944770813,-0.05469261109828949,0.32344526052474976,0.7681670784950256,-0.05487126111984253
0.6348220705986023,0.8861522078514099,5.359162855711475e-07,0.6476280689239502,0.7638667821884155,-0.013998397625982761,0.6132531762123108,0.6567196249961853,-0.02135911025106907,0.5567624568939209,0.5895184874534607,-0.024035492911934853,0.5025802850723267,0.5638554096221924,-0.025775210931897163,0.5190881490707397,0.6664048433303833,-0.03194715455174446,0.42848706245422363,0.6057322025299072,-0.04524039104580879,0.37621966004371643,0.571894645690918,-0.05225718393921852,0.3352605700492859,0.546371340751648,-0.05579188093543053,0.47959983348846436,0.7217451930046082,-0.02999415621161461,0.3912108540534973,0.6478565335273743,-0.04250866547226906,0.34032952785491943,0.6050381064414978,-0.04982246086001396,0.3023488521575928,0.5711715221405029,-0.05424986779689789,0.4518147110939026,0.7761523127555847,-0.026948262006044388,0.373857706785202,0.7048521041870117,-0.03392373397946358,0.32773929834365845,0.6591166853904724,-0.03871466964483261,0.2943059802055359,0.6221559643745422,-0.04263179004192352,0.43564194440841675,0.8262035846710205,-0.024322813376784325,0.37534889578819275,0.7699949145317078,-0.027942758053541183,0.33979079127311707,0.7353036999702454,-0.027319125831127167,0.31337428092956543,0.7034220695495605,-0.02554202266037464
0.6103188395500183,0.8070992231369019,3.167227760059177e-07,0.6081885099411011,0.6899911165237427,0.006199300289154053,0.569592297077179,0.6112400889396667,0.012890083715319633,0.5257026553153992,0.5691746473312378,0.018757624551653862,0.49017080664634705,0.5615814328193665,0.024706467986106873,0.4766581058502197,0.6121096611022949,0.004817130044102669,0.39948856830596924,0.5657323002815247,0.002484250348061323,0.35761213302612305,0.5418416261672974,0.00037649928708560765,0.32539036870002747,0.5231479406356812,-0.0006780729163438082,0.4521389603614807,0.6573781371116638,-0.0002684963110368699,0.37122899293899536,0.59703528881073,-0.003488231683149934,0.3285178244113922,0.5634626150131226,-0.005938587244600058,0.29761168360710144,0.5373954772949219,-0.0068581257946789265,0.4391029477119446,0.7061377167701721,-0.004656931851059198,0.36725449562072754,0.6529946327209473,-0.005934495944529772,0.32822364568710327,0.6206767559051514,-0.00822389218956232,0.29938188195228577,0.5932118892669678,-0.009910527616739273,0.43787848949432373,0.7552414536476135,-0.008505911566317081,0.37978798151016235,0.7129512429237366,-0.00838629249483347,0.3483392894268036,0.6865790486335754,-0.006312176585197449,0.3259222209453583,0.6625871658325195,-0.003925043158233166
0.5819200277328491,0.7982645034790039,2.8470091706367384e-07,0.5740708708763123,0.6904919743537903,0.013895956799387932,0.5346232652664185,0.6231496930122375,0.021413149312138557,0.5069907307624817,0.5946805477142334,0.021077165380120277,0.47913849353790283,0.593268632888794,0.0211626049131155,0.4226490259170532,0.6367637515068054,0.03937867656350136,0.3512827754020691,0.6002867221832275,0.03175031766295433,0.32453346252441406,0.5694509744644165,0.021770304068922997,0.3199240565299988,0.5470637679100037,0.01723594218492508,0.4083709120750427,0.664284884929657,0.02293362468481064,0.3324231505393982,0.6289233565330505,0.017400527372956276,0.3076634407043457,0.5915154814720154,0.007109387312084436,0.312023401260376,0.5711560845375061,0.0018332690233364701,0.4050164818763733,0.6940107941627502,0.0034645129926502705,0.33620038628578186,0.6596024632453918,-0.0015437219990417361,0.3123335838317871,0.6279131770133972,-0.008467599749565125,0.3134390413761139,0.6103059649467468,-0.01164308376610279,0.4112209379673004,0.7226327657699585,-0.016140948981046677,0.35616791248321533,0.7012559175491333,-0.019319232553243637,0.3293002247810364,0.6798794269561768,-0.020657392218708992,0.3210989236831665,0.665843665599823,-0.0198232252150774
0.5516628623008728,0.8452631235122681,1.2171290109108668e-07,0.5491243600845337,0.7391477227210999,0.00633290596306324,0.5218576788902283,0.6706957221031189,0.008421218954026699,0.4898782968521118,0.6406265497207642,0.009310114197432995,0.4616236984729767,0.651279866695404,0.009786770679056644,0.43039628863334656,0.6722227931022644,0.005651754792779684,0.36397287249565125,0.6452646851539612,0.002808104269206524,0.3313819468021393,0.638120174407959,-0.002278293948620558,0.30996179580688477,0.6384811401367188,-0.004924544133245945,0.4036874771118164,0.7202253341674805,0.001468932256102562,0.3344482183456421,0.687583863735199,0.003127714619040489,0.3088143467903137,0.676921546459198,0.001049806596711278,0.2954815924167633,0.67424076795578,-0.0011642747558653355,0.39081868529319763,0.7702710032463074,-0.0017345546511933208,0.3315536677837372,0.7403531074523926,0.003808365436270833,0.31083324551582336,0.7256049513816833,0.006825224030762911,0.2998266816139221,0.716903567314148,0.007141818758100271,0.39021867513656616,0.8176626563072205,-0.0046172356233000755,0.34051668643951416,0.7926100492477417,0.003171677468344569,0.318765789270401,0.7781007289886475,0.011036209762096405,0.30418550968170166,0.7668437957763672,0.01662369817495346
0.5378482937812805,0.8535085320472717,1.761711843073499e-07,0.545149564743042,0.7535766363143921,0.01249002292752266,0.5284193754196167,0.6920332908630371,0.021430330350995064,0.4981958866119385,0.6603990197181702,0.02947404608130455,0.4695338010787964,0.6546715497970581,0.038360532373189926,0.4330042600631714,0.6972991824150085,0.017160870134830475,0.37049564719200134,0.668922483921051,0.023325078189373016,0.34020355343818665,0.6592233180999756,0.02587772347033024,0.3178073763847351,0.6534108519554138,0.02777790278196335,0.4078495502471924,0.7433768510818481,0.013034472241997719,0.34026867151260376,0.703295111656189,0.01867857202887535,0.3077223598957062,0.6839772462844849,0.020745430141687393,0.28643321990966797,0.6707441210746765,0.022084102034568787,0.39585432410240173,0.7906103134155273,0.010038468986749649,0.33637112379074097,0.7574078440666199,0.016433382406830788,0.3069520592689514,0.735955536365509,0.017920110374689102,0.28683093190193176,0.7185084223747253,0.018295012414455414,0.3948407769203186,0.8353290557861328,0.008265375159680843,0.3467748463153839,0.8070369362831116,0.017713315784931183,0.3218315541744232,0.78802090883255,0.024415796622633934,0.3050231635570526,0.769870400428772,0.029074452817440033
0.5336034893989563,0.8519294857978821,2.2116375930636423e-07,0.5406819581985474,0.7554426789283752,0.009418651461601257,0.5223398804664612,0.6930980086326599,0.016895797103643417,0.4874359667301178,0.666225790977478,0.023980554193258286,0.4588073492050171,0.6698486804962158,0.0314483568072319,0.4325743019580841,0.7061358690261841,0.014952094294130802,0.3706241250038147,0.6804926991462708,0.021357672289013863,0.33958643674850464,0.6698538661003113,0.02385948970913887,0.31713584065437317,0.6628830432891846,0.02548789419233799,0.40854066610336304,0.7510069608688354,0.011707054451107979,0.3423239588737488,0.7130325436592102,0.01846826635301113,0.30874377489089966,0.694966197013855,0.02022714912891388,0.28690284490585327,0.6822949647903442,0.02107400633394718,0.3973672091960907,0.7975130081176758,0.009405418299138546,0.3391847014427185,0.7651820182800293,0.01634708233177662,0.31029343605041504,0.7449783086776733,0.017270658165216446,0.29175645112991333,0.7284832000732422,0.016750764101743698,0.3975116014480591,0.8421374559402466,0.008056750521063805,0.3504050076007843,0.8163025975227356,0.01723373681306839,0.3276493549346924,0.7994521260261536,0.023578938096761703,0.31250056624412537,0.7828978896141052,0.0276819858700037
0.5324608087539673,0.8587539196014404,2.4519312091797474e-07,0.541885495185852,0.7651964426040649,0.0009821628918871284,0.5242637395858765,0.6975615620613098,0.0025055864825844765,0.4897153377532959,0.6676531434059143,0.004549548029899597,0.46015000343322754,0.674176812171936,0.006499475799500942,0.4356686770915985,0.7067161798477173,0.0008830468286760151,0.3744713068008423,0.6793471574783325,0.0005022460245527327,0.34065917134284973,0.6679306030273438,-0.0014641971793025732,0.31488707661628723,0.6605859994888306,-0.0029195898678153753,0.41253942251205444,0.7520251870155334,-0.001786678796634078,0.35049164295196533,0.713297963142395,-0.0011032727779820561,0.31468188762664795,0.6930279731750488,-0.0034329507034271955,0.28891584277153015,0.6783767342567444,-0.005884482990950346,0.40087616443634033,0.7982592582702637,-0.003979643806815147,0.345620334148407,0.7616787552833557,-0.0025909545365720987,0.31399521231651306,0.7390846610069275,-0.0054238466545939445,0.29092684388160706,0.7216729521751404,-0.008561640977859497,0.39786913990974426,0.8421645164489746,-0.005871614906936884,0.3519096374511719,0.8093705773353577,-0.003733354387804866,0.32662510871887207,0.7890817523002625,-0.001851531327702105,0.30721592903137207,0.7703609466552734,-0.0005786762339994311
0.5316758751869202,0.8509841561317444,2.0248691612323455e-07,0.5437477827072144,0.7589253783226013,0.0029575941152870655,0.5252754092216492,0.6952381134033203,0.006925109773874283,0.49144598841667175,0.6670918464660645,0.011569954454898834,0.4632636308670044,0.6732442378997803,0.01602233573794365,0.43815767765045166,0.7053887248039246,0.0027598526794463396,0.3767639398574829,0.6820485591888428,0.005171888042241335,0.34366750717163086,0.6722166538238525,0.005359951872378588,0.31896594166755676,0.6658320426940918,0.004910287447273731,0.41483163833618164,0.7504246234893799,0.0008874090854078531,0.35112571716308594,0.7168068289756775,0.0030650722328573465,0.31638532876968384,0.6977028846740723,0.0018684262176975608,0.29298943281173706,0.6834425330162048,0.00015474637621082366,0.40343692898750305,0.7964301109313965,-0.0002652555995155126,0.34466418623924255,0.7647731304168701,0.0014178201090544462,0.31382593512535095,0.7424511313438416,-0.002262698719277978,0.29244428873062134,0.7244965434074402,-0.005973856430500746,0.4012763500213623,0.8399748802185059,-0.0006398113328032196,0.3533426523208618,0.8147896528244019,0.0007735053077340126,0.32700151205062866,0.7978077530860901,0.000659554498270154,0.30706003308296204,0.7801872491836548,0.00033375719795003533
0.530947208404541,0.8425449728965759,2.5028302275131864e-07,0.5440691709518433,0.7550983428955078,0.0032803367357701063,0.5262084007263184,0.6983377933502197,0.0076705049723386765,0.49489808082580566,0.6707725524902344,0.011741379275918007,0.46512487530708313,0.667798638343811,0.01597106084227562,0.4342515766620636,0.7006080746650696,0.010936088860034943,0.3790121376514435,0.6801974773406982,0.01424392405897379,0.34838148951530457,0.6701450943946838,0.013889356516301632,0.32512983679771423,0.6628161668777466,0.013141165487468243,0.4120582640171051,0.7432448863983154,0.00806288793683052,0.35318607091903687,0.7119155526161194,0.01084163784980774,0.3194095492362976,0.6938671469688416,0.009050057269632816,0.29469749331474304,0.6795822978019714,0.007168216165155172,0.4012070894241333,0.7887621521949768,0.005108265206217766,0.346487820148468,0.7607923150062561,0.00591282406821847,0.3161352276802063,0.740437924861908,0.0019268947653472424,0.2940201163291931,0.7245736718177795,-0.0011553737567737699,0.3989853858947754,0.8333658576011658,0.0026588335167616606,0.3529099225997925,0.8094320893287659,0.0037807771004736423,0.3268054127693176,0.7926740050315857,0.003909545950591564,0.30682581663131714,0.7763078212738037,0.004219935741275549
0.5345829725265503,0.8426057696342468,2.2383703424111445e-07,0.5442132949829102,0.7548619508743286,-0.002520492300391197,0.5238047242164612,0.6982631087303162,-0.002923078602179885,0.49154528975486755,0.6770901083946228,-0.0032866133842617273,0.46444106101989746,0.685957133769989,-0.004643633030354977,0.44189712405204773,0.7016205787658691,-0.005108976736664772,0.38398313522338867,0.6795750856399536,-0.009522980079054832,0.34959691762924194,0.6692248582839966,-0.014179092831909657,0.32264524698257446,0.6630376577377319,-0.017783597111701965,0.41995516419410706,0.7437828779220581,-0.008707914501428604,0.35823941230773926,0.7121217846870422,-0.01234764326363802,0.32066792249679565,0.6939613223075867,-0.01755702681839466,0.29340142011642456,0.6807113885879517,-0.02203955501317978,0.4088211953639984,0.7895722985267639,-0.012303677387535572,0.35090571641921997,0.7590190172195435,-0.016328001394867897,0.3171095848083496,0.7384462356567383,-0.023323511704802513,0.2931644916534424,0.722537636756897,-0.028836466372013092,0.40614649653434753,0.8358974456787109,-0.01569613814353943,0.35843658447265625,0.8110072612762451,-0.02003457210958004,0.32974088191986084,0.7950993180274963,-0.023104047402739525,0.307584285736084,0.7801843881607056,-0.025082789361476898
0.5411248803138733,0.8080196976661682,3.6388337321113795e-07,0.5504100918769836,0.7230738997459412,-0.010672349482774734,0.524834394454956,0.6531389951705933,-0.01522764191031456,0.486032634973526,0.6275094151496887,-0.018691254779696465,0.45560821890830994,0.6203009486198425,-0.02259262278676033,0.44575852155685425,0.6550272107124329,-0.012852153740823269,0.3931281268596649,0.6169787645339966,-0.024777118116617203,0.36175137758255005,0.591727077960968,-0.03455825522542,0.3399845361709595,0.5727459192276001,-0.04052502289414406,0.4204499125480652,0.6980883479118347,-0.01415950059890747,0.36392155289649963,0.6554259061813354,-0.022884434089064598,0.3293832242488861,0.6268309354782104,-0.03165188804268837,0.3037737011909485,0.6029284000396729,-0.03784668818116188,0.40570512413978577,0.7435536980628967,-0.01625850610435009,0.35134464502334595,0.7042832374572754,-0.023429447785019875,0.3185162842273712,0.6784899234771729,-0.029889432713389397,0.2944575548171997,0.6557642221450806,-0.034506745636463165,0.400282084941864,0.7906273007392883,-0.019092606380581856,0.35344913601875305,0.7576692700386047,-0.025828352198004723,0.32597947120666504,0.7375924587249756,-0.028000539168715477,0.30475252866744995,0.7190099954605103,-0.028366858139634132
0.5325698256492615,0.8219126462936401,5.342555482457101e-07,0.5584085583686829,0.7298312783241272,-0.017776643857359886,0.5354878306388855,0.6544713377952576,-0.022065678611397743,0.4938510060310364,0.6019240617752075,-0.021451598033308983,0.45563578605651855,0.5795727968215942,-0.01928584650158882,0.449751615524292,0.650868833065033,-0.027792830020189285,0.3812876343727112,0.6025375127792358,-0.03362101688981056,0.33965426683425903,0.5773987770080566,-0.035501062870025635,0.30674999952316284,0.5624221563339233,-0.035015348345041275,0.4141587018966675,0.692039966583252,-0.019165704026818275,0.35172927379608154,0.6374098062515259,-0.02238960936665535,0.3085396885871887,0.6076011657714844,-0.02356678806245327,0.27505677938461304,0.5897753238677979,-0.023273004218935966,0.392061710357666,0.7397041320800781,-0.009936952032148838,0.35960206389427185,0.7012591361999512,-0.011275012977421284,0.3709666430950165,0.6916704773902893,-0.009088852442800999,0.38944393396377563,0.6953103542327881,-0.004686728585511446,0.3802637457847595,0.7865784168243408,-0.0019947371911257505,0.35788393020629883,0.7521639466285706,0.002417271491140127,0.36271822452545166,0.7383254766464233,0.008639457635581493,0.37579798698425293,0.734670877456665,0.015614335425198078
0.5439882278442383,0.7843468189239502,4.509871018854028e-07,0.5605748295783997,0.6980360746383667,-0.01721932552754879,0.5373491644859314,0.6319202780723572,-0.024002552032470703,0.5014327764511108,0.5887678861618042,-0.02715270407497883,0.4662132263183594,0.5631693005561829,-0.03049522452056408,0.45145002007484436,0.6321714520454407,-0.023812860250473022,0.3885273039340973,0.589633584022522,-0.03336412459611893,0.34797221422195435,0.5645973682403564,-0.040414631366729736,0.31573042273521423,0.546927273273468,-0.045035626739263535,0.4258122444152832,0.6760656833648682,-0.020873604342341423,0.3593306839466095,0.6268841028213501,-0.030430525541305542,0.31548774242401123,0.5956618785858154,-0.038759615272283554,0.282809317111969,0.5715491771697998,-0.0442073717713356,0.4095614552497864,0.7241712212562561,-0.01833444833755493,0.34711378812789917,0.6760167479515076,-0.027189629152417183,0.3083835244178772,0.6437658667564392,-0.035578642040491104,0.279602587223053,0.6178538799285889,-0.04071103781461716,0.40204116702079773,0.7736876010894775,-0.016468392685055733,0.3515991270542145,0.733781099319458,-0.025703392922878265,0.3202066123485565,0.7075809240341187,-0.030553553253412247,0.29687198996543884,0.6837944984436035,-0.032278548926115036
0.5371217727661133,0.8223997354507446,1.2280332839509356e-07,0.5469998121261597,0.7340072989463806,0.00610453262925148,0.5232780575752258,0.6772111058235168,0.013809806667268276,0.4907519221305847,0.6508459448814392,0.021135954186320305,0.46449559926986694,0.641696572303772,0.029099879786372185,0.43248414993286133,0.678066611289978,0.015205089002847672,0.3767179250717163,0.657992959022522,0.02166008949279785,0.34655532240867615,0.6509251594543457,0.023821724578738213,0.3233027160167694,0.6486022472381592,0.024614404886960983,0.40997350215911865,0.7193619012832642,0.013043433427810669,0.34983354806900024,0.6896626353263855,0.018202969804406166,0.31823402643203735,0.676875114440918,0.020023344084620476,0.2951821982860565,0.6686779260635376,0.020903360098600388,0.3993527591228485,0.7621700763702393,0.010943994857370853,0.34588122367858887,0.7317880392074585,0.014621932990849018,0.31781747937202454,0.7165948748588562,0.014448823407292366,0.2962040901184082,0.7062654495239258,0.014068754389882088,0.3987507224082947,0.8052167296409607,0.009425723925232887,0.3544469475746155,0.7831024527549744,0.014081193134188652,0.330585777759552,0.7703654766082764,0.016988685354590416,0.31313809752464294,0.7597253322601318,0.019229350611567497
0.5377889275550842,0.8257782459259033,1.8631533293955727e-07,0.5464172959327698,0.7390545010566711,0.002872955286875367,0.5248684883117676,0.6817508339881897,0.006856225896626711,0.4948132634162903,0.6574801206588745,0.00989791564643383,0.4677000343799591,0.6548116207122803,0.012794108130037785,0.4368954300880432,0.683346688747406,0.009204917587339878,0.3814759850502014,0.6635998487472534,0.009344363585114479,0.3510100245475769,0.6547310948371887,0.006673805881291628,0.3274673521518707,0.6490787267684937,0.004643461667001247,0.4148671627044678,0.7219744324684143,0.005122785456478596,0.3550076186656952,0.6909520030021667,0.006559045985341072,0.31979188323020935,0.6741195321083069,0.003986577969044447,0.29422521591186523,0.6617926359176636,0.0014707098016515374,0.40303993225097656,0.7653712630271912,0.0006907959468662739,0.34848976135253906,0.7343870401382446,0.0011251864489167929,0.31717634201049805,0.7163612246513367,-0.0032423087395727634,0.29401957988739014,0.7024186253547668,-0.0069504682905972,0.39947572350502014,0.8116196393966675,-0.0034463207703083754,0.3543720245361328,0.7858717441558838,-0.002993310336023569,0.3284546136856079,0.7714664936065674,-0.00290543376468122,0.3079768121242523,0.7583274841308594,-0.0027241187635809183
0.5410503149032593,0.8294664025306702,1.8250968025768088e-07,0.5490872263908386,0.7463508248329163,0.004484161268919706,0.5252598524093628,0.6917307376861572,0.009367293678224087,0.4940167963504791,0.6662096381187439,0.01328868418931961,0.4665323495864868,0.6602383255958557,0.016770757734775543,0.441031813621521,0.6896727681159973,0.008111261762678623,0.38409337401390076,0.6692771315574646,0.008931495249271393,0.35279381275177,0.6588828563690186,0.007250367198139429,0.3279513418674469,0.651432454586029,0.005780457518994808,0.41843855381011963,0.7289077043533325,0.003925603814423084,0.3580833375453949,0.6988758444786072,0.005578544922173023,0.32287800312042236,0.6821706295013428,0.003273218171671033,0.29701584577560425,0.6688989996910095,0.000898557307664305,0.40647897124290466,0.7733151316642761,-0.00015787618758622557,0.35095083713531494,0.7445240020751953,0.000705266953445971,0.31891220808029175,0.7259799838066101,-0.0038652438670396805,0.295271635055542,0.711178183555603,-0.007845413871109486,0.4031308591365814,0.8192819356918335,-0.003696253290399909,0.3575187027454376,0.7938510179519653,-0.0026435519102960825,0.33138471841812134,0.777813196182251,-0.002836714731529355,0.31138941645622253,0.7626965641975403,-0.0030110070947557688
0.5387697815895081,0.8371961116790771,2.1701336549995176e-07,0.545346200466156,0.7499555945396423,-0.00012776533549185842,0.5231660008430481,0.692691445350647,0.001194142852909863,0.4911595284938812,0.6672149896621704,0.0026740399189293385,0.46263766288757324,0.6613189578056335,0.003970393445342779,0.4424566924571991,0.6942138671875,-0.000901862746104598,0.3834075331687927,0.6713333129882812,-0.003156108083203435,0.35033416748046875,0.6602628827095032,-0.00624522939324379,0.32388946413993835,0.652675449848175,-0.008893334306776524,0.4207538962364197,0.7334622740745544,-0.004339647479355335,0.3588191866874695,0.701299786567688,-0.0075778653845191,0.3222993314266205,0.6831535696983337,-0.012546791695058346,0.29462507367134094,0.6691344976425171,-0.01644122041761875,0.4090895354747772,0.7769404649734497,-0.0076005831360816956,0.3517642617225647,0.7449588775634766,-0.011383646167814732,0.3189215362071991,0.7244328856468201,-0.017931245267391205,0.29343560338020325,0.7076596021652222,-0.022772135213017464,0.40590277314186096,0.8204792737960815,-0.010376481339335442,0.3592069149017334,0.7913935780525208,-0.0139206163585186,0.3323361873626709,0.7742804288864136,-0.016401583328843117,0.3102707266807556,0.7575806975364685,-0.017696788534522057
0.5344394445419312,0.8281969428062439,1.8009102120686293e-07,0.5449686646461487,0.7461708188056946,0.0037831468507647514,0.5224723815917969,0.6903245449066162,0.008852746337652206,0.49097272753715515,0.6652427315711975,0.0132228909060359,0.4634447395801544,0.6650757789611816,0.017201803624629974,0.4350025951862335,0.6863839626312256,0.009493366815149784,0.3805440366268158,0.670331597328186,0.012209475040435791,0.35025274753570557,0.6627160310745239,0.011138161644339561,0.32594025135040283,0.656766414642334,0.00966509897261858,0.41357916593551636,0.7244714498519897,0.005738104227930307,0.3553907573223114,0.6976394653320312,0.009220181964337826,0.32167115807533264,0.6828513741493225,0.007902204059064388,0.29695039987564087,0.6709486842155457,0.00593797629699111,0.4029189348220825,0.7678956985473633,0.0019291092175990343,0.349939227104187,0.7393477559089661,0.003569946624338627,0.3200940489768982,0.7215640544891357,-0.0002666118380147964,0.297940194606781,0.7080541849136353,-0.0038480814546346664,0.4006480276584625,0.8124920725822449,-0.0014905865537002683,0.3564485013484955,0.7860577702522278,-0.0005399384535849094,0.3316839933395386,0.7696434259414673,-0.000551108387298882,0.31238052248954773,0.7547405362129211,-0.0006359865074045956
0.5328965783119202,0.8295584917068481,2.355672421572308e-07,0.540291428565979,0.7436549663543701,0.002076073084026575,0.5151335597038269,0.68495774269104,0.006233053281903267,0.4792490005493164,0.6664825677871704,0.01052826177328825,0.45249900221824646,0.6733596324920654,0.014561966992914677,0.4370107054710388,0.6908217072486877,0.005603754427284002,0.38021448254585266,0.6698116660118103,0.006980330683290958,0.3481394648551941,0.6587521433830261,0.005506791640073061,0.32361900806427,0.6515185236930847,0.003994729835540056,0.41499507427215576,0.7327303290367126,0.003164174035191536,0.35508257150650024,0.7004887461662292,0.00585375539958477,0.3204721212387085,0.6822183728218079,0.003783344989642501,0.29594409465789795,0.669236958026886,0.0013790091034024954,0.4040401875972748,0.7762997150421143,0.0009476080886088312,0.3488474488258362,0.7505084872245789,0.002836175262928009,0.31997910141944885,0.7317899465560913,-0.0009621871286071837,0.29959458112716675,0.7166574597358704,-0.0047010090202093124,0.40179896354675293,0.8176873922348022,-0.0009219670901075006,0.3567735254764557,0.7926298379898071,0.0002977342519443482,0.3330053985118866,0.7760987877845764,0.0003762378473766148,0.3147123456001282,0.760124921798706,0.00036201035254634917
0.5441571474075317,0.8185476064682007,1.8542463919857255e-07,0.5450466275215149,0.7348851561546326,-0.0017018669750541449,0.5153907537460327,0.6796107888221741,-0.0011085942387580872,0.481244295835495,0.6597597002983093,-0.0008216023561544716,0.4547587037086487,0.664721667766571,-0.0009810313349589705,0.4415954053401947,0.6892881989479065,-0.002593613462522626,0.3852595388889313,0.6690831780433655,-0.007700386457145214,0.35188621282577515,0.6573588848114014,-0.013208054006099701,0.32552221417427063,0.6500467658042908,-0.0173264741897583,0.42326369881629944,0.7301719188690186,-0.006278898101300001,0.365069717168808,0.7012360692024231,-0.009743495844304562,0.3294185400009155,0.6844907999038696,-0.015397194772958755,0.30122387409210205,0.6734012365341187,-0.020476309582591057,0.41492295265197754,0.7718490362167358,-0.01005009189248085,0.3612721562385559,0.7442469000816345,-0.013386713340878487,0.32992199063301086,0.7281935214996338,-0.01903693936765194,0.3066709041595459,0.7174271941184998,-0.02363382838666439,0.413639634847641,0.8126002550125122,-0.013872602954506874,0.3674221634864807,0.7879504561424255,-0.017541686072945595,0.3401740491390228,0.7723954319953918,-0.019933555275201797,0.3192688226699829,0.7593200206756592,-0.02136841043829918
0.5498883128166199,0.8062452673912048,2.814675781337428e-07,0.5504353046417236,0.7256263494491577,-0.008484575897455215,0.5183918476104736,0.661799430847168,-0.01079715695232153,0.48326268792152405,0.6347799897193909,-0.013531757518649101,0.4520553946495056,0.6310608386993408,-0.015312084928154945,0.44300350546836853,0.6892631649971008,0.0017264133784919977,0.39163053035736084,0.6555015444755554,-0.008546504192054272,0.3583119213581085,0.6316864490509033,-0.018672209233045578,0.33243176341056824,0.6150611042976379,-0.0259709395468235,0.42720451951026917,0.7202366590499878,-0.0014286963269114494,0.37413904070854187,0.6831876039505005,-0.011446662247180939,0.34178856015205383,0.6544555425643921,-0.021870389580726624,0.31543004512786865,0.6314787864685059,-0.02871568314731121,0.4186423122882843,0.7471988201141357,-0.006387313362210989,0.3679749369621277,0.7114039063453674,-0.016220349818468094,0.33982065320014954,0.683018684387207,-0.020196925848722458,0.31622129678726196,0.6615657806396484,-0.021674880757927895,0.4170973598957062,0.767931342124939,-0.012502070516347885,0.37325167655944824,0.7406511306762695,-0.019798556342720985,0.34756070375442505,0.7210891842842102,-0.019973615184426308,0.32738685607910156,0.7040213346481323,-0.01863652653992176
0.5496947765350342,0.7867822051048279,2.103852807522344e-07,0.5576646327972412,0.6970815658569336,-0.01457873173058033,0.5336376428604126,0.6277176141738892,-0.021959466859698296,0.5026830434799194,0.5903952121734619,-0.02703358419239521,0.47634682059288025,0.5890467166900635,-0.032060373574495316,0.44539666175842285,0.6416146159172058,-0.020913714542984962,0.3957040309906006,0.6063078045845032,-0.03160393610596657,0.36403530836105347,0.5782696604728699,-0.04258935898542404,0.3385840952396393,0.5583295226097107,-0.05119442567229271,0.4232245981693268,0.6832948327064514,-0.01709652505815029,0.3935449719429016,0.6493998765945435,-0.02660309337079525,0.40677839517593384,0.6442983746528625,-0.032373975962400436,0.42110350728034973,0.6501275300979614,-0.03616005927324295,0.41373246908187866,0.7257448434829712,-0.013123433105647564,0.39058664441108704,0.6902572512626648,-0.019269097596406937,0.4037274122238159,0.6864672303199768,-0.015777138993144035,0.41933491826057434,0.6943135857582092,-0.012856589630246162,0.41049110889434814,0.7604933977127075,-0.010433592833578587,0.38501036167144775,0.7233923077583313,-0.01300105918198824,0.39197084307670593,0.7136226296424866,-0.007419881410896778,0.40317630767822266,0.7176927328109741,-0.002107576234266162
0.5583418607711792,0.8027710914611816,5.859407679054129e-07,0.5852179527282715,0.7094240188598633,-0.03072020597755909,0.5691024661064148,0.6255746483802795,-0.04537740722298622,0.5238745808601379,0.5749295949935913,-0.051724839955568314,0.47964996099472046,0.5515649914741516,-0.05666990578174591,0.476996511220932,0.6342161297798157,-0.048274777829647064,0.41030043363571167,0.5813944935798645,-0.06259150803089142,0.36585068702697754,0.5518295168876648,-0.07147794961929321,0.332510769367218,0.5299084186553955,-0.07612921297550201,0.44214990735054016,0.6812541484832764,-0.0352233424782753,0.38453370332717896,0.6186055541038513,-0.043973375111818314,0.3458484411239624,0.5794186592102051,-0.04684116318821907,0.3168177604675293,0.5495117902755737,-0.048787642270326614,0.4200122356414795,0.7247359156608582,-0.022193610668182373,0.38074374198913574,0.6557472348213196,-0.023458773270249367,0.36325889825820923,0.6172365546226501,-0.018281172960996628,0.3553064465522766,0.5922920107841492,-0.01540371123701334,0.4086049795150757,0.7628015875816345,-0.01196475513279438,0.37972116470336914,0.702194094657898,-0.01097180973738432,0.3666495978832245,0.6685011386871338,-0.004538077395409346,0.3620474636554718,0.6460017561912537,0.0014162739971652627
0.5893330574035645,0.8434606194496155,5.814047767671582e-07,0.6131479144096375,0.748540461063385,-0.04750080779194832,0.5955438017845154,0.6591982841491699,-0.07610528916120529,0.5533989071846008,0.5990692377090454,-0.0953342542052269,0.5017261505126953,0.5720697045326233,-0.11524835973978043,0.5188826322555542,0.6912925839424133,-0.09121984243392944,0.4394165277481079,0.6302666068077087,-0.12748947739601135,0.38835015892982483,0.5902895927429199,-0.1463206261396408,0.34921711683273315,0.5605175495147705,-0.15712139010429382,0.48336663842201233,0.7469495534896851,-0.08136902004480362,0.4037141799926758,0.6798120737075806,-0.11671379208564758,0.35154807567596436,0.6289133429527283,-0.13412880897521973,0.3119821548461914,0.5860653519630432,-0.14539778232574463,0.45968058705329895,0.7974550724029541,-0.07243861258029938,0.3877137303352356,0.7343500256538391,-0.09974037110805511,0.33881866931915283,0.6868468523025513,-0.11336386203765869,0.3024861812591553,0.6453234553337097,-0.1219257265329361,0.44587379693984985,0.8388304114341736,-0.06621450185775757,0.3893604278564453,0.7908630967140198,-0.08991380035877228,0.35056251287460327,0.7535288333892822,-0.10206805169582367,0.322421669960022,0.7193278670310974,-0.10909151285886765
0.6212947368621826,0.888228714466095,6.277911666074942e-07,0.639509916305542,0.7822439670562744,-0.03289929777383804,0.6198792457580566,0.6855671405792236,-0.05704447627067566,0.5799235105514526,0.6187735199928284,-0.07501515001058578,0.526364803314209,0.5924941897392273,-0.09550559520721436,0.540307343006134,0.7077717781066895,-0.0833701342344284,0.4530712962150574,0.6487395167350769,-0.1188371554017067,0.3983845114707947,0.6142246127128601,-0.1373494267463684,0.3529048264026642,0.5882764458656311,-0.1481998860836029,0.5102929472923279,0.770086944103241,-0.08356265723705292,0.41837194561958313,0.6996610760688782,-0.11959528177976608,0.354944109916687,0.654596209526062,-0.14095009863376617,0.3036826252937317,0.6180545091629028,-0.15502771735191345,0.49041059613227844,0.8343828320503235,-0.08297093212604523,0.4061232805252075,0.7647842168807983,-0.1130233108997345,0.3461405038833618,0.7199656963348389,-0.13379421830177307,0.2998090386390686,0.6817688941955566,-0.14680834114551544,0.47994014620780945,0.89368736743927,-0.0830385759472847,0.4143329858779907,0.8415461182594299,-0.11149211972951889,0.36848732829093933,0.8078901171684265,-0.128038689494133,0.33293285965919495,0.7782953381538391,-0.1374294012784958
0.6433931589126587,0.90651535987854,5.701804184354842e-07,0.6538863182067871,0.7968332767486572,-0.025677775964140892,0.6303203105926514,0.6903027296066284,-0.046575453132390976,0.5824069380760193,0.6148631572723389,-0.061208292841911316,0.5254899859428406,0.5813041925430298,-0.07860708236694336,0.5550321936607361,0.7112596035003662,-0.08137775212526321,0.4606471657752991,0.6430609226226807,-0.11235679686069489,0.4024304449558258,0.6094225645065308,-0.12746357917785645,0.3541838526725769,0.5851672887802124,-0.13603363931179047,0.523253858089447,0.7722769379615784,-0.08275961875915527,0.42115023732185364,0.6955885887145996,-0.11186987161636353,0.3546973466873169,0.6530192494392395,-0.12802466750144958,0.3045443594455719,0.619915246963501,-0.13962730765342712,0.4996644854545593,0.8377806544303894,-0.08206875622272491,0.4075181186199188,0.7620318531990051,-0.10684558004140854,0.34737110137939453,0.7147184014320374,-0.12459829449653625,0.3042183816432953,0.6766129732131958,-0.13701897859573364,0.48522186279296875,0.9027862548828125,-0.08103103935718536,0.4156639575958252,0.8461456298828125,-0.10586690902709961,0.3723648190498352,0.8117350935935974,-0.11955113708972931,0.33974096179008484,0.781244158744812,-0.1274498850107193
0.6490013003349304,0.9148687124252319,5.25232394466002e-07,0.6554960608482361,0.795465350151062,-0.016834214329719543,0.6310615539550781,0.682316780090332,-0.03442375734448433,0.5808432102203369,0.603914201259613,-0.046989310532808304,0.5233680009841919,0.5755021572113037,-0.06226649135351181,0.5591049790382385,0.7096011638641357,-0.07344532757997513,0.45951956510543823,0.6373488903045654,-0.10165160149335861,0.39922866225242615,0.6025646924972534,-0.11375949531793594,0.35218262672424316,0.5791795253753662,-0.11953128129243851,0.5268210768699646,0.7701908946037292,-0.07802917063236237,0.42109984159469604,0.6862746477127075,-0.10429850965738297,0.352948933839798,0.640561044216156,-0.11642494797706604,0.3043665885925293,0.60704106092453,-0.12484860420227051,0.5031949877738953,0.8351917862892151,-0.07991575449705124,0.4084664583206177,0.7519111037254333,-0.10106799751520157,0.34889018535614014,0.7011594772338867,-0.11349695920944214,0.3073829710483551,0.6601313948631287,-0.12230410426855087,0.4880695343017578,0.9029088020324707,-0.08084585517644882,0.4158457815647125,0.840781569480896,-0.10083810240030289,0.3725750148296356,0.8031132221221924,-0.10926833748817444,0.3384864330291748,0.7694321274757385,-0.11366763710975647
0.6479552984237671,0.9110937118530273,4.6736681724723894e-07,0.6535433530807495,0.7906971573829651,-0.016456544399261475,0.6301047205924988,0.6831425428390503,-0.03432079404592514,0.5827161073684692,0.6105375289916992,-0.047913141548633575,0.5275325179100037,0.5761817693710327,-0.06376282870769501,0.5532838702201843,0.7041376233100891,-0.06979336589574814,0.45774397253990173,0.6361099481582642,-0.09888450056314468,0.40020865201950073,0.6011836528778076,-0.11249300837516785,0.3553958833217621,0.5758310556411743,-0.11968895047903061,0.5215185284614563,0.7650057673454285,-0.07519159466028214,0.4204190969467163,0.6879212856292725,-0.10479160398244858,0.35472699999809265,0.6427643299102783,-0.1201370358467102,0.30720415711402893,0.6082960367202759,-0.13090085983276367,0.49959900975227356,0.8299030065536499,-0.07805003970861435,0.4089014530181885,0.7536676526069641,-0.10197636485099792,0.35048747062683105,0.7047514319419861,-0.11584510654211044,0.30899298191070557,0.6648048758506775,-0.12557534873485565,0.48687323927879333,0.8964706659317017,-0.08008664101362228,0.4160631000995636,0.8387436270713806,-0.10190365463495255,0.3744250535964966,0.8023143410682678,-0.11142510920763016,0.3413446545600891,0.77017742395401,-0.11670409142971039
0.6470168828964233,0.9136873483657837,5.039673283135926e-07,0.6539036631584167,0.7961567044258118,-0.0196424201130867,0.6307365894317627,0.6839568614959717,-0.03824755549430847,0.5803523659706116,0.6065331697463989,-0.051631614565849304,0.5211150050163269,0.5764790773391724,-0.06709801405668259,0.5606181621551514,0.7093366980552673,-0.0730537474155426,0.46290120482444763,0.6355238556861877,-0.1016748696565628,0.40351277589797974,0.5997397899627686,-0.11435138434171677,0.3577696979045868,0.5749750733375549,-0.12063959985971451,0.5259615778923035,0.7695438265800476,-0.07587889581918716,0.42186692357063293,0.688323974609375,-0.1025397926568985,0.35576289892196655,0.6423707008361816,-0.1148897334933281,0.3089240789413452,0.6088011860847473,-0.12353209406137466,0.4999653995037079,0.8326531648635864,-0.07655515521764755,0.40692684054374695,0.7548014521598816,-0.09745435416698456,0.3484710454940796,0.7038305997848511,-0.10951694846153259,0.30726587772369385,0.6628857851028442,-0.11832576245069504,0.4830915331840515,0.895835280418396,-0.07678151875734329,0.4137458801269531,0.8345748782157898,-0.09546041488647461,0.3728732466697693,0.7971861958503723,-0.10332586616277695,0.34144967794418335,0.7648627161979675,-0.10763868689537048
0.6085048913955688,0.8686044812202454,5.393296191869013e-07,0.6146950721740723,0.747652530670166,-0.012065286748111248,0.5914183855056763,0.6575409173965454,-0.020806632936000824,0.5437043905258179,0.596228837966919,-0.026595618575811386,0.49526870250701904,0.5637276768684387,-0.03233316168189049,0.5002637505531311,0.6596189141273499,-0.025078868493437767,0.41653937101364136,0.6041384935379028,-0.038102470338344574,0.36358433961868286,0.5763589143753052,-0.04665645584464073,0.3223358988761902,0.5570146441459656,-0.051198236644268036,0.4661053717136383,0.7117370963096619,-0.024669110774993896,0.38242775201797485,0.6481494903564453,-0.035207100212574005,0.32824695110321045,0.6106195449829102,-0.04266486316919327,0.289478063583374,0.5810497403144836,-0.04781316593289375,0.4430153965950012,0.7669474482536316,-0.024028964340686798,0.36743950843811035,0.7028012871742249,-0.03150273859500885,0.32107967138290405,0.6605626344680786,-0.037445973604917526,0.2887033522129059,0.6259629130363464,-0.04208407923579216,0.43135225772857666,0.8188890218734741,-0.02366466075181961,0.3709437847137451,0.7683396339416504,-0.02997831255197525,0.3347102701663971,0.7336174845695496,-0.030983133241534233,0.3079896569252014,0.7014874815940857,-0.030122416093945503
0.565845787525177,0.8336580991744995,3.9102170035221206e-07,0.5696956515312195,0.723404586315155,-0.0037219675723463297,0.5417704582214355,0.6354212760925293,-0.006412433460354805,0.4898854196071625,0.5766069889068604,-0.007289202883839607,0.44319039583206177,0.5714869499206543,-0.00792719330638647,0.45612722635269165,0.6495460271835327,-0.010376548394560814,0.38304102420806885,0.59529048204422,-0.01604219526052475,0.34858614206314087,0.5693137645721436,-0.0190572626888752,0.3275192081928253,0.5502467751502991,-0.019746489822864532,0.4266092777252197,0.6953482031822205,-0.0099189393222332,0.34911197423934937,0.6338626742362976,-0.01265382394194603,0.31421560049057007,0.6034456491470337,-0.014171191491186619,0.295391708612442,0.5815708637237549,-0.015286915004253387,0.40882790088653564,0.7426049709320068,-0.008691493421792984,0.33866173028945923,0.692267894744873,-0.008276362903416157,0.306662917137146,0.6635254621505737,-0.00775689072906971,0.2889866828918457,0.6424177885055542,-0.008714284747838974,0.4023051857948303,0.7883504033088684,-0.0074082775972783566,0.34689095616340637,0.7501379251480103,-0.004037709906697273,0.3209190368652344,0.7285796999931335,0.00047900990466587245,0.30483657121658325,0.7095474600791931,0.003798367455601692
0.5479418635368347,0.8256523013114929,1.123517776591143e-07,0.5379223823547363,0.7264165282249451,0.012744936160743237,0.5131438374519348,0.6627978682518005,0.019686512649059296,0.4817926287651062,0.6293736696243286,0.025120729580521584,0.4534834325313568,0.6276574730873108,0.030520053580403328,0.4241860806941986,0.6745118498802185,0.015431131236255169,0.3579164743423462,0.6505222916603088,0.019609423354268074,0.3293241262435913,0.6461027264595032,0.01978934556245804,0.3101181387901306,0.6446671485900879,0.019977740943431854,0.40471315383911133,0.7235324382781982,0.010641305707395077,0.3344883322715759,0.6936461925506592,0.01702672429382801,0.30544930696487427,0.6831669211387634,0.0174186322838068,0.28625890612602234,0.6756880283355713,0.015753472223877907,0.3973771929740906,0.7732586860656738,0.007051284424960613,0.33795616030693054,0.7480483055114746,0.01487178448587656,0.3105317950248718,0.7360159158706665,0.016399413347244263,0.29184550046920776,0.726891815662384,0.014707154594361782,0.40075117349624634,0.817206621170044,0.0044892276637256145,0.35432934761047363,0.798737108707428,0.014574325643479824,0.33191758394241333,0.789887011051178,0.02122190035879612,0.3153998553752899,0.7815159559249878,0.024691816419363022
0.5354017615318298,0.8195891380310059,1.9476220813885448e-07,0.5353556871414185,0.7266252636909485,0.00621643103659153,0.5156079530715942,0.6640087366104126,0.010683937929570675,0.4831172823905945,0.6336594820022583,0.014596221037209034,0.45153847336769104,0.6294131875038147,0.019095083698630333,0.43027815222740173,0.6831047534942627,0.009699802845716476,0.3700779676437378,0.6652942895889282,0.01252445112913847,0.3391476273536682,0.6598150134086609,0.012868840247392654,0.31561827659606934,0.656265914440155,0.013383498415350914,0.40883809328079224,0.7299518585205078,0.007203389890491962,0.3448719084262848,0.7036925554275513,0.011095407418906689,0.31186598539352417,0.6902284622192383,0.011640756390988827,0.28850334882736206,0.6796462535858154,0.011543304659426212,0.3991818130016327,0.7769448757171631,0.005332551430910826,0.34445494413375854,0.7584922313690186,0.01145457848906517,0.3154104948043823,0.7453750371932983,0.013106175698339939,0.2943134903907776,0.7324424386024475,0.01289865281432867,0.39872005581855774,0.8203533887863159,0.0038044897373765707,0.35429906845092773,0.8045052886009216,0.012784569524228573,0.3307687044143677,0.792251467704773,0.019341448321938515,0.31392037868499756,0.7788560390472412,0.023555167019367218
0.5301000475883484,0.827782154083252,2.610544242998003e-07,0.536064863204956,0.7358611822128296,-0.0035061249509453773,0.5131492018699646,0.6723014712333679,-0.002155918162316084,0.47551316022872925,0.6455245614051819,0.0009873248636722565,0.4445931017398834,0.644779622554779,0.0049011302180588245,0.4288371801376343,0.6946794986724854,-0.0012107755756005645,0.3706653118133545,0.674228310585022,-0.0003106232616119087,0.3414381444454193,0.6639061570167542,-0.0006879486027173698,0.32070276141166687,0.6570823192596436,-0.000990527682006359,0.40816450119018555,0.7407602667808533,-0.0005354308523237705,0.3456631004810333,0.7084243297576904,0.0006007026531733572,0.3114235997200012,0.689416766166687,-0.0006186952232383192,0.2890625596046448,0.6754865646362305,-0.0019455567235127091,0.3998109698295593,0.7850537300109863,0.00013774001854471862,0.34365689754486084,0.7569727301597595,0.0012925735209137201,0.3142760097980499,0.7364587187767029,-0.001365446369163692,0.29474371671676636,0.7191212773323059,-0.004065495915710926,0.4002724289894104,0.8265945315361023,0.0008535161032341421,0.3535047769546509,0.8046091794967651,0.00200675125233829,0.3281988203525543,0.7883257269859314,0.0025295105297118425,0.3099445700645447,0.7708749771118164,0.0030362270772457123
0.5315674543380737,0.8248640298843384,2.262547553755212e-07,0.5366371870040894,0.7346246242523193,-0.001426421687938273,0.5126485824584961,0.6720187067985535,0.00027580783353187144,0.4763813614845276,0.6427918076515198,0.0026184171438217163,0.4442497491836548,0.6444057822227478,0.004978769924491644,0.4302656948566437,0.6875244975090027,0.001812721136957407,0.37219056487083435,0.6719252467155457,0.0012614523293450475,0.34072765707969666,0.6634517312049866,-0.0013431297848001122,0.3168121576309204,0.6567309498786926,-0.0034693360794335604,0.4113389253616333,0.7333142757415771,5.226699431659654e-05,0.35033825039863586,0.7089428901672363,-2.8204169211676344e-05,0.3151565492153168,0.6938029527664185,-0.0037956302985548973,0.2894796133041382,0.681776762008667,-0.007266244385391474,0.40310409665107727,0.7802487015724182,-0.0018182204803451896,0.3470417559146881,0.7558001279830933,-0.0027099372819066048,0.3154691457748413,0.7367724776268005,-0.007241648621857166,0.29269498586654663,0.7203201055526733,-0.011054174043238163,0.40219101309776306,0.8245176076889038,-0.003541386453434825,0.3549647331237793,0.8027138710021973,-0.004323981236666441,0.3280857801437378,0.7865418195724487,-0.004844674374908209,0.3075706362724304,0.7695812582969666,-0.00498689990490675
0.5281161665916443,0.8212641477584839,2.5926337343662453e-07,0.5343561172485352,0.7297540307044983,0.0007414532010443509,0.5096277594566345,0.6725795865058899,0.004450192209333181,0.47610029578208923,0.6443126201629639,0.009185454808175564,0.45021677017211914,0.6488451361656189,0.014641429297626019,0.4283694624900818,0.6942243576049805,0.0025193076580762863,0.37234586477279663,0.674103319644928,0.00394778186455369,0.34112444519996643,0.6651536822319031,0.003919336944818497,0.3184715807437897,0.6599932909011841,0.003693188074976206,0.40813666582107544,0.739252507686615,0.00186791957821697,0.34665486216545105,0.7105196118354797,0.0018919692374765873,0.3132084608078003,0.6948808431625366,0.0010869372636079788,0.2910778522491455,0.684087336063385,0.0006666896515525877,0.39878568053245544,0.7840326428413391,0.0016403545159846544,0.3428162932395935,0.7577276229858398,0.00225333240814507,0.3137463629245758,0.7395451068878174,0.00037551322020590305,0.2940511107444763,0.7258026599884033,-0.0010929900454357266,0.39893344044685364,0.8249074816703796,0.0018466447945684195,0.35475894808769226,0.8011789917945862,0.0038911625742912292,0.330644816160202,0.7851206660270691,0.005484304390847683,0.31407448649406433,0.7695507407188416,0.006930387578904629
0.5339942574501038,0.8213270902633667,2.8886069003419834e-07,0.5392969846725464,0.7314070463180542,-0.0032174144871532917,0.5131927728652954,0.6745882034301758,-0.0019561343360692263,0.4776330888271332,0.6458194255828857,0.0003661202790681273,0.4470931887626648,0.648505687713623,0.0032277675345540047,0.42820873856544495,0.6921518445014954,0.0006600174820050597,0.37347331643104553,0.6732900142669678,0.0004975574556738138,0.3425414264202118,0.6650218367576599,-0.0016129340510815382,0.3192410171031952,0.6603384017944336,-0.0032346341758966446,0.40833133459091187,0.7379139065742493,0.000588361406698823,0.34976300597190857,0.7105801701545715,0.0007799571030773222,0.31513577699661255,0.695551872253418,-0.0011716773733496666,0.29069387912750244,0.685322642326355,-0.0027640729676932096,0.4006844162940979,0.7850114703178406,0.00029029094730503857,0.3479851484298706,0.7628122568130493,0.00045471705379895866,0.31859290599823,0.746465802192688,-0.0022313797380775213,0.298587441444397,0.7335475087165833,-0.004434035159647465,0.40252962708473206,0.8292955160140991,-0.00017888328875415027,0.36065560579299927,0.8067100048065186,0.0009931949898600578,0.336808979511261,0.7916663289070129,0.002009395742788911,0.3202965557575226,0.7765551805496216,0.003074485110118985
0.5361857414245605,0.8186317086219788,2.1108525061208638e-07,0.5424590110778809,0.7326496243476868,0.004358280450105667,0.5147299766540527,0.6749678254127502,0.010720709338784218,0.47883105278015137,0.6441708207130432,0.017293261364102364,0.4492585361003876,0.6389548778533936,0.02444215677678585,0.4310804605484009,0.6825892925262451,0.011044008657336235,0.37686392664909363,0.6708810925483704,0.01650397479534149,0.3450334370136261,0.6673436164855957,0.018203254789114,0.320533812046051,0.6657832264900208,0.018741006031632423,0.4110392928123474,0.7251185178756714,0.009455281309783459,0.3529464900493622,0.703607439994812,0.014106235466897488,0.3192172944545746,0.6922079920768738,0.015418830327689648,0.2930539846420288,0.6834772825241089,0.016161320731043816,0.4020545184612274,0.7713425755500793,0.008099030703306198,0.3516863286495209,0.7546209096908569,0.011788323521614075,0.3223074674606323,0.7428776025772095,0.011471244506537914,0.30019599199295044,0.7335915565490723,0.010923076421022415,0.402396559715271,0.8164679408073425,0.007090701721608639,0.36157822608947754,0.7967966794967651,0.012094607576727867,0.33797621726989746,0.7830142378807068,0.015098321251571178,0.32041826844215393,0.7694876790046692,0.017318852245807648
0.5498777031898499,0.8055995106697083,2.804520136123756e-07,0.5502586960792542,0.7271478772163391,-0.01581992208957672,0.5234531164169312,0.6569782495498657,-0.02234789729118347,0.49103477597236633,0.6214653849601746,-0.026954902336001396,0.46097835898399353,0.6261734962463379,-0.030325353145599365,0.43846940994262695,0.6797088980674744,-0.00522313779219985,0.39497971534729004,0.6480699777603149,-0.01576731912791729,0.3692440688610077,0.6261814832687378,-0.027084019035100937,0.3542673587799072,0.6122488379478455,-0.0341925173997879,0.4212285876274109,0.7188787460327148,-0.002534120576456189,0.37403514981269836,0.6903207898139954,-0.0097089484333992,0.34853366017341614,0.6656263470649719,-0.018752165138721466,0.33066630363464355,0.646188497543335,-0.025070087984204292,0.41253790259361267,0.7564917802810669,-0.0019823533948510885,0.36811530590057373,0.7277435660362244,-0.007348186802119017,0.34831368923187256,0.7039064764976501,-0.008685649372637272,0.3348010778427124,0.6847716569900513,-0.009255926124751568,0.41184014081954956,0.7883561253547668,-0.0033115434926003218,0.3718116879463196,0.7659928798675537,-0.005759784020483494,0.3519919216632843,0.748769223690033,-0.002999726915732026,0.3399242162704468,0.7334688305854797,-7.523581734858453e-05
0.5568904876708984,0.7849608659744263,2.1188253640502808e-07,0.5619710087776184,0.69197678565979,-0.014968032948672771,0.532920241355896,0.6164922714233398,-0.023320432752370834,0.49313220381736755,0.5791223049163818,-0.028133681043982506,0.4595569670200348,0.5868104696273804,-0.03358379751443863,0.46437790989875793,0.648503839969635,-0.03593854978680611,0.39815324544906616,0.6184756755828857,-0.04911591112613678,0.3606165051460266,0.5937936902046204,-0.057863086462020874,0.3342856764793396,0.577850878238678,-0.06359463930130005,0.4444292187690735,0.6985179781913757,-0.03167376667261124,0.3923126459121704,0.6612947583198547,-0.04351115599274635,0.40325164794921875,0.6461371779441833,-0.044783998280763626,0.4235827326774597,0.6481910943984985,-0.04513230547308922,0.434548944234848,0.7451109886169434,-0.026566414162516594,0.38909244537353516,0.7044805288314819,-0.035699181258678436,0.4032876789569855,0.6914129257202148,-0.030047010630369186,0.4248315989971161,0.6967244148254395,-0.025589624419808388,0.4301629364490509,0.7802163362503052,-0.022108543664216995,0.38961443305015564,0.7387954592704773,-0.02829141728579998,0.40085411071777344,0.7242646217346191,-0.022537991404533386,0.41894057393074036,0.7271655797958374,-0.017348943278193474
0.5779222846031189,0.8120601773262024,6.426503205148038e-07,0.5998669862747192,0.7108447551727295,-0.03607042878866196,0.5745003819465637,0.6306513547897339,-0.05405847728252411,0.5255771279335022,0.5774555206298828,-0.06307914853096008,0.47650426626205444,0.5505615472793579,-0.07164736092090607,0.49031516909599304,0.6437948346138,-0.05448532849550247,0.4208824038505554,0.592734158039093,-0.07150156795978546,0.3729364275932312,0.561299741268158,-0.08179982751607895,0.3373595178127289,0.5402153730392456,-0.08768976479768753,0.45973244309425354,0.696317732334137,-0.040261104702949524,0.3954210877418518,0.6348629593849182,-0.05391179770231247,0.35271167755126953,0.5941829681396484,-0.05941201373934746,0.3206803798675537,0.5630372762680054,-0.06242240220308304,0.4412567615509033,0.7434990406036377,-0.0264329444617033,0.3876809775829315,0.6795799732208252,-0.03335234522819519,0.3543221950531006,0.6353937387466431,-0.03254205361008644,0.33254656195640564,0.6025518774986267,-0.03214896097779274,0.43353521823883057,0.7831344604492188,-0.015347728505730629,0.3951449990272522,0.7220044732093811,-0.020978178828954697,0.3719085454940796,0.6844846606254578,-0.01891525462269783,0.35810309648513794,0.6551151871681213,-0.01580846682190895
0.5162029266357422,0.7801648378372192,3.598850071284687e-07,0.5303385257720947,0.7125599980354309,-0.024290161207318306,0.5133822560310364,0.657008707523346,-0.034723613411188126,0.48677289485931396,0.6301235556602478,-0.04143103212118149,0.4568142294883728,0.6239548325538635,-0.04790302738547325,0.4386120140552521,0.6713553667068481,-0.026364563032984734,0.39270466566085815,0.6551480889320374,-0.03936368599534035,0.3594895899295807,0.6470855474472046,-0.049373749643564224,0.3324072062969208,0.6428163051605225,-0.05638372525572777,0.42068490386009216,0.7122491002082825,-0.02187287248671055,0.37171417474746704,0.6928349733352661,-0.03354013338685036,0.3378809094429016,0.6784871816635132,-0.04312267154455185,0.31048470735549927,0.666215717792511,-0.0500415675342083,0.41109591722488403,0.7533302307128906,-0.01931157149374485,0.36404091119766235,0.7356691360473633,-0.030441587790846825,0.33401989936828613,0.7205524444580078,-0.038504134863615036,0.31012243032455444,0.7061792016029358,-0.04355504363775253,0.40820157527923584,0.792072594165802,-0.018683776259422302,0.36777928471565247,0.7766469120979309,-0.030513158068060875,0.3411986827850342,0.7642329931259155,-0.03711666166782379,0.3211340010166168,0.7504735589027405,-0.040430158376693726
0.4994041919708252,0.8345645070075989,3.960162757721264e-07,0.5132323503494263,0.7555388808250427,-0.02127237431704998,0.4930380880832672,0.6950231790542603,-0.027959762141108513,0.465377539396286,0.664573073387146,-0.030982866883277893,0.43583908677101135,0.6531813740730286,-0.033245999366045,0.4113711416721344,0.7147393226623535,-0.017591487616300583,0.3637792766094208,0.6940770149230957,-0.02577577903866768,0.33325713872909546,0.6835533380508423,-0.03270016238093376,0.3093774914741516,0.6759651303291321,-0.037673335522413254,0.3942681550979614,0.7578696608543396,-0.012925825081765652,0.34253066778182983,0.7340303659439087,-0.02051069587469101,0.3083372116088867,0.7164906859397888,-0.028700223192572594,0.282222181558609,0.7024787068367004,-0.03452320769429207,0.3878142237663269,0.7985206842422485,-0.010177849791944027,0.33759456872940063,0.774922251701355,-0.019148606806993484,0.3052944242954254,0.7569807171821594,-0.029079105705022812,0.2790546715259552,0.7406415939331055,-0.03514106571674347,0.38939547538757324,0.8342151045799255,-0.008970239199697971,0.34889909625053406,0.8140336871147156,-0.019430845975875854,0.32188814878463745,0.800438404083252,-0.02719217538833618,0.3007410168647766,0.7870936989784241,-0.031200485303997993
0.5017930269241333,0.84190833568573,3.606743348427699e-07,0.5132041573524475,0.7600288987159729,-0.013584950007498264,0.4950176179409027,0.6995065212249756,-0.01844123564660549,0.46282556653022766,0.6666975617408752,-0.021239863708615303,0.4314196705818176,0.6597251296043396,-0.02347063086926937,0.4128232002258301,0.7168737053871155,-0.008774640038609505,0.3636554479598999,0.6956508159637451,-0.01407434232532978,0.3321595788002014,0.6850911974906921,-0.019353989511728287,0.3083043098449707,0.6787441968917847,-0.0231546089053154,0.39185631275177,0.7571243047714233,-0.0067727230489254,0.3380035161972046,0.7284166216850281,-0.011934000067412853,0.3040800988674164,0.7107959985733032,-0.017748553305864334,0.2794831395149231,0.6974440217018127,-0.02180768921971321,0.3800327479839325,0.7997819781303406,-0.00602693110704422,0.32933759689331055,0.7720016837120056,-0.011414088308811188,0.29782605171203613,0.7516117095947266,-0.01788824237883091,0.275676965713501,0.7342967391014099,-0.022340325638651848,0.37535369396209717,0.8424714207649231,-0.006241952534765005,0.33496931195259094,0.8190836906433105,-0.012166080065071583,0.30941182374954224,0.8030838966369629,-0.0158438328653574,0.2913782000541687,0.7866324782371521,-0.017489740625023842
0.4959148168563843,0.8460888862609863,3.4293231010451564e-07,0.512310802936554,0.758033037185669,-0.00786781869828701,0.49213743209838867,0.6969540119171143,-0.00860474444925785,0.45959243178367615,0.6661883592605591,-0.008173651061952114,0.42991527915000916,0.6597529649734497,-0.006954079959541559,0.40387770533561707,0.7129769921302795,0.0015229727141559124,0.35347598791122437,0.6951396465301514,0.001724574132822454,0.32464224100112915,0.6856196522712708,0.000167373291333206,0.304608553647995,0.6799933314323425,-0.0009332267800346017,0.3835233747959137,0.7581204175949097,0.0031137773767113686,0.3284909427165985,0.7288680672645569,0.0036021952982991934,0.29707062244415283,0.7124943733215332,0.0018631970742717385,0.27441245317459106,0.7006087899208069,0.0006009897915646434,0.3735388517379761,0.8026078343391418,0.0035911446902900934,0.3236593008041382,0.7754516005516052,0.0027583721093833447,0.2956499457359314,0.7578960657119751,9.518894330540206e-06,0.2765222191810608,0.7453523278236389,-0.001770877162925899,0.3711501359939575,0.8452849984169006,0.0033865277655422688,0.3309701681137085,0.8212014436721802,0.003160827560350299,0.30889952182769775,0.805486261844635,0.003506084904074669,0.294480562210083,0.791172981262207,0.004339205101132393
0.5009216666221619,0.8497376441955566,2.9325209993658063e-07,0.5154533982276917,0.7592152953147888,-0.003975722938776016,0.49511992931365967,0.6959928274154663,-0.0008864759583957493,0.46131059527397156,0.6629956960678101,0.0028470628894865513,0.42926186323165894,0.6592828631401062,0.007640765979886055,0.4046594798564911,0.7097792029380798,0.012335387989878654,0.3571145534515381,0.6925864815711975,0.017626885324716568,0.32788753509521484,0.6831261515617371,0.01876969262957573,0.3073531985282898,0.6776545643806458,0.018933221697807312,0.3838720917701721,0.7527883648872375,0.013255339115858078,0.33141621947288513,0.7271987795829773,0.01794465072453022,0.2997853457927704,0.7120099067687988,0.018462812528014183,0.27522972226142883,0.6984708309173584,0.018663998693227768,0.3741762042045593,0.7968042492866516,0.012826421298086643,0.3260677754878998,0.7716615200042725,0.014398216269910336,0.2981334626674652,0.7527809143066406,0.012192908674478531,0.2775272727012634,0.7373080849647522,0.010653546079993248,0.37239089608192444,0.8412376046180725,0.011894498020410538,0.33278825879096985,0.8209318518638611,0.012912040576338768,0.3094750940799713,0.806244969367981,0.013220330700278282,0.29301708936691284,0.7919594645500183,0.013942769728600979
0.5190622806549072,0.8407705426216125,2.796312799091538e-07,0.5284383296966553,0.7591339349746704,-0.013582180254161358,0.512543261051178,0.688478410243988,-0.02019108273088932,0.48396873474121094,0.645244300365448,-0.024552974849939346,0.451002836227417,0.6288650035858154,-0.028277114033699036,0.43454429507255554,0.693641185760498,-0.012467993423342705,0.3816194534301758,0.6607099175453186,-0.021106518805027008,0.34932011365890503,0.6431897878646851,-0.02918129786849022,0.3248279094696045,0.6317179203033447,-0.03486081585288048,0.411271870136261,0.7327996492385864,-0.01093887910246849,0.35741448402404785,0.6969903111457825,-0.01879849284887314,0.32579827308654785,0.6747984886169434,-0.027154797688126564,0.30188891291618347,0.6592068672180176,-0.03319656476378441,0.3964959979057312,0.7750163078308105,-0.010276095941662788,0.3458406925201416,0.7436211705207825,-0.016799261793494225,0.31873512268066406,0.7206778526306152,-0.02061823010444641,0.29914748668670654,0.7023986577987671,-0.02329939976334572,0.38882169127464294,0.8172257542610168,-0.010634317062795162,0.3475600779056549,0.7929480671882629,-0.015975240617990494,0.32347819209098816,0.7760289907455444,-0.016205016523599625,0.30613306164741516,0.7600658535957336,-0.015296496450901031
0.5209505558013916,0.8377934098243713,3.803055506068631e-07,0.5406984090805054,0.7476376891136169,-0.011669454164803028,0.525476336479187,0.6767331957817078,-0.01679355464875698,0.49263930320739746,0.6298736333847046,-0.019618982449173927,0.45725998282432556,0.6093469858169556,-0.02202235348522663,0.4448826014995575,0.6774607300758362,-0.012734835036098957,0.3892447054386139,0.6394786238670349,-0.019485753029584885,0.35554322600364685,0.6170089840888977,-0.024511227384209633,0.33124521374702454,0.6013890504837036,-0.02752976305782795,0.4150597155094147,0.7169126272201538,-0.011123929172754288,0.3571969270706177,0.6715712547302246,-0.01661226712167263,0.32287323474884033,0.6447185277938843,-0.02178725227713585,0.2993433475494385,0.6237564086914062,-0.02535461075603962,0.39465925097465515,0.7624806761741638,-0.010094978846609592,0.34167903661727905,0.7196939587593079,-0.0146224619820714,0.3105655312538147,0.6911505460739136,-0.01949961669743061,0.28959059715270996,0.6676426529884338,-0.02316449023783207,0.38282862305641174,0.8090786337852478,-0.00960265938192606,0.3405727446079254,0.772672176361084,-0.014147303067147732,0.31436556577682495,0.7498094439506531,-0.015956012532114983,0.2952066659927368,0.7279122471809387,-0.016244007274508476
0.5069839954376221,0.862407922744751,3.36729868877228e-07,0.5296536087989807,0.7806605696678162,-0.016378454864025116,0.5138221979141235,0.7117627859115601,-0.021106669679284096,0.4837101697921753,0.667033314704895,-0.02256159298121929,0.4532783031463623,0.640489935874939,-0.023306954652071,0.4287939667701721,0.7138205170631409,-0.014417635276913643,0.37815728783607483,0.6780290603637695,-0.020665349438786507,0.3428298532962799,0.6589833498001099,-0.02657846361398697,0.3152100741863251,0.6474732160568237,-0.030933154746890068,0.4005187451839447,0.7558707594871521,-0.010196770541369915,0.3442351222038269,0.717075526714325,-0.016999833285808563,0.3080596327781677,0.6935759782791138,-0.023464201018214226,0.2811390161514282,0.6778573393821716,-0.027763724327087402,0.3829052746295929,0.800871729850769,-0.006833354476839304,0.3313899338245392,0.7632161378860474,-0.013573025353252888,0.29980742931365967,0.73895663022995,-0.01856374554336071,0.27596738934516907,0.7212222814559937,-0.021208666265010834,0.37619173526763916,0.845281720161438,-0.004452099557965994,0.3362540006637573,0.8102247714996338,-0.01037475373595953,0.3112495541572571,0.7886195182800293,-0.012194027192890644,0.2936326861381531,0.7699989676475525,-0.0119198402389884
0.5171443223953247,0.8805940747261047,2.940668366591126e-07,0.5326658487319946,0.7906160354614258,-0.00749068520963192,0.5152201056480408,0.7238165736198425,-0.008144348859786987,0.4839242994785309,0.6821418404579163,-0.006524622905999422,0.45207977294921875,0.6670936942100525,-0.003951181657612324,0.428745299577713,0.7306370735168457,-0.002469343598932028,0.3740454316139221,0.6972066164016724,-0.0019039710750803351,0.34350255131721497,0.6824768781661987,-0.003455535974353552,0.32033437490463257,0.6743336915969849,-0.0047859009355306625,0.40487587451934814,0.7738018035888672,-6.496574496850371e-05,0.3496088981628418,0.7319636940956116,0.0011875060154125094,0.3169701099395752,0.7105799913406372,-0.001273017842322588,0.29399049282073975,0.6968533992767334,-0.003675456391647458,0.3914563059806824,0.8180462718009949,0.0019549778662621975,0.3404970169067383,0.7764145135879517,0.0029889161232858896,0.3124317526817322,0.7522417902946472,-0.0006597833707928658,0.2926281690597534,0.735048770904541,-0.003996808081865311,0.3862623870372772,0.8600999116897583,0.0036143078468739986,0.3456323742866516,0.8241735696792603,0.004082185681909323,0.3224102556705475,0.8036904335021973,0.003898993832990527,0.30650120973587036,0.7857416272163391,0.0041668470948934555
0.5157773494720459,0.876518726348877,3.0214692969821044e-07,0.5315495729446411,0.783313512802124,-0.0017122821882367134,0.5129779577255249,0.7203766107559204,0.0014094553189352155,0.4815616011619568,0.6834966540336609,0.005300133489072323,0.4513566493988037,0.6731687784194946,0.009855741634964943,0.4257647395133972,0.7263122797012329,0.007279794197529554,0.37195852398872375,0.6976978182792664,0.01177435927093029,0.341902494430542,0.6842405200004578,0.012396237812936306,0.31927594542503357,0.6769636273384094,0.01214619167149067,0.401994526386261,0.7691977024078369,0.007211905438452959,0.3461049497127533,0.7314214706420898,0.011717943474650383,0.313090443611145,0.7106515169143677,0.010514907538890839,0.2897321879863739,0.6963463425636292,0.008740423247218132,0.3895990550518036,0.8136802315711975,0.006832341197878122,0.3392501473426819,0.7794699668884277,0.009782801382243633,0.3115638792514801,0.756160318851471,0.006151361390948296,0.29216569662094116,0.7388233542442322,0.0025504655204713345,0.38518890738487244,0.8567615151405334,0.006434864364564419,0.34402215480804443,0.828841507434845,0.007979746907949448,0.3204701542854309,0.8105371594429016,0.0076994141563773155,0.30387791991233826,0.7930581569671631,0.007563144434243441
0.5137511491775513,0.8739644885063171,2.5715306151141704e-07,0.530371904373169,0.785241425037384,-0.003058347385376692,0.5144703984260559,0.7206642627716064,-0.0012122155167162418,0.4826156497001648,0.6846774220466614,0.0015198936453089118,0.45192864537239075,0.6740208268165588,0.004843335598707199,0.424345999956131,0.7230983972549438,0.0046970476396381855,0.37022238969802856,0.6973069906234741,0.006492654327303171,0.34023889899253845,0.6844597458839417,0.005269133485853672,0.3174893856048584,0.6759911775588989,0.00405131233856082,0.40118876099586487,0.7635404467582703,0.0050230324268341064,0.3457270562648773,0.730121374130249,0.007527691777795553,0.31389814615249634,0.710758626461029,0.005371115170419216,0.29120445251464844,0.6965246200561523,0.0030688541010022163,0.3891284167766571,0.8077542781829834,0.004914566408842802,0.33916646242141724,0.7763725519180298,0.0064645432867109776,0.3116719126701355,0.7548262476921082,0.002938058925792575,0.2932218015193939,0.7388325929641724,-0.00031250211759470403,0.38483020663261414,0.8514708280563354,0.004678657744079828,0.3450888991355896,0.825542688369751,0.00641714408993721,0.32291147112846375,0.808576226234436,0.006923731416463852,0.3081596791744232,0.7934613227844238,0.007399681955575943
0.5166829228401184,0.8751752972602844,2.38703023569542e-07,0.533708393573761,0.7857593894004822,-0.00022853637346997857,0.5149061679840088,0.7215738296508789,0.003540480276569724,0.4834738075733185,0.6845352649688721,0.0076172430999577045,0.45365867018699646,0.6749554872512817,0.012147672474384308,0.4235207438468933,0.7230363488197327,0.008723787032067776,0.3699907064437866,0.6983988285064697,0.012467345222830772,0.3397877812385559,0.6853089332580566,0.01258645486086607,0.3173829913139343,0.6770392656326294,0.012151382863521576,0.39973241090774536,0.7629209160804749,0.008040394634008408,0.34480124711990356,0.7304555177688599,0.013129625469446182,0.3131585717201233,0.711449384689331,0.012865914031863213,0.29121267795562744,0.6963484883308411,0.011768214404582977,0.3868734538555145,0.8062099814414978,0.006936136167496443,0.33741527795791626,0.7755408883094788,0.010863494127988815,0.3099699914455414,0.7542416453361511,0.0082106227055192,0.2909957766532898,0.7370110750198364,0.0051610395312309265,0.3824344575405121,0.8503025770187378,0.005749797448515892,0.3429069519042969,0.8251933455467224,0.009202338755130768,0.3206958472728729,0.8081727027893066,0.009980911388993263,0.305288165807724,0.791738748550415,0.010362597182393074
0.514939546585083,0.8746743202209473,2.485901404725155e-07,0.5342816710472107,0.7861546277999878,-0.0012083755573257804,0.5154995918273926,0.7209155559539795,0.0025643836706876755,0.48195916414260864,0.683698296546936,0.00773536367341876,0.45091333985328674,0.6788397431373596,0.014520926401019096,0.42623889446258545,0.72467041015625,0.007140812464058399,0.3717283010482788,0.6990966200828552,0.01177620142698288,0.3417015075683594,0.6862500905990601,0.014088579453527927,0.3214114010334015,0.678895115852356,0.01587180607020855,0.40203332901000977,0.7661343812942505,0.009570138528943062,0.3433685898780823,0.7332884073257446,0.013986003585159779,0.3133139908313751,0.7149771451950073,0.016197018325328827,0.2919478416442871,0.700614869594574,0.017960503697395325,0.38878053426742554,0.8093410730361938,0.011824843473732471,0.3381052613258362,0.7817279100418091,0.016313228756189346,0.311696857213974,0.7618141770362854,0.017111126333475113,0.29444998502731323,0.7467993497848511,0.01744050160050392,0.38554853200912476,0.8491074442863464,0.01397322490811348,0.34798866510391235,0.8259560465812683,0.021587075665593147,0.3262758255004883,0.8098284006118774,0.025821838527917862,0.31273338198661804,0.7965733408927917,0.028810104355216026
0.5201173424720764,0.8709132075309753,2.324204189108059e-07,0.5355734825134277,0.7807797789573669,-0.0037764147855341434,0.515061616897583,0.7159416079521179,-0.0019616256467998028,0.48281005024909973,0.6809805035591125,0.0010880532208830118,0.45179998874664307,0.6749016046524048,0.004624508786946535,0.4259667694568634,0.7201817035675049,0.0014205494662746787,0.3733539581298828,0.6941455006599426,0.0027392366901040077,0.34396490454673767,0.6811401844024658,0.0011687439400702715,0.3205190896987915,0.672075629234314,-0.0008800206705927849,0.40368974208831787,0.7638701796531677,0.0013488559052348137,0.3491605520248413,0.7321531176567078,0.00237648724578321,0.3170642852783203,0.7130150198936462,-0.00042632751865312457,0.29298093914985657,0.6995598673820496,-0.0034084785729646683,0.3937903940677643,0.8098349571228027,0.0009301140089519322,0.34246206283569336,0.78050297498703,0.00037433035322465,0.3134225010871887,0.7585318684577942,-0.004017284605652094,0.2918563485145569,0.7412163615226746,-0.007702548988163471,0.39315709471702576,0.8533133268356323,0.0004203217395115644,0.34955406188964844,0.8286542892456055,-0.0003610433195717633,0.32431238889694214,0.8094914555549622,-0.0015712907770648599,0.3061865270137787,0.7906191349029541,-0.0023217236157506704
0.5173367261886597,0.8556846976280212,3.7490121940209065e-07,0.533781111240387,0.7673981189727783,-0.004718209616839886,0.5171147584915161,0.7008154988288879,-0.007218964397907257,0.4868265390396118,0.6596592664718628,-0.00827497337013483,0.4591040313243866,0.6407387852668762,-0.009102348238229752,0.43621453642845154,0.7003732919692993,-0.007605769671499729,0.38352668285369873,0.6635061502456665,-0.011567477136850357,0.3534870445728302,0.6433848738670349,-0.015658263117074966,0.33179524540901184,0.6298043727874756,-0.01829426921904087,0.40657275915145874,0.7415444850921631,-0.00793471559882164,0.35117602348327637,0.6950072050094604,-0.010663039050996304,0.3223346769809723,0.6664067506790161,-0.01406039297580719,0.3036031424999237,0.6440793871879578,-0.016149915754795074,0.3879024386405945,0.7875045537948608,-0.007949096150696278,0.33477783203125,0.7467984557151794,-0.008801276795566082,0.30891314148902893,0.7163791060447693,-0.010212537832558155,0.2934012711048126,0.691251814365387,-0.011709238402545452,0.38069435954093933,0.833297848701477,-0.008054998703300953,0.339430034160614,0.7995182275772095,-0.008022994734346867,0.31663697957992554,0.7759011387825012,-0.005571331363171339,0.3016014099121094,0.7532251477241516,-0.0029114829376339912
0.5359240174293518,0.9051305651664734,4.716765147350088e-07,0.560165524482727,0.8290560841560364,-0.03623851761221886,0.5441949367523193,0.7433292865753174,-0.05063595995306969,0.5090279579162598,0.6837649941444397,-0.057799965143203735,0.4672561287879944,0.6492925882339478,-0.06310233473777771,0.46382936835289,0.7390760183334351,-0.04320526495575905,0.40460553765296936,0.679819643497467,-0.056322600692510605,0.36395272612571716,0.6484394669532776,-0.06252945959568024,0.3373478055000305,0.6321426630020142,-0.06540486216545105,0.4319893717765808,0.7851739525794983,-0.030380986630916595,0.3724668622016907,0.7288339734077454,-0.03977179154753685,0.34536898136138916,0.6967345476150513,-0.04186305031180382,0.3280482590198517,0.6766577363014221,-0.04342576488852501,0.4128071665763855,0.8326377868652344,-0.019642749801278114,0.37125226855278015,0.7791460752487183,-0.029789211228489876,0.3830553889274597,0.7659769058227539,-0.02710001729428768,0.40169888734817505,0.7705564498901367,-0.02321496233344078,0.40177834033966064,0.8758417963981628,-0.011721106246113777,0.3701492249965668,0.8287798762321472,-0.02074209786951542,0.3793245851993561,0.8151281476020813,-0.01795472577214241,0.3977791965007782,0.8198965191841125,-0.013315490446984768
0.4996475279331207,0.8356237411499023,3.2884804568311665e-07,0.48852017521858215,0.7817885875701904,-0.002625365275889635,0.44937872886657715,0.7440558671951294,-0.006170445121824741,0.4135420024394989,0.7357798218727112,-0.009529074653983116,0.3849070370197296,0.7349574565887451,-0.014197075739502907,0.4434621334075928,0.731733500957489,-0.01905629225075245,0.39377859234809875,0.7026694416999817,-0.03086942248046398,0.35987597703933716,0.687254786491394,-0.03727123513817787,0.33208855986595154,0.6784837245941162,-0.041010674089193344,0.4298746585845947,0.7670003175735474,-0.02422369457781315,0.3778994679450989,0.735806405544281,-0.03547637164592743,0.34181785583496094,0.717275857925415,-0.042781978845596313,0.31229302287101746,0.7036497592926025,-0.04751743748784065,0.4181494116783142,0.8062853217124939,-0.02863929606974125,0.36692485213279724,0.7754800319671631,-0.03699800372123718,0.3344097137451172,0.7542665004730225,-0.041933853179216385,0.30802497267723083,0.7366020679473877,-0.0450408011674881,0.4087739884853363,0.8455408811569214,-0.032634932547807693,0.36775219440460205,0.8197655081748962,-0.04003855213522911,0.34074166417121887,0.7988177537918091,-0.04263678565621376,0.3184988796710968,0.7789888978004456,-0.04360904544591904
0.523040771484375,0.8307257890701294,3.030035600204428e-07,0.522225022315979,0.7615567445755005,-0.005455124657601118,0.4888186454772949,0.713599443435669,-0.005679021123796701,0.4529346525669098,0.6985285878181458,-0.005244627129286528,0.422616183757782,0.697596549987793,-0.005420575849711895,0.4478837847709656,0.7206000089645386,-0.00819761399179697,0.39976295828819275,0.6987496614456177,-0.01486210897564888,0.36573025584220886,0.6856428980827332,-0.01981714554131031,0.3385913670063019,0.677534282207489,-0.023454954847693443,0.4300042688846588,0.7590343356132507,-0.010312411934137344,0.3761802017688751,0.7324451804161072,-0.01673131249845028,0.33973658084869385,0.7135559916496277,-0.022976167500019073,0.31177380681037903,0.6977570652961731,-0.027560872957110405,0.4169571101665497,0.8013922572135925,-0.012751025147736073,0.3664352297782898,0.7737383842468262,-0.020041996613144875,0.33396777510643005,0.7531113624572754,-0.027178913354873657,0.3093026280403137,0.7354528307914734,-0.03169720619916916,0.4092613756656647,0.8442212343215942,-0.015123659744858742,0.3682684898376465,0.8180384039878845,-0.023730959743261337,0.34160637855529785,0.7993665337562561,-0.028854764997959137,0.3206733465194702,0.7820136547088623,-0.03143974393606186
0.5255743265151978,0.8503541946411133,3.220656594749016e-07,0.5463083982467651,0.7745203971862793,-0.010162287391722202,0.5279822945594788,0.7127407193183899,-0.012081841006875038,0.4967811405658722,0.682104766368866,-0.011818692088127136,0.46759232878685,0.6801241636276245,-0.011299766600131989,0.4474738538265228,0.7163844108581543,-0.011247143149375916,0.3954938054084778,0.6960179209709167,-0.015059399418532848,0.36526304483413696,0.6840146780014038,-0.018153376877307892,0.3418436050415039,0.674227237701416,-0.020352032035589218,0.4265914261341095,0.7555001378059387,-0.00996540766209364,0.37076085805892944,0.7257413864135742,-0.01388277392834425,0.3356253504753113,0.7067980170249939,-0.017820192500948906,0.31052833795547485,0.6923023462295532,-0.0205660592764616,0.41428661346435547,0.7978776097297668,-0.009209607727825642,0.36301690340042114,0.7669881582260132,-0.014099634252488613,0.33065730333328247,0.7461445331573486,-0.019974637776613235,0.30764028429985046,0.7292279601097107,-0.023355381563305855,0.4083808958530426,0.8410817384719849,-0.008956579491496086,0.3654162585735321,0.8134823441505432,-0.013110820204019547,0.33945098519325256,0.7949488759040833,-0.015955490991473198,0.32097139954566956,0.7771430015563965,-0.017108405008912086
0.541736364364624,0.8417595028877258,2.491378552349488e-07,0.5516899228096008,0.7645191550254822,-0.007724950090050697,0.5276276469230652,0.7028782963752747,-0.008792386390268803,0.4934328496456146,0.6756327152252197,-0.00884932279586792,0.4623928964138031,0.6783828139305115,-0.008973455056548119,0.44659748673439026,0.7102789878845215,-0.003460643347352743,0.3968917429447174,0.6938233375549316,-0.006557990796864033,0.3662695288658142,0.6833099126815796,-0.010825986042618752,0.34247663617134094,0.674569845199585,-0.014261703938245773,0.42720553278923035,0.7499945759773254,-0.00427219457924366,0.3716924786567688,0.7246502637863159,-0.007050175219774246,0.33700528740882874,0.707241415977478,-0.011536145582795143,0.31095564365386963,0.6931028366088867,-0.015104277990758419,0.4166548550128937,0.7938076853752136,-0.005992180202156305,0.36555808782577515,0.7668700218200684,-0.01048695296049118,0.33425912261009216,0.7470220327377319,-0.016545938327908516,0.3111759424209595,0.7303353548049927,-0.020578498020768166,0.4125252366065979,0.8389532566070557,-0.00817626528441906,0.3698920011520386,0.8117027878761292,-0.012910504825413227,0.3444388210773468,0.7938698530197144,-0.01579252816736698,0.32649487257003784,0.7774661779403687,-0.01718708872795105
0.5465943813323975,0.8473631739616394,2.432980465982837e-07,0.5522995591163635,0.7642921209335327,-0.002374850446358323,0.5253126621246338,0.7046689987182617,-0.0014323773793876171,0.49007293581962585,0.6793079972267151,-3.425799877732061e-05,0.46044230461120605,0.6795547008514404,0.0007892071735113859,0.4474577009677887,0.7150071859359741,-0.0026333709247410297,0.3928949236869812,0.695245087146759,-0.004413145128637552,0.36289286613464355,0.6839295029640198,-0.0068090190179646015,0.33937233686447144,0.6756675243377686,-0.009003790095448494,0.43017059564590454,0.7560281753540039,-0.005368114914745092,0.37111762166023254,0.7267093062400818,-0.007991461083292961,0.33548250794410706,0.7079589366912842,-0.012384525500237942,0.3087282180786133,0.6945921182632446,-0.016009947285056114,0.4219494163990021,0.8005269765853882,-0.00812243577092886,0.36671826243400574,0.770794153213501,-0.012051516212522984,0.33350226283073425,0.7491655349731445,-0.0185957420617342,0.30914008617401123,0.7317010164260864,-0.023348243907094002,0.4200568199157715,0.8455028533935547,-0.010562212206423283,0.3723238706588745,0.8201714158058167,-0.015219484455883503,0.3445744812488556,0.8017789125442505,-0.018578514456748962,0.32435721158981323,0.7834787368774414,-0.02047114633023739
0.5421104431152344,0.8485261797904968,2.2429287582781399e-07,0.548660159111023,0.7639324069023132,-0.0023796656168997288,0.5233500003814697,0.7046526074409485,-0.0014125615125522017,0.48868128657341003,0.679643452167511,-0.0005077245295979083,0.45902004837989807,0.6807201504707336,0.0006306577124632895,0.4448835551738739,0.7117910981178284,0.003693507518619299,0.39054661989212036,0.6930296421051025,0.002015624428167939,0.3600861430168152,0.6827101707458496,-0.0010361018357798457,0.33721601963043213,0.675674319267273,-0.0031838342547416687,0.42467159032821655,0.7510273456573486,0.0015381553675979376,0.3681640625,0.7246029376983643,0.0010713209630921483,0.33501970767974854,0.7100558876991272,-0.0018382410053163767,0.31121957302093506,0.6990976929664612,-0.004174274858087301,0.41328081488609314,0.7935184836387634,-0.0013422552729025483,0.3612367510795593,0.7652310729026794,-0.00224296934902668,0.33038029074668884,0.7472087144851685,-0.006065984256565571,0.3079272210597992,0.7326818704605103,-0.00920115876942873,0.40882429480552673,0.8365581035614014,-0.00448488537222147,0.3657968044281006,0.8102176189422607,-0.005929274950176477,0.3407895267009735,0.7934877872467041,-0.006718728691339493,0.32156217098236084,0.7781453132629395,-0.006760917138308287
0.5452475547790527,0.8513046503067017,2.4257877839772846e-07,0.5535649061203003,0.7646611332893372,-0.005135627463459969,0.5273575186729431,0.7030208706855774,-0.005176919978111982,0.49242138862609863,0.6740531325340271,-0.004151409491896629,0.462461918592453,0.6742771863937378,-0.003259246004745364,0.4488578140735626,0.7155400514602661,-0.006686185486614704,0.3923589587211609,0.6929194331169128,-0.010100331157445908,0.36039289832115173,0.6802573204040527,-0.013361928053200245,0.3350168466567993,0.6710662245750427,-0.01613408513367176,0.4296303689479828,0.7578186988830566,-0.007964111864566803,0.3691767454147339,0.7292901277542114,-0.012081697583198547,0.33235815167427063,0.7111817598342896,-0.016871532425284386,0.30437445640563965,0.6972704529762268,-0.02088632993400097,0.4204265773296356,0.8014270663261414,-0.009366458281874657,0.3645862936973572,0.7726244926452637,-0.013757471926510334,0.33133167028427124,0.7523319721221924,-0.01979084685444832,0.30646711587905884,0.7353391051292419,-0.024317044764757156,0.41814476251602173,0.842359721660614,-0.010829265229403973,0.37198972702026367,0.8157885670661926,-0.015317294746637344,0.34451529383659363,0.796116828918457,-0.01862773299217224,0.32426369190216064,0.7766978144645691,-0.02061302214860916
0.5394685864448547,0.8356342315673828,4.3473158939377754e-07,0.5444731116294861,0.7495895624160767,-0.014350345358252525,0.5137090086936951,0.6795310974121094,-0.01898798905313015,0.47877395153045654,0.6458367109298706,-0.021525153890252113,0.4524800479412079,0.6309497356414795,-0.02349831350147724,0.43347227573394775,0.6976644992828369,-0.009907668456435204,0.3825157880783081,0.6659331321716309,-0.01964341290295124,0.350289523601532,0.6407994031906128,-0.029044706374406815,0.3287368416786194,0.6196949481964111,-0.0351269505918026,0.41427546739578247,0.7378270030021667,-0.007380087859928608,0.3621973395347595,0.7011770606040955,-0.014815197326242924,0.3313292860984802,0.6719766855239868,-0.023119933903217316,0.30968189239501953,0.6456014513969421,-0.028714941814541817,0.40450283885002136,0.7773511409759521,-0.005907034035772085,0.35663002729415894,0.7406078577041626,-0.011666016653180122,0.32943248748779297,0.7128728628158569,-0.014813066460192204,0.3110628128051758,0.6890558004379272,-0.016605574637651443,0.4033312201499939,0.8156176805496216,-0.00577984843403101,0.3655620813369751,0.7847176194190979,-0.009340000338852406,0.343778133392334,0.7622116208076477,-0.007859896868467331,0.32966816425323486,0.7424451112747192,-0.005490322131663561
0.516768217086792,0.8376834988594055,3.635230712006887e-07,0.5317862033843994,0.7727634310722351,-0.01439475268125534,0.511489748954773,0.7197059392929077,-0.018596218898892403,0.48461800813674927,0.694875955581665,-0.020752931013703346,0.45890817046165466,0.6846364736557007,-0.02286897972226143,0.43735113739967346,0.7260690927505493,-0.012719966471195221,0.39062872529029846,0.7028695940971375,-0.019716458395123482,0.360208660364151,0.6890923380851746,-0.02561800740659237,0.3371564447879791,0.6794065833091736,-0.030010731890797615,0.41862595081329346,0.7647751569747925,-0.011944900266826153,0.36481690406799316,0.7348144054412842,-0.019173821434378624,0.3303896188735962,0.7134225964546204,-0.026579704135656357,0.3053834140300751,0.6966593861579895,-0.03162407875061035,0.4086763560771942,0.8055245876312256,-0.012515640817582607,0.3573288321495056,0.7769558429718018,-0.021740881726145744,0.32674145698547363,0.7556833624839783,-0.030125757679343224,0.3041752576828003,0.7364195585250854,-0.03480756655335426,0.40565553307533264,0.8468031883239746,-0.013885694555938244,0.3636470139026642,0.8221220374107361,-0.024205729365348816,0.33760881423950195,0.8032445311546326,-0.030367068946361542,0.31839728355407715,0.7831711769104004,-0.03328912705183029
0.5255304574966431,0.8503513336181641,2.796839737584378e-07,0.5451377034187317,0.7767513394355774,-0.007271137088537216,0.5227143168449402,0.718472421169281,-0.007431348320096731,0.48962292075157166,0.6901348233222961,-0.006249495316296816,0.46119722723960876,0.6931760907173157,-0.004864355083554983,0.44085440039634705,0.7176874876022339,-0.0038073991890996695,0.3931218087673187,0.6987026333808899,-0.006297441199421883,0.3634273111820221,0.6885560154914856,-0.009610067121684551,0.3405061364173889,0.6823281645774841,-0.012210198678076267,0.41912826895713806,0.756159245967865,-0.003948321100324392,0.3675159811973572,0.72530198097229,-0.005708183161914349,0.3341236114501953,0.707227349281311,-0.008894816972315311,0.30863696336746216,0.6940144300460815,-0.011478555388748646,0.4064972400665283,0.7986229658126831,-0.004853144288063049,0.358620285987854,0.7669978141784668,-0.007523130159825087,0.3287036418914795,0.7455779910087585,-0.012149888090789318,0.3071846067905426,0.7283754944801331,-0.01544272806495428,0.40034839510917664,0.8440350890159607,-0.006294846534729004,0.36038175225257874,0.8196105360984802,-0.008749246597290039,0.3364028334617615,0.8021054267883301,-0.010254318825900555,0.3196662366390228,0.7845770716667175,-0.010919792577624321
0.5324889421463013,0.8596019148826599,2.35836481010665e-07,0.5482009053230286,0.7764345407485962,-0.005967657081782818,0.5239638686180115,0.7167060971260071,-0.004673785995692015,0.4895208477973938,0.6905099153518677,-0.001924947602674365,0.46013566851615906,0.6888388395309448,0.001298520597629249,0.444192498922348,0.7182523608207703,-0.0018154626013711095,0.39175188541412354,0.6962392330169678,-0.0022301021963357925,0.3614511489868164,0.6837326884269714,-0.003950346726924181,0.33792468905448914,0.6753616333007812,-0.005897877737879753,0.4221517741680145,0.7576466202735901,-0.0016020374605432153,0.36657023429870605,0.7273556590080261,-0.003230224596336484,0.3327523171901703,0.7085461616516113,-0.0066284905187785625,0.3079300820827484,0.6950998902320862,-0.00936906412243843,0.41041919589042664,0.7992105484008789,-0.0019699211698025465,0.3586299419403076,0.766868531703949,-0.004878486040979624,0.3278177082538605,0.7447834014892578,-0.010968441143631935,0.3048763871192932,0.7276273965835571,-0.015273344703018665,0.40629175305366516,0.8401948809623718,-0.0025191560853272676,0.363013356924057,0.814384937286377,-0.005929379258304834,0.3371613621711731,0.7966104745864868,-0.009395254775881767,0.3182787001132965,0.7798300385475159,-0.011367403902113438
0.5362551212310791,0.8536779880523682,2.077930787436344e-07,0.5483981370925903,0.7706338763237,-0.0005204316112212837,0.5221882462501526,0.7115216255187988,0.0026246977504342794,0.48841553926467896,0.6857141256332397,0.005586040206253529,0.4597613215446472,0.6879692077636719,0.008487865328788757,0.44023314118385315,0.7079031467437744,0.0070986635982990265,0.3915669918060303,0.6880989074707031,0.008162563666701317,0.3634229004383087,0.6781879663467407,0.005847428925335407,0.34128427505493164,0.6719334721565247,0.0032477432396262884,0.41842028498649597,0.7461453676223755,0.004247763659805059,0.36521029472351074,0.717112123966217,0.0057836612686514854,0.33295509219169617,0.700141966342926,0.0028280860278755426,0.3086795210838318,0.6879118084907532,-0.00023774777946528047,0.4069238603115082,0.789175808429718,0.0008279714384116232,0.35763466358184814,0.757716953754425,0.0003697870997712016,0.3284147083759308,0.7372021675109863,-0.004514914471656084,0.3065197467803955,0.7219088673591614,-0.00873749889433384,0.4035823941230774,0.8340184688568115,-0.002558848587796092,0.3633582592010498,0.8076574802398682,-0.003979330416768789,0.3391977846622467,0.7899021506309509,-0.005582463461905718,0.3205678164958954,0.7740481495857239,-0.006683029234409332
0.5409145951271057,0.8535666465759277,1.9224410152673954e-07,0.5519274473190308,0.7681440114974976,0.0006452741217799485,0.5249582529067993,0.7080099582672119,0.004999509546905756,0.48855066299438477,0.6823927164077759,0.009435540065169334,0.45940330624580383,0.6866253614425659,0.013656537979841232,0.4426698684692383,0.7080513834953308,0.007699322421103716,0.3901265263557434,0.6882776021957397,0.009769276715815067,0.35969462990760803,0.6782098412513733,0.00823898147791624,0.33570125699043274,0.6721883416175842,0.006258944049477577,0.4210636019706726,0.748725950717926,0.0052162837237119675,0.3660656213760376,0.7192482948303223,0.0075570023618638515,0.3325279951095581,0.7020015716552734,0.004862000700086355,0.3069535493850708,0.6890488862991333,0.0019406534265726805,0.4105108082294464,0.7925013899803162,0.0024594308342784643,0.35914334654808044,0.7624644041061401,0.0028138351626694202,0.32984107732772827,0.7423736453056335,-0.0018815872026607394,0.30774956941604614,0.7262051105499268,-0.005931511055678129,0.40802058577537537,0.8361996412277222,-0.00010607667354634032,0.3640584647655487,0.8095924854278564,-0.0007156449719332159,0.3389303982257843,0.7919756174087524,-0.0020052725449204445,0.31945833563804626,0.7746281027793884,-0.002832785714417696
0.5375933647155762,0.8300389051437378,4.289943831281562e-07,0.5490700602531433,0.7401371002197266,-0.008272201754152775,0.5229144096374512,0.6656419038772583,-0.009723138064146042,0.4862978458404541,0.6288094520568848,-0.009524527937173843,0.4583893418312073,0.6238420009613037,-0.008947118185460567,0.43922391533851624,0.6861597299575806,-0.008032663725316525,0.38933926820755005,0.6414927244186401,-0.016123075038194656,0.35931602120399475,0.608370840549469,-0.02250543422996998,0.3408023715019226,0.5839458703994751,-0.02603772282600403,0.4138467609882355,0.7278821468353271,-0.007182844448834658,0.3631211519241333,0.677631139755249,-0.014038030058145523,0.3346165418624878,0.6405891180038452,-0.01939527317881584,0.3162425458431244,0.609838604927063,-0.022053340449929237,0.40082550048828125,0.7671459913253784,-0.006659356877207756,0.3518287241458893,0.7239696979522705,-0.011759062297642231,0.3257363736629486,0.690561056137085,-0.012632152996957302,0.3082618713378906,0.6622015833854675,-0.012259239330887794,0.39906764030456543,0.8045061230659485,-0.006699202582240105,0.3550136685371399,0.7727152109146118,-0.009456329047679901,0.32961803674697876,0.7489713430404663,-0.006990702822804451,0.3121453523635864,0.7269125580787659,-0.0035252892412245274
0.5507574081420898,0.8454084396362305,4.2764000340866914e-07,0.5744543075561523,0.7496382594108582,-0.02137131616473198,0.5477215647697449,0.668655276298523,-0.028641242533922195,0.49851635098457336,0.6269820928573608,-0.03049447573721409,0.45570752024650574,0.6106178164482117,-0.031840499490499496,0.4686940610408783,0.6725263595581055,-0.03353596478700638,0.40673840045928955,0.6240929365158081,-0.046762801706790924,0.3661087155342102,0.5932259559631348,-0.0556437149643898,0.33311375975608826,0.5705697536468506,-0.061686135828495026,0.43478575348854065,0.7164803147315979,-0.027540626004338264,0.3735092878341675,0.6582487225532532,-0.03946876525878906,0.33379775285720825,0.6218295097351074,-0.04739409685134888,0.30327099561691284,0.5939330458641052,-0.052918121218681335,0.41275307536125183,0.7623040676116943,-0.021704457700252533,0.3578028082847595,0.7069898843765259,-0.030246634036302567,0.322466641664505,0.6702260971069336,-0.03653491288423538,0.29682451486587524,0.6415361762046814,-0.04134976863861084,0.4006887972354889,0.8073123693466187,-0.01716315746307373,0.35723552107810974,0.7599136233329773,-0.025425301864743233,0.32998183369636536,0.7295289635658264,-0.029288673773407936,0.30963367223739624,0.703740119934082,-0.031034670770168304
0.5056055188179016,0.8179154396057129,3.4348329336353345e-07,0.5122925639152527,0.7609541416168213,-0.02149602584540844,0.49552834033966064,0.7149897813796997,-0.03364741802215576,0.47192907333374023,0.6876868009567261,-0.04290284588932991,0.44603773951530457,0.674497663974762,-0.052777230739593506,0.4420006275177002,0.72275710105896,-0.033705003559589386,0.39255478978157043,0.7024593353271484,-0.05057899281382561,0.35763904452323914,0.6897084712982178,-0.06176963448524475,0.3298629820346832,0.6815171837806702,-0.06917285919189453,0.42849594354629517,0.7588058710098267,-0.03188079223036766,0.3766199052333832,0.7415202260017395,-0.048592690378427505,0.33936721086502075,0.7262475490570068,-0.060687415301799774,0.30969876050949097,0.7147749662399292,-0.06887724995613098,0.4208647608757019,0.7950446605682373,-0.031061287969350815,0.3709952235221863,0.7778335213661194,-0.04655737057328224,0.33639663457870483,0.7619835138320923,-0.0557263121008873,0.308540403842926,0.749944806098938,-0.060768287628889084,0.4183479845523834,0.8279152512550354,-0.03150295838713646,0.3772454261779785,0.8128593564033508,-0.046622321009635925,0.3485482633113861,0.7998651266098022,-0.05368435010313988,0.32518988847732544,0.7876448631286621,-0.056846655905246735
0.5123953819274902,0.8424583673477173,4.188516129488562e-07,0.5301842093467712,0.7721179127693176,-0.018432393670082092,0.5140882730484009,0.7177861928939819,-0.026382964104413986,0.4884578287601471,0.6915395259857178,-0.03183174878358841,0.4594775438308716,0.6797670125961304,-0.037347856909036636,0.4389970004558563,0.7247571349143982,-0.020051488652825356,0.392007976770401,0.7016098499298096,-0.03135495260357857,0.3607352674007416,0.6888155937194824,-0.040161509066820145,0.33497434854507446,0.679431676864624,-0.046400025486946106,0.41985946893692017,0.7638120651245117,-0.01873859576880932,0.36805588006973267,0.7356193661689758,-0.029177114367485046,0.33313578367233276,0.7168934941291809,-0.03941328078508377,0.30540287494659424,0.7012287974357605,-0.04690234363079071,0.40948915481567383,0.8072032332420349,-0.018837597221136093,0.3603397011756897,0.7786281704902649,-0.030043067410588264,0.3272545635700226,0.7569717764854431,-0.04083915054798126,0.30197927355766296,0.737688422203064,-0.047721508890390396,0.4058877229690552,0.8517740964889526,-0.019952649250626564,0.36659663915634155,0.82564777135849,-0.03195798024535179,0.3392326533794403,0.8061729073524475,-0.03974791243672371,0.31805720925331116,0.7870817184448242,-0.044044677168130875
0.5216297507286072,0.8456756472587585,2.9115122401890403e-07,0.536562442779541,0.7701201438903809,-0.007433733437210321,0.5159410238265991,0.7149957418441772,-0.008148947730660439,0.48661038279533386,0.6872817873954773,-0.007907900959253311,0.45901113748550415,0.6824579238891602,-0.00752362422645092,0.4376457631587982,0.7182948589324951,-0.0026358633767813444,0.3889922499656677,0.7000232934951782,-0.0052542919293046,0.35774049162864685,0.6897896528244019,-0.009113640524446964,0.3333866000175476,0.6829827427864075,-0.012162684462964535,0.41750475764274597,0.7564783692359924,-0.0024233467411249876,0.3647345304489136,0.731150209903717,-0.0040395925752818584,0.3299935758113861,0.7148097157478333,-0.00874464400112629,0.30387377738952637,0.7015669941902161,-0.01276363804936409,0.4053841829299927,0.7977949380874634,-0.002964926417917013,0.3572766184806824,0.7713267803192139,-0.005710342898964882,0.326698899269104,0.7531477808952332,-0.011844557709991932,0.3052043914794922,0.7387834191322327,-0.016341980546712875,0.3993140757083893,0.8402926921844482,-0.003988050390034914,0.35992488265037537,0.8183963298797607,-0.007767591625452042,0.3345235288143158,0.8035938143730164,-0.010992571711540222,0.3162566125392914,0.7894833087921143,-0.012692781165242195
0.529327392578125,0.8523398637771606,2.646468715283845e-07,0.5446402430534363,0.7746562957763672,-0.004510106518864632,0.5209150910377502,0.7191150784492493,-0.0038415093440562487,0.4887256324291229,0.6902819275856018,-0.0024881830904632807,0.4603460431098938,0.6811931729316711,-0.0009812242351472378,0.4386831223964691,0.7188363075256348,-0.0019962831865996122,0.38783028721809387,0.7002355456352234,-0.004179335664957762,0.3578265905380249,0.6891598701477051,-0.007202175911515951,0.33429470658302307,0.681297242641449,-0.009723280556499958,0.4178480803966522,0.7590696811676025,-0.0034432243555784225,0.36281511187553406,0.7303245663642883,-0.0061113410629332066,0.3286721110343933,0.7121096849441528,-0.009857363998889923,0.30329233407974243,0.6989083290100098,-0.012694922275841236,0.40684086084365845,0.8029142022132874,-0.005424254573881626,0.3563293516635895,0.7732570767402649,-0.009058344177901745,0.3256067633628845,0.7517014145851135,-0.014627109281718731,0.30329203605651855,0.7346682548522949,-0.01832601986825466,0.40378665924072266,0.8484088778495789,-0.007559364195913076,0.3616580367088318,0.8232799172401428,-0.010691255331039429,0.3365430235862732,0.8051683306694031,-0.012971797026693821,0.3189968466758728,0.7877607345581055,-0.014025488868355751
0.5313860177993774,0.8568366169929504,2.6064080316245963e-07,0.5423661470413208,0.7733827233314514,-0.006782890763133764,0.519650936126709,0.7119289636611938,-0.007742066401988268,0.4827066659927368,0.6853397488594055,-0.0072913034819066525,0.45212459564208984,0.6846912503242493,-0.006577429361641407,0.4389376640319824,0.7217735648155212,-0.005365392193198204,0.3860653340816498,0.7009722590446472,-0.008384685963392258,0.3560160994529724,0.6889500617980957,-0.012178976088762283,0.33255401253700256,0.6798483729362488,-0.015202607959508896,0.4184825122356415,0.7631340622901917,-0.005800991784781218,0.3627079427242279,0.7299227118492126,-0.008751803077757359,0.32734495401382446,0.7092371582984924,-0.013096637092530727,0.30092066526412964,0.6939616203308105,-0.016630401834845543,0.4081001281738281,0.8056579232215881,-0.006637155544012785,0.35721075534820557,0.7705531716346741,-0.00987488217651844,0.3261231780052185,0.7472986578941345,-0.015137181617319584,0.30333420634269714,0.7287535667419434,-0.019098954275250435,0.4050065577030182,0.8476869463920593,-0.007812799885869026,0.36242973804473877,0.8176349401473999,-0.011444729752838612,0.33719342947006226,0.7987793684005737,-0.013518867082893848,0.318561315536499,0.7819386124610901,-0.014376053586602211
0.5368353724479675,0.8502059578895569,2.1135484473688848e-07,0.5435076355934143,0.7669939398765564,1.0985920653183712e-06,0.5177459120750427,0.7116328477859497,0.0020255055278539658,0.48541420698165894,0.6841708421707153,0.003789037000387907,0.4568226933479309,0.683503270149231,0.005293524358421564,0.4382144510746002,0.7143393158912659,0.0029197619296610355,0.3855631649494171,0.6979196071624756,0.0018814863869920373,0.35509738326072693,0.6884046196937561,-0.0010807354701682925,0.3315127491950989,0.6816064715385437,-0.003491265932098031,0.4184953272342682,0.7541425228118896,-0.0003502652107272297,0.3625844419002533,0.7280839681625366,-0.00027422435232438147,0.329184353351593,0.7111592888832092,-0.00302681140601635,0.3053760230541229,0.6975307464599609,-0.005683579947799444,0.4080145061016083,0.7983484268188477,-0.00388012221083045,0.35622110962867737,0.7710966467857361,-0.0042411466129124165,0.32559168338775635,0.7512833476066589,-0.008240725845098495,0.30382460355758667,0.7341330051422119,-0.01187478844076395,0.40494051575660706,0.8439576625823975,-0.007358658593147993,0.3606318533420563,0.8215255737304688,-0.00842694379389286,0.33502066135406494,0.8046895265579224,-0.009266716428101063,0.31597816944122314,0.7872934341430664,-0.009702593088150024
0.540037214756012,0.8545964956283569,2.131979215391766e-07,0.545001745223999,0.7692083120346069,-0.001033842214383185,0.5196961164474487,0.7117960453033447,0.00031694734934717417,0.48537677526474,0.6845428943634033,0.002088319044560194,0.45547181367874146,0.6840447187423706,0.003641352755948901,0.44266045093536377,0.7202621698379517,-0.0008984766900539398,0.38496893644332886,0.7007212042808533,-0.0023661802988499403,0.35317954421043396,0.6899824738502502,-0.004977497272193432,0.32860052585601807,0.6821199059486389,-0.007205234840512276,0.42206478118896484,0.76091068983078,-0.003524503670632839,0.363042414188385,0.7324156761169434,-0.003963719122111797,0.3282249867916107,0.7150796055793762,-0.00732125760987401,0.3027576208114624,0.7009468078613281,-0.010651974007487297,0.4117538332939148,0.8044353127479553,-0.006127508357167244,0.3574063181877136,0.7734583616256714,-0.007016465533524752,0.3255729675292969,0.7523776888847351,-0.012077190913259983,0.3020578622817993,0.7343969345092773,-0.01667180098593235,0.40941184759140015,0.8473173975944519,-0.00850557442754507,0.3635052442550659,0.8206740617752075,-0.010588535107672215,0.33742308616638184,0.8023698925971985,-0.01249026507139206,0.31740933656692505,0.7841747403144836,-0.013728512451052666
0.5394726991653442,0.8594297170639038,2.1160710161893803e-07,0.5474015474319458,0.7739633917808533,-0.002480612602084875,0.5216747522354126,0.7149011492729187,-0.0011725223157554865,0.48833850026130676,0.6861169934272766,0.0007203391287475824,0.45767873525619507,0.682124137878418,0.0027860288973897696,0.4442691206932068,0.7175094485282898,-0.001138868392445147,0.38795337080955505,0.6975268125534058,-0.002455106470733881,0.356972873210907,0.6871232390403748,-0.004492809530347586,0.3328031301498413,0.6796787977218628,-0.006254568230360746,0.42270904779434204,0.758154571056366,-0.00304020126350224,0.36447131633758545,0.7297883033752441,-0.004269274417310953,0.3297271132469177,0.7128913402557373,-0.007199564017355442,0.3039450943470001,0.6992892622947693,-0.009820649400353432,0.41204872727394104,0.8018141388893127,-0.005238992162048817,0.3586658537387848,0.7713866829872131,-0.0066242823377251625,0.32706987857818604,0.7507630586624146,-0.011288161389529705,0.30357539653778076,0.7329615354537964,-0.015177223831415176,0.40959081053733826,0.8447054028511047,-0.007471082732081413,0.3645152449607849,0.8186349272727966,-0.00891877617686987,0.3383372128009796,0.8015300631523132,-0.010438740253448486,0.3185923099517822,0.7846390008926392,-0.011325045488774776
0.539801299571991,0.8539636135101318,2.0015878021695244e-07,0.547071635723114,0.7704731225967407,0.002313345903530717,0.5223644971847534,0.7135217785835266,0.005891961976885796,0.4884396195411682,0.6813265085220337,0.009490512311458588,0.45919865369796753,0.6763713955879211,0.012881283648312092,0.4466337263584137,0.7166491746902466,0.0033222613856196404,0.3894157111644745,0.6945536136627197,0.003915239125490189,0.3578125238418579,0.6848636269569397,0.002778073539957404,0.33324339985847473,0.6785644292831421,0.0015423509757965803,0.4255026876926422,0.756184995174408,0.0004637363599613309,0.3650374114513397,0.7263371348381042,0.0004876674502156675,0.33002346754074097,0.7099546790122986,-0.001813058857806027,0.3048907518386841,0.6973800659179688,-0.003825562074780464,0.41389575600624084,0.7998193502426147,-0.0021182585041970015,0.3570983409881592,0.7687571048736572,-0.00265833199955523,0.32399672269821167,0.7486855387687683,-0.006697861012071371,0.29954543709754944,0.7328085899353027,-0.009921629913151264,0.4102496802806854,0.8428249955177307,-0.004138120915740728,0.3642114996910095,0.8148661255836487,-0.004299998749047518,0.33763131499290466,0.797175407409668,-0.0046697198413312435,0.31739625334739685,0.7803698778152466,-0.004674925468862057
0.5471920371055603,0.8256996870040894,2.797610250127036e-07,0.5507960915565491,0.7432932257652283,-0.004130507819354534,0.5193257331848145,0.6851712465286255,-0.003976247739046812,0.4832850396633148,0.6616119146347046,-0.0031803902238607407,0.4544517397880554,0.6522656083106995,-0.0024814391508698463,0.44651612639427185,0.6904240846633911,-0.006758484989404678,0.39024800062179565,0.6621590256690979,-0.011942364275455475,0.3558495342731476,0.6476374268531799,-0.016872622072696686,0.32912102341651917,0.6397671699523926,-0.020473891869187355,0.4260502755641937,0.7321401834487915,-0.009122696705162525,0.36474499106407166,0.6939389109611511,-0.014065874740481377,0.3271956741809845,0.6716795563697815,-0.01938359998166561,0.29983383417129517,0.6572722792625427,-0.0233477633446455,0.41522836685180664,0.7759743928909302,-0.011551197618246078,0.35674235224723816,0.7388224005699158,-0.016586817800998688,0.32170045375823975,0.7152037620544434,-0.023048944771289825,0.29651302099227905,0.6983885765075684,-0.027726808562874794,0.4126681089401245,0.8209327459335327,-0.013898508623242378,0.3651926517486572,0.7922996282577515,-0.019681250676512718,0.3365533947944641,0.7728983759880066,-0.02296827733516693,0.31516045331954956,0.7552374601364136,-0.024484695866703987
0.5544607043266296,0.8212555646896362,3.202936511570442e-07,0.5610564351081848,0.7320417761802673,-0.008274530060589314,0.5263568162918091,0.6655381321907043,-0.010058913379907608,0.4835037887096405,0.6329630613327026,-0.01028730534017086,0.4472833275794983,0.6256512403488159,-0.011428512632846832,0.4578876495361328,0.6721421480178833,-0.0164507906883955,0.39330339431762695,0.6404662728309631,-0.02473568171262741,0.35385051369667053,0.6218521595001221,-0.03056662157177925,0.3222964406013489,0.6085363626480103,-0.034584831446409225,0.4348728358745575,0.7178407907485962,-0.017991865053772926,0.3667813539505005,0.6761338114738464,-0.02542911283671856,0.32358884811401367,0.6514198184013367,-0.032292839139699936,0.2906019687652588,0.6320884823799133,-0.03754056617617607,0.4216946065425873,0.7670448422431946,-0.01945076696574688,0.35857266187667847,0.7273007035255432,-0.026510784402489662,0.3179791271686554,0.701632022857666,-0.0344410240650177,0.28788334131240845,0.6810101270675659,-0.040350291877985,0.4159035086631775,0.8176464438438416,-0.021052703261375427,0.3627775311470032,0.7861739993095398,-0.029326414689421654,0.3287428617477417,0.7643373012542725,-0.034499358385801315,0.30177968740463257,0.7437865734100342,-0.03745580092072487
0.5756460428237915,0.8706039786338806,5.145957970853487e-07,0.5926787853240967,0.769331157207489,-0.023445434868335724,0.5528753995895386,0.6897048354148865,-0.03191940858960152,0.49813491106033325,0.6411413550376892,-0.03415004163980484,0.44815340638160706,0.6276089549064636,-0.03569658100605011,0.4653767943382263,0.7018089890480042,-0.032149627804756165,0.39090681076049805,0.664406955242157,-0.04291254281997681,0.3402312397956848,0.6451759934425354,-0.05095456540584564,0.30011093616485596,0.6370777487754822,-0.05559654161334038,0.4377918541431427,0.7627827525138855,-0.023951547220349312,0.36571311950683594,0.7146815657615662,-0.033008553087711334,0.31470057368278503,0.6853176951408386,-0.038901276886463165,0.2749795913696289,0.6684677004814148,-0.042444631457328796,0.4210316240787506,0.8218957781791687,-0.015872880816459656,0.3610319197177887,0.7802096009254456,-0.019811972975730896,0.33051085472106934,0.7495786547660828,-0.018927505239844322,0.31078648567199707,0.7318033576011658,-0.018003132194280624,0.4151361286640167,0.8769967555999756,-0.0097074955701828,0.3663020133972168,0.8396553993225098,-0.011599389836192131,0.33769792318344116,0.8137950301170349,-0.007927974686026573,0.3192460238933563,0.7940554618835449,-0.0036163723561912775
0.6077617406845093,0.8988357782363892,5.517379122466082e-07,0.6143503785133362,0.7942421436309814,-0.029787443578243256,0.5733025074005127,0.7155724167823792,-0.04572173207998276,0.5179130434989929,0.6659581065177917,-0.054793830960989,0.4657120108604431,0.648471474647522,-0.063898965716362,0.48646116256713867,0.7413782477378845,-0.04997850954532623,0.4013379216194153,0.6993775963783264,-0.06973590701818466,0.34766143560409546,0.6773620843887329,-0.08227338641881943,0.30526673793792725,0.6646589040756226,-0.08967715501785278,0.45856955647468567,0.8044472336769104,-0.04298333078622818,0.37177473306655884,0.7535316348075867,-0.06073755770921707,0.3162364959716797,0.7237723469734192,-0.07186916470527649,0.2728998064994812,0.7017340064048767,-0.07931238412857056,0.44047796726226807,0.8672220706939697,-0.03618115931749344,0.36428260803222656,0.8193362951278687,-0.04746060445904732,0.31631016731262207,0.7859275937080383,-0.053175125271081924,0.2809939980506897,0.7605891227722168,-0.05754644051194191,0.4330647885799408,0.9250542521476746,-0.03118244931101799,0.3725794553756714,0.8843990564346313,-0.039921872317790985,0.3353685140609741,0.856833279132843,-0.04138423502445221,0.308482825756073,0.8320856690406799,-0.04115473851561546
0.6361794471740723,0.9151872992515564,6.319885414995952e-07,0.6320323348045349,0.8052229881286621,-0.028527528047561646,0.5892152786254883,0.7215454578399658,-0.048740532249212265,0.5273919701576233,0.6735655665397644,-0.062483496963977814,0.46798625588417053,0.6532406806945801,-0.0769096314907074,0.5040897727012634,0.7607266902923584,-0.06902870535850525,0.40408623218536377,0.7213347554206848,-0.0972025915980339,0.34345030784606934,0.701556921005249,-0.11062026023864746,0.2963969111442566,0.6861554384231567,-0.11786992102861404,0.4817601442337036,0.8319607973098755,-0.06736582517623901,0.3710836172103882,0.7854324579238892,-0.09868857264518738,0.29892420768737793,0.7552729249000549,-0.11514125019311905,0.24449044466018677,0.7304432988166809,-0.12460958957672119,0.47172629833221436,0.899028480052948,-0.0646083801984787,0.37037479877471924,0.8581960201263428,-0.08853896707296371,0.3071596622467041,0.8252080678939819,-0.1008903980255127,0.26088929176330566,0.7952423691749573,-0.10768169909715652,0.47322988510131836,0.9576305150985718,-0.062482211738824844,0.3955230712890625,0.9283552169799805,-0.08232062309980392,0.34769579768180847,0.9041754603385925,-0.09052933007478714,0.3097340166568756,0.8782835602760315,-0.09373864531517029
0.6610909700393677,0.9322651028633118,6.419636520149652e-07,0.6507942080497742,0.8189175128936768,-0.02141345851123333,0.6027994155883789,0.7294602990150452,-0.03798168525099754,0.5367631912231445,0.673653244972229,-0.0486726351082325,0.4754977524280548,0.6545798182487488,-0.059974536299705505,0.522609293460846,0.7661336660385132,-0.06410392373800278,0.4150426387786865,0.7236259579658508,-0.08742225170135498,0.35151371359825134,0.7023025751113892,-0.09621195495128632,0.30360013246536255,0.6881139874458313,-0.09988502413034439,0.5011365413665771,0.8381539583206177,-0.06375304609537125,0.38577359914779663,0.7835038304328918,-0.08864587545394897,0.31160885095596313,0.7520567178726196,-0.09882725030183792,0.2586100697517395,0.728790819644928,-0.10433653742074966,0.49038591980934143,0.907824695110321,-0.061839837580919266,0.38625121116638184,0.8583395481109619,-0.07918617129325867,0.32195764780044556,0.8221299648284912,-0.08761297166347504,0.27755340933799744,0.7911906838417053,-0.0927313044667244,0.489382803440094,0.9716930389404297,-0.06009708344936371,0.4090083837509155,0.9398510456085205,-0.07426654547452927,0.35911208391189575,0.9152495861053467,-0.07962009310722351,0.3213348984718323,0.8890474438667297,-0.08148086816072464
0.6639915704727173,0.9396727085113525,6.112202299846103e-07,0.6543478965759277,0.8226099014282227,-0.014251344837248325,0.6051612496376038,0.7326523661613464,-0.02520522102713585,0.540524423122406,0.6711926460266113,-0.031489189714193344,0.4809512794017792,0.6528725624084473,-0.03811884671449661,0.5198925137519836,0.7667135000228882,-0.05004055052995682,0.41414690017700195,0.7220491170883179,-0.0686502754688263,0.3518552780151367,0.7005642056465149,-0.07585602253675461,0.30484095215797424,0.6862521171569824,-0.07868961989879608,0.4940336048603058,0.8338848352432251,-0.051337361335754395,0.3791016638278961,0.7771936655044556,-0.07195548713207245,0.3058421015739441,0.7452868223190308,-0.08123275637626648,0.2543875575065613,0.7215418815612793,-0.08608152717351913,0.4811537265777588,0.9022196531295776,-0.050629038363695145,0.37806329131126404,0.8506724834442139,-0.06406282633543015,0.3136592507362366,0.8149222731590271,-0.07184447348117828,0.26962965726852417,0.7848911881446838,-0.0768769159913063,0.4804263710975647,0.9676367044448853,-0.04965021833777428,0.40159422159194946,0.9317567944526672,-0.06057129055261612,0.35309404134750366,0.9063975811004639,-0.0640811026096344,0.3156476616859436,0.8793922662734985,-0.06463607400655746
0.6531417369842529,0.943533182144165,5.631347903545247e-07,0.649188220500946,0.8246995210647583,-0.021946491673588753,0.6027029752731323,0.7226762175559998,-0.0327509343624115,0.5378608703613281,0.6613427400588989,-0.03789238631725311,0.47833460569381714,0.6512128114700317,-0.04246878996491432,0.5082312822341919,0.7559468746185303,-0.03797883540391922,0.41115066409111023,0.7058911323547363,-0.053474314510822296,0.35444897413253784,0.680946409702301,-0.0631522610783577,0.31031519174575806,0.6633089780807495,-0.0688784122467041,0.47743961215019226,0.817130982875824,-0.03404335677623749,0.3812321722507477,0.752386212348938,-0.04530986770987511,0.3223385214805603,0.7171492576599121,-0.05440604314208031,0.27881932258605957,0.6915556192398071,-0.061116836965084076,0.4601612985134125,0.8796819448471069,-0.029912414029240608,0.37510019540786743,0.8224456310272217,-0.036877356469631195,0.32320573925971985,0.7838545441627502,-0.043405212461948395,0.2855289578437805,0.7540966272354126,-0.04972358047962189,0.4543590545654297,0.939754068851471,-0.027024326846003532,0.3929644823074341,0.8968906998634338,-0.03416115790605545,0.3556438684463501,0.8717392086982727,-0.035571686923503876,0.32642698287963867,0.8474863767623901,-0.035625480115413666
0.6266454458236694,0.9050827622413635,1.177559028064934e-07,0.6276952028274536,0.7843731641769409,-0.007064072880893946,0.5863565802574158,0.6898558139801025,-0.01079932413995266,0.5272666811943054,0.6320226192474365,-0.013057528994977474,0.472808837890625,0.6171339154243469,-0.01235100906342268,0.496772438287735,0.7202091217041016,-0.014921529218554497,0.41966700553894043,0.6391031742095947,-0.027745965868234634,0.42207804322242737,0.6067371368408203,-0.03432140871882439,0.4398867189884186,0.6025773286819458,-0.03438405320048332,0.46149855852127075,0.7688787579536438,-0.012110312469303608,0.3946407735347748,0.6871621012687683,-0.01632384955883026,0.39868560433387756,0.6523317098617554,-0.021028250455856323,0.41437608003616333,0.6438615322113037,-0.024213803932070732,0.43910619616508484,0.8126661777496338,-0.008972964249551296,0.3791963458061218,0.7403697967529297,-0.005445240531116724,0.37897008657455444,0.7052064538002014,-0.004113257862627506,0.3904173672199249,0.6954860091209412,-0.0053189946338534355,0.42749688029289246,0.8480160236358643,-0.00631979014724493,0.3699045777320862,0.8087165951728821,0.0008505291771143675,0.3518773317337036,0.7770808339118958,0.006272505037486553,0.3484992980957031,0.7614891529083252,0.010209625586867332
0.6008108258247375,0.8360936045646667,3.53351595094864e-07,0.6004326343536377,0.7247095108032227,-0.001708189956843853,0.5597153902053833,0.6475155353546143,0.00029924747650511563,0.5076940655708313,0.607488751411438,0.003071414539590478,0.46411922574043274,0.6010019779205322,0.006246626842767,0.47617197036743164,0.6573472023010254,-0.002734200330451131,0.4002939462661743,0.6166694760322571,-0.00709832739084959,0.35748210549354553,0.5963082909584045,-0.011074413545429707,0.3236706256866455,0.5819451808929443,-0.013479969464242458,0.447926789522171,0.7025790810585022,-0.004274690989404917,0.3689783215522766,0.6502728462219238,-0.006380653008818626,0.3247585892677307,0.6234465837478638,-0.010112550109624863,0.2919505536556244,0.6037102937698364,-0.012901217676699162,0.4315651059150696,0.7489478588104248,-0.005334185436367989,0.36188846826553345,0.7010926008224487,-0.004434596281498671,0.3220800757408142,0.6737022399902344,-0.006393554154783487,0.2922317385673523,0.6513828039169312,-0.00933053158223629,0.4259394109249115,0.7941675186157227,-0.0066365767270326614,0.37167471647262573,0.7558414936065674,-0.004904323257505894,0.34066241979599,0.7319104671478271,-0.002283482113853097,0.3169596195220947,0.7096376419067383,-8.513819921063259e-05
0.5091076493263245,0.8121030330657959,3.407766939744761e-07,0.5185568928718567,0.7551037669181824,-0.01607726700603962,0.5033412575721741,0.7087652683258057,-0.024474740028381348,0.48281341791152954,0.6865071058273315,-0.030713655054569244,0.4589524269104004,0.6758204102516174,-0.036982253193855286,0.43306076526641846,0.7155784964561462,-0.019723523408174515,0.3856954872608185,0.6946951746940613,-0.03058846853673458,0.354818731546402,0.683707058429718,-0.03883415088057518,0.3300634026527405,0.6771078109741211,-0.044768258929252625,0.41657203435897827,0.7555012106895447,-0.019541455432772636,0.3644671142101288,0.7294275760650635,-0.03074558451771736,0.3304463028907776,0.7119608521461487,-0.04033518582582474,0.30378541350364685,0.6983495354652405,-0.04720697179436684,0.4082689583301544,0.7970094680786133,-0.02053707279264927,0.35828137397766113,0.7719676494598389,-0.03154485672712326,0.3281007707118988,0.7539290189743042,-0.03965725004673004,0.30464524030685425,0.7385054230690002,-0.04435787722468376,0.40701743960380554,0.8372178077697754,-0.02247067168354988,0.3657073974609375,0.8174071907997131,-0.0334310345351696,0.3391178846359253,0.8028879165649414,-0.0391087681055069,0.31842300295829773,0.7876253128051758,-0.04175739735364914
0.5080615878105164,0.8524316549301147,3.572114621874789e-07,0.527295708656311,0.7745282649993896,-0.012703298591077328,0.5115190148353577,0.7168853878974915,-0.016744378954172134,0.48329389095306396,0.6857989430427551,-0.018615050241351128,0.45393091440200806,0.6793497800827026,-0.019891198724508286,0.429854154586792,0.7214035987854004,-0.011060121469199657,0.38413918018341064,0.7002657651901245,-0.016733117401599884,0.35301101207733154,0.6882938742637634,-0.02106397971510887,0.32921579480171204,0.6807280778884888,-0.024083320051431656,0.40810248255729675,0.7614403367042542,-0.00927197840064764,0.3588200807571411,0.7327063083648682,-0.01526266522705555,0.32696786522865295,0.7148571610450745,-0.01965239644050598,0.3024469316005707,0.6997717022895813,-0.022374344989657402,0.39582374691963196,0.8033080101013184,-0.008569102734327316,0.34914734959602356,0.7733052968978882,-0.014748389832675457,0.3206188678741455,0.7519770860671997,-0.019442148506641388,0.30004024505615234,0.7337850332260132,-0.021958915516734123,0.39116647839546204,0.8451955318450928,-0.0087706558406353,0.3526722490787506,0.8207882046699524,-0.014172918163239956,0.3285958170890808,0.8032916188240051,-0.016550684347748756,0.31156468391418457,0.78553307056427,-0.01708340272307396
0.5234998464584351,0.8531762957572937,3.0050017585381283e-07,0.5356602668762207,0.7783294916152954,-0.007859252393245697,0.51712965965271,0.718590497970581,-0.009632826782763004,0.48675474524497986,0.6890908479690552,-0.010000270791351795,0.45567306876182556,0.6835945844650269,-0.01020018383860588,0.4331428110599518,0.723582923412323,-0.006750664208084345,0.38215309381484985,0.7009652853012085,-0.010633869096636772,0.35202670097351074,0.6890920996665955,-0.01449214480817318,0.3292478322982788,0.6802589893341064,-0.01722571812570095,0.41360339522361755,0.7640004754066467,-0.00701952027156949,0.35764962434768677,0.7346203327178955,-0.010879231616854668,0.32375597953796387,0.7148305177688599,-0.015402687713503838,0.29989877343177795,0.6991152763366699,-0.0188039131462574,0.4034571349620819,0.808207094669342,-0.007929842919111252,0.35191261768341064,0.779238760471344,-0.012911178171634674,0.32160282135009766,0.7570237517356873,-0.018799912184476852,0.30044013261795044,0.7383756637573242,-0.022525029256939888,0.4004371464252472,0.8536226749420166,-0.009110236540436745,0.3578680157661438,0.8272459506988525,-0.013857230544090271,0.3321950137615204,0.809740424156189,-0.01664174720644951,0.3140404522418976,0.7924743294715881,-0.01780366525053978
0.5233545303344727,0.8652623295783997,2.3987681174730824e-07,0.5398653745651245,0.7832002639770508,-0.004948243964463472,0.5180585980415344,0.7220264077186584,-0.004301946610212326,0.4833749532699585,0.6874395608901978,-0.0024016029201447964,0.4523848593235016,0.6841222643852234,-0.0003646628756541759,0.43499889969825745,0.7235611081123352,-0.0035248026251792908,0.3821922838687897,0.7007981538772583,-0.004960635676980019,0.35197731852531433,0.6886394023895264,-0.007414632942527533,0.32907944917678833,0.6806418299674988,-0.009367897175252438,0.41280218958854675,0.7637502551078796,-0.003319570329040289,0.3586863875389099,0.733319878578186,-0.00384283228777349,0.3260594308376312,0.7151101231575012,-0.006441375706344843,0.3032468855381012,0.7018100619316101,-0.008837901055812836,0.4009188711643219,0.8075312376022339,-0.0033333313185721636,0.35159170627593994,0.7765844464302063,-0.003829912282526493,0.3213112950325012,0.7548202276229858,-0.007574631366878748,0.3001275360584259,0.7376194000244141,-0.010940169915556908,0.3968774378299713,0.8525938987731934,-0.0035610999912023544,0.3564746677875519,0.8270937204360962,-0.004361964762210846,0.33228743076324463,0.8097111582756042,-0.005111024249345064,0.315243124961853,0.7928901314735413,-0.005370479542762041
0.527179479598999,0.8658348321914673,2.2108339692294976e-07,0.5430530309677124,0.7826976180076599,-0.0016081214416772127,0.5206725001335144,0.7229330539703369,0.0006733756163157523,0.48684412240982056,0.6897217631340027,0.0036154715344309807,0.45740318298339844,0.6814023852348328,0.00647440180182457,0.4385952055454254,0.7219158411026001,-0.0004987689899280667,0.38365381956100464,0.7001028656959534,-0.0009176365565508604,0.3523350954055786,0.6887877583503723,-0.0027507292106747627,0.32758596539497375,0.6811316609382629,-0.00442712614312768,0.41590064764022827,0.7626656889915466,-0.0018417183309793472,0.358220636844635,0.7330963015556335,-0.0021739238873124123,0.32355690002441406,0.7155777812004089,-0.004385326988995075,0.2975985109806061,0.7027084231376648,-0.006399110890924931,0.4041837751865387,0.8077883720397949,-0.0031436998397111893,0.3518933057785034,0.7790825366973877,-0.003994735889136791,0.32334890961647034,0.7597218155860901,-0.006935290992259979,0.30297815799713135,0.7443780303001404,-0.009231438860297203,0.40102437138557434,0.8527638912200928,-0.004376498516649008,0.35759878158569336,0.8266867995262146,-0.004706455860286951,0.33351099491119385,0.8089923858642578,-0.004525296855717897,0.316453754901886,0.7924227714538574,-0.004014831501990557
0.5289548635482788,0.8630316257476807,1.9778643434165133e-07,0.5419168472290039,0.778104305267334,0.0015595676377415657,0.5180258750915527,0.7180238962173462,0.006185185629874468,0.4847855865955353,0.6868276596069336,0.010720116086304188,0.45474451780319214,0.6804748773574829,0.01486678421497345,0.4354168474674225,0.7205297350883484,0.0064864917658269405,0.3827032744884491,0.6985303163528442,0.00857046153396368,0.3539389371871948,0.6876077055931091,0.0076948171481490135,0.3316504955291748,0.6806250810623169,0.0064094699919223785,0.4133162200450897,0.7612999677658081,0.0040105897933244705,0.35834386944770813,0.7313954830169678,0.005971009377390146,0.32564207911491394,0.713984489440918,0.0034265671856701374,0.3019072711467743,0.7014023661613464,0.0008108668844215572,0.4026861786842346,0.805875301361084,0.00149438192602247,0.35139358043670654,0.7754052877426147,0.001648289617151022,0.3219750225543976,0.7535733580589294,-0.0030821235850453377,0.301143616437912,0.7365564703941345,-0.007044968195259571,0.40069258213043213,0.8513225317001343,-0.0005817228811793029,0.35658830404281616,0.8281028866767883,-0.0011605726322159171,0.3308635354042053,0.8108475804328918,-0.0023661355953663588,0.3123174011707306,0.7944336533546448,-0.003066079691052437
0.5235990881919861,0.853343665599823,3.4272582638550375e-07,0.5405936241149902,0.7714245319366455,-0.006620581727474928,0.5161391496658325,0.7098873853683472,-0.008282508701086044,0.4810698926448822,0.676762580871582,-0.008318031206727028,0.45061957836151123,0.6599632501602173,-0.008702212944626808,0.431498646736145,0.704215407371521,-0.011904655955731869,0.37611788511276245,0.6721240878105164,-0.01760086789727211,0.3422084450721741,0.6545377969741821,-0.021640583872795105,0.3152173161506653,0.641667366027832,-0.024458354339003563,0.4071460962295532,0.747995138168335,-0.012471362948417664,0.34904158115386963,0.7085245251655579,-0.018525563180446625,0.3142392039299011,0.6845139861106873,-0.023005640134215355,0.2876355051994324,0.6654347777366638,-0.02582073211669922,0.39391040802001953,0.796321451663971,-0.012977110221982002,0.33779698610305786,0.7637110352516174,-0.018896253779530525,0.30463969707489014,0.7391213178634644,-0.023361846804618835,0.2798874080181122,0.7182809114456177,-0.02587503008544445,0.3901688754558563,0.8452619314193726,-0.013524390757083893,0.3436315953731537,0.8147332072257996,-0.018052075058221817,0.3165096938610077,0.7925240397453308,-0.019385332241654396,0.2969425916671753,0.7706213593482971,-0.019151397049427032
0.518733024597168,0.8644856810569763,4.204931371987186e-07,0.5389199256896973,0.775303304195404,-0.015035104937851429,0.5205123424530029,0.7052345871925354,-0.023074746131896973,0.4856141209602356,0.6595349907875061,-0.027469046413898468,0.4521355628967285,0.6388037800788879,-0.03177729249000549,0.43573489785194397,0.6992881298065186,-0.02831532433629036,0.370998740196228,0.6557919383049011,-0.038388725370168686,0.32773029804229736,0.6322905421257019,-0.043954040855169296,0.29532700777053833,0.6186244487762451,-0.04705469310283661,0.4046238362789154,0.7418645620346069,-0.025689467787742615,0.34066301584243774,0.6910421848297119,-0.03314191848039627,0.29995402693748474,0.6635907888412476,-0.03750179335474968,0.2694915533065796,0.6425380110740662,-0.04025692120194435,0.3852546513080597,0.7885483503341675,-0.022783981636166573,0.32843145728111267,0.7459633946418762,-0.026920581236481667,0.295174777507782,0.717295229434967,-0.029636768624186516,0.2720017731189728,0.6952868103981018,-0.032209187746047974,0.3770065903663635,0.8359032273292542,-0.020767411217093468,0.33306556940078735,0.8050985932350159,-0.02428300306200981,0.3051595389842987,0.7835439443588257,-0.024295425042510033,0.28479456901550293,0.764170229434967,-0.02325519733130932
0.5611165165901184,0.8870575428009033,4.762248693168658e-07,0.5681195259094238,0.7964244484901428,-0.03189578279852867,0.541111171245575,0.7241808772087097,-0.054200783371925354,0.5009933114051819,0.6812741756439209,-0.06988104432821274,0.4562690854072571,0.6578277945518494,-0.08631306141614914,0.48090019822120667,0.7550734281539917,-0.07534570246934891,0.4032686948776245,0.7071437239646912,-0.10638418048620224,0.35661253333091736,0.677953839302063,-0.12121255695819855,0.3191680312156677,0.6546370387077332,-0.1296338587999344,0.4511205554008484,0.813814640045166,-0.07233425974845886,0.3677805960178375,0.7580965757369995,-0.10538946092128754,0.3137907087802887,0.7186880111694336,-0.12031557410955429,0.27132874727249146,0.6856436729431152,-0.12927493453025818,0.4295147955417633,0.8681814074516296,-0.06936728209257126,0.35113030672073364,0.814252495765686,-0.09562350809574127,0.29888609051704407,0.7718943357467651,-0.10710189491510391,0.2584857642650604,0.7366044521331787,-0.11301767081022263,0.41598421335220337,0.9133031368255615,-0.06744635105133057,0.3509596884250641,0.8715639114379883,-0.08856764435768127,0.3090170919895172,0.8354134559631348,-0.09760982543230057,0.27778977155685425,0.8022114038467407,-0.10195209085941315
0.5920933485031128,0.9341970682144165,6.606850888601912e-07,0.6049532294273376,0.835557222366333,-0.039070773869752884,0.5779786109924316,0.7503772377967834,-0.06634866446256638,0.5284716486930847,0.695387601852417,-0.08492103219032288,0.4738369882106781,0.6676384806632996,-0.10511794686317444,0.5139322876930237,0.7745678424835205,-0.09624742716550827,0.4193253815174103,0.7244805693626404,-0.13119301199913025,0.36184003949165344,0.6950741410255432,-0.14643028378486633,0.31668761372566223,0.6739507913589478,-0.154105082154274,0.4870423376560211,0.8415656089782715,-0.09070609509944916,0.3878723382949829,0.780617356300354,-0.12579964101314545,0.3219442367553711,0.7397633194923401,-0.14214730262756348,0.27173343300819397,0.7066679000854492,-0.15230083465576172,0.46748754382133484,0.9046696424484253,-0.08427105844020844,0.3785141408443451,0.8436072468757629,-0.11175483465194702,0.31773555278778076,0.8007936477661133,-0.12813520431518555,0.27273696660995483,0.764396607875824,-0.13824157416820526,0.45604437589645386,0.9599637985229492,-0.07890274375677109,0.3866386115550995,0.9169585704803467,-0.10360348969697952,0.3422524333000183,0.8874385356903076,-0.11714571714401245,0.3092738091945648,0.8614688515663147,-0.12470562011003494
0.6125562787055969,0.9246215224266052,5.996994332235772e-07,0.6140987277030945,0.8316078186035156,-0.029002653434872627,0.5840590000152588,0.7508161664009094,-0.0515720397233963,0.5369059443473816,0.6954944729804993,-0.06822025030851364,0.48347628116607666,0.6703505516052246,-0.08662157505750656,0.5112074613571167,0.7741038203239441,-0.07819491624832153,0.4194420576095581,0.7189891934394836,-0.11015255004167557,0.3642428517341614,0.6904480457305908,-0.12642888724803925,0.3194146752357483,0.6691361665725708,-0.13579271733760834,0.4848916232585907,0.8376355767250061,-0.07844845950603485,0.3856660723686218,0.7786412239074707,-0.10915491729974747,0.322809636592865,0.7418254017829895,-0.12622913718223572,0.27547699213027954,0.7125611901283264,-0.13793449103832245,0.4683229923248291,0.9010459184646606,-0.07759685814380646,0.37897568941116333,0.848050057888031,-0.10234326869249344,0.3219752609729767,0.8086384534835815,-0.11776009947061539,0.2800273001194,0.7748783826828003,-0.12825049459934235,0.46172574162483215,0.9591100215911865,-0.07727821171283722,0.39201590418815613,0.920494556427002,-0.10084398835897446,0.34899038076400757,0.8919247984886169,-0.11264721304178238,0.3156948685646057,0.8648178577423096,-0.1191851943731308
0.6227373480796814,0.9302132725715637,6.607730256291688e-07,0.6232887506484985,0.8261470198631287,-0.02307973988354206,0.5873031616210938,0.7400233149528503,-0.04133347421884537,0.5355520844459534,0.6807853579521179,-0.054086361080408096,0.48081690073013306,0.658066987991333,-0.06840890645980835,0.5156807899475098,0.7612369060516357,-0.06834863871335983,0.42004311084747314,0.7050265073776245,-0.0958450436592102,0.3639889359474182,0.6740928292274475,-0.10840774327516556,0.32077741622924805,0.6513347029685974,-0.11462704837322235,0.4891413450241089,0.8243200778961182,-0.06895917654037476,0.38720858097076416,0.757301926612854,-0.09492552280426025,0.3226182460784912,0.7161363363265991,-0.1089412122964859,0.2763781249523163,0.684822678565979,-0.11817823350429535,0.47248247265815735,0.8895680904388428,-0.06814901530742645,0.3803863823413849,0.8263587355613708,-0.08791812509298325,0.3203924298286438,0.7826255559921265,-0.1025765985250473,0.27635616064071655,0.7449640035629272,-0.1129596009850502,0.46562641859054565,0.9508082866668701,-0.06729694455862045,0.39714476466178894,0.9052847623825073,-0.08630974590778351,0.3532649278640747,0.8733885884284973,-0.09669986367225647,0.3186197876930237,0.8420735597610474,-0.10255741328001022
0.6287034153938293,0.9362500905990601,6.011810000927653e-07,0.6267147064208984,0.8319631218910217,-0.019753608852624893,0.5912690758705139,0.7379295229911804,-0.03723332658410072,0.5373356938362122,0.6764257550239563,-0.05009159445762634,0.480501651763916,0.6512001752853394,-0.06446561217308044,0.5197938680648804,0.7624592781066895,-0.06673586368560791,0.422709584236145,0.7045146822929382,-0.09452346712350845,0.36571431159973145,0.6728881597518921,-0.10658805817365646,0.32274407148361206,0.6495574712753296,-0.11232273280620575,0.4936990439891815,0.8244473338127136,-0.06936223059892654,0.3895576596260071,0.7571772933006287,-0.09590743482112885,0.32504475116729736,0.7153977751731873,-0.10815197974443436,0.2785513401031494,0.6820909380912781,-0.11607387661933899,0.4764658212661743,0.8881644010543823,-0.07043855637311935,0.38257643580436707,0.8249414563179016,-0.09041347354650497,0.32371199131011963,0.7832640409469604,-0.10144767165184021,0.28206467628479004,0.7490938901901245,-0.1090756207704544,0.4681648015975952,0.9506471157073975,-0.071495920419693,0.39906245470046997,0.9011442065238953,-0.08961095660924911,0.35587191581726074,0.8684686422348022,-0.09770254045724869,0.322126567363739,0.8394085764884949,-0.10187362134456635
0.6157619953155518,0.9431242346763611,5.401950602390571e-07,0.6216113567352295,0.8340652585029602,-0.018291842192411423,0.5879019498825073,0.7369400262832642,-0.030201492831110954,0.5317034125328064,0.6734867095947266,-0.03741297125816345,0.4763103723526001,0.6507713198661804,-0.045553192496299744,0.5135627388954163,0.7503277659416199,-0.048839181661605835,0.42367973923683167,0.6908458471298218,-0.06847818195819855,0.36924564838409424,0.6604530811309814,-0.07788458466529846,0.32679784297943115,0.6389333009719849,-0.08282913267612457,0.4818243086338043,0.8101950883865356,-0.04861399158835411,0.38649782538414,0.7405288815498352,-0.06674153357744217,0.3280925154685974,0.6995806097984314,-0.07592605799436569,0.2850966453552246,0.6680164337158203,-0.08201785385608673,0.46071454882621765,0.8711417317390442,-0.04745538532733917,0.37553131580352783,0.8093793392181396,-0.05996838957071304,0.32298192381858826,0.7682466506958008,-0.0667329728603363,0.2852376103401184,0.7350664138793945,-0.07192972302436829,0.449715256690979,0.9290516376495361,-0.04673919826745987,0.38430124521255493,0.8814945816993713,-0.05716346949338913,0.34482377767562866,0.8517438173294067,-0.05975646153092384,0.3146998882293701,0.8236647248268127,-0.06033901497721672
0.5936699509620667,0.9162008762359619,4.664013317778881e-07,0.6030700206756592,0.8103556036949158,-0.015517148189246655,0.5730282068252563,0.7136400938034058,-0.024066776037216187,0.520968496799469,0.6516543626785278,-0.028329579159617424,0.46873101592063904,0.6344906091690063,-0.03184562176465988,0.4842979311943054,0.7225326895713806,-0.029478777199983597,0.4075101912021637,0.666786789894104,-0.04283575341105461,0.35974693298339844,0.6376366019248962,-0.0515969879925251,0.32163500785827637,0.6181576251983643,-0.05685846507549286,0.44875213503837585,0.771573543548584,-0.027506861835718155,0.37410762906074524,0.7043458223342896,-0.03822154924273491,0.32795119285583496,0.6656115055084229,-0.04594311863183975,0.29225945472717285,0.6368364095687866,-0.05170363560318947,0.42369192838668823,0.821258008480072,-0.025041289627552032,0.3573436439037323,0.7566272616386414,-0.030616821721196175,0.31738388538360596,0.7156080603599548,-0.03423774987459183,0.2881813049316406,0.6831332445144653,-0.03815877437591553,0.40831267833709717,0.8684133887290955,-0.023559294641017914,0.3551691770553589,0.8203940987586975,-0.027775458991527557,0.3233306407928467,0.7898250222206116,-0.027401790022850037,0.3005332946777344,0.7617918848991394,-0.02622845768928528
0.5671910643577576,0.8691160678863525,3.7070734038024966e-07,0.559823215007782,0.7639211416244507,0.0035351915284991264,0.5229243040084839,0.6920685172080994,0.0038881225045770407,0.4863041341304779,0.6565736532211304,0.0028184805996716022,0.45390942692756653,0.6580078601837158,0.002122997073456645,0.44262826442718506,0.7043628692626953,0.0026409057900309563,0.37454888224601746,0.6633738279342651,-0.004635557532310486,0.33998239040374756,0.639011561870575,-0.010981356725096703,0.3181673586368561,0.6227995157241821,-0.013614722527563572,0.4185720384120941,0.7482582330703735,-0.0020570766646414995,0.34904900193214417,0.7027410864830017,-0.005520022474229336,0.3166716694831848,0.6730340719223022,-0.01003838237375021,0.29597216844558716,0.6505544185638428,-0.012936211191117764,0.404339462518692,0.7913714647293091,-0.0062638577073812485,0.34140294790267944,0.7497914433479309,-0.004799548536539078,0.31198474764823914,0.7200151681900024,-0.003361154580488801,0.294291228055954,0.6959822177886963,-0.0030605809297412634,0.3995177447795868,0.8299946784973145,-0.010575596243143082,0.3474982976913452,0.798089861869812,-0.00455237552523613,0.3210119605064392,0.7712175250053406,0.002579683670774102,0.30524709820747375,0.748690128326416,0.00814729928970337
0.5482863783836365,0.8581503629684448,1.2823880979340174e-07,0.5445675849914551,0.7636364698410034,0.01175479032099247,0.5148667097091675,0.7038726806640625,0.019282802939414978,0.48049473762512207,0.6770670413970947,0.025746040046215057,0.45331084728240967,0.6756435632705688,0.03195030614733696,0.43487122654914856,0.7136138081550598,0.009561206214129925,0.370042085647583,0.6903985738754272,0.013094894587993622,0.33831918239593506,0.6848523616790771,0.013981464318931103,0.314791202545166,0.6821520924568176,0.014456993900239468,0.41439175605773926,0.7573992013931274,0.005355530418455601,0.34676748514175415,0.7287631034851074,0.012231854721903801,0.31666499376296997,0.7174999713897705,0.01352283637970686,0.29533377289772034,0.7084677219390869,0.012412911280989647,0.40538227558135986,0.80240797996521,0.0028073342982679605,0.34923797845840454,0.7794356942176819,0.011032478883862495,0.3223385810852051,0.766118586063385,0.012661873362958431,0.3038240373134613,0.7552184462547302,0.010813748463988304,0.4051356315612793,0.842833399772644,0.0012439856072887778,0.36476844549179077,0.8194584846496582,0.01179586723446846,0.34542685747146606,0.8037638664245605,0.018673021346330643,0.331062376499176,0.7888268828392029,0.021966852247714996
0.5447341799736023,0.847746729850769,1.3654245378802443e-07,0.5438115000724792,0.7596185803413391,0.010209314525127411,0.5170978307723999,0.703439474105835,0.017209678888320923,0.48306524753570557,0.6812459826469421,0.022387534379959106,0.45470327138900757,0.6833714842796326,0.027018362656235695,0.4376221001148224,0.7094686031341553,0.012037633918225765,0.3755198121070862,0.6899479627609253,0.01278630830347538,0.34266313910484314,0.6802449226379395,0.011823480017483234,0.3186042308807373,0.6744584441184998,0.011444460600614548,0.41984865069389343,0.7510618567466736,0.005728932563215494,0.35523366928100586,0.7229383587837219,0.00760191073641181,0.3208484649658203,0.7096561193466187,0.00642628688365221,0.29654157161712646,0.699744701385498,0.0050834594294428825,0.4113551378250122,0.7951551079750061,9.54005736275576e-06,0.3541727662086487,0.766442060470581,0.0021490182261914015,0.32310375571250916,0.7501974701881409,0.000416986586060375,0.30071261525154114,0.7369813323020935,-0.0018021432915702462,0.409943550825119,0.8400722742080688,-0.004786711186170578,0.36388474702835083,0.8165960311889648,-0.001556974253617227,0.33924102783203125,0.8012188076972961,0.0008957472164183855,0.3201240599155426,0.7857635021209717,0.0024938618298619986
0.5436584949493408,0.8382132053375244,1.8744985652574542e-07,0.542015552520752,0.7497803568840027,0.011176222935318947,0.5126311182975769,0.6966508030891418,0.019482988864183426,0.47837337851524353,0.6790835857391357,0.026140563189983368,0.45327073335647583,0.6886892914772034,0.03217872604727745,0.4355933964252472,0.706050455570221,0.015127389691770077,0.3781893253326416,0.6898138523101807,0.018891656771302223,0.34734493494033813,0.6826977133750916,0.019033445045351982,0.3244227170944214,0.6777589917182922,0.018926065415143967,0.4178370237350464,0.749362587928772,0.009142857044935226,0.35642167925834656,0.722291111946106,0.013083676807582378,0.32236558198928833,0.7066506147384644,0.012365649454295635,0.29787111282348633,0.6942017674446106,0.011337094008922577,0.41025587916374207,0.7945099472999573,0.003953725565224886,0.35479429364204407,0.7703245282173157,0.0076788030564785,0.3255540132522583,0.7538444399833679,0.006041386164724827,0.30448511242866516,0.7393795847892761,0.004104012623429298,0.41135260462760925,0.8385471105575562,-0.00016993230383377522,0.3641085624694824,0.8166255354881287,0.004779874347150326,0.3399363160133362,0.8009296655654907,0.008199434727430344,0.3218421936035156,0.7844399809837341,0.010441690683364868
0.5429573655128479,0.8426557779312134,2.0582956494763494e-07,0.543198823928833,0.7566428780555725,0.0051971375942230225,0.5155766606330872,0.7025393843650818,0.010151389054954052,0.480157732963562,0.6836532354354858,0.01483964454382658,0.452775776386261,0.6843950748443604,0.01926993951201439,0.439838171005249,0.7125768065452576,0.0058359852991998196,0.38026878237724304,0.6946590542793274,0.006836312357336283,0.3483973741531372,0.6864694952964783,0.006399409379810095,0.32463815808296204,0.6813108325004578,0.006171510089188814,0.4209495782852173,0.7557480335235596,0.002163223223760724,0.3597047030925751,0.7275224328041077,0.003074620384722948,0.3255605101585388,0.7117719650268555,0.0018489161739125848,0.30148351192474365,0.6998145580291748,0.0009764895658008754,0.41254767775535583,0.8005653023719788,-0.0009257710771635175,0.3568243980407715,0.7750420570373535,0.0003557111194822937,0.3262783885002136,0.7566735148429871,-0.001471552299335599,0.3046197295188904,0.740985631942749,-0.003146601840853691,0.41304269433021545,0.8439578413963318,-0.0033027457538992167,0.36638063192367554,0.8187960982322693,-0.00047570921014994383,0.342464804649353,0.8011082410812378,0.0023383230436593294,0.32538869976997375,0.7835128307342529,0.004613290540874004
0.5465184450149536,0.8431453108787537,1.778050346956661e-07,0.5484675168991089,0.75992351770401,0.003017677925527096,0.5190780162811279,0.7061685919761658,0.00622543366625905,0.48536521196365356,0.6836369037628174,0.008945005014538765,0.456982284784317,0.6855410933494568,0.01148016657680273,0.44619473814964294,0.7134060859680176,0.0017135990783572197,0.3887467384338379,0.6952571272850037,-0.000926572538446635,0.35572919249534607,0.6849907636642456,-0.0037616007030010223,0.33020469546318054,0.6779951453208923,-0.005830193869769573,0.4263935387134552,0.7533145546913147,-0.002859970787540078,0.3663686513900757,0.7266689538955688,-0.005593340378254652,0.3309706449508667,0.7109642028808594,-0.008990339934825897,0.3041102886199951,0.6983684301376343,-0.011643333360552788,0.4154853820800781,0.7954704165458679,-0.007131247781217098,0.35987842082977295,0.7665637135505676,-0.009403134696185589,0.3268662691116333,0.748735785484314,-0.013247703202068806,0.30200111865997314,0.7338055372238159,-0.016261523589491844,0.4123046398162842,0.8372591137886047,-0.010926003567874432,0.36579155921936035,0.8120711445808411,-0.012340331450104713,0.3389222025871277,0.7953848838806152,-0.012635930441319942,0.3184976577758789,0.7789633274078369,-0.012447706423699856
0.539364218711853,0.8400556445121765,1.831949134611932e-07,0.543756365776062,0.7549916505813599,0.004449409432709217,0.5182296633720398,0.6994427442550659,0.00979659240692854,0.48557043075561523,0.6818366050720215,0.01445893757045269,0.45888960361480713,0.6873380541801453,0.018916210159659386,0.43559759855270386,0.7073065042495728,0.011255094781517982,0.38217929005622864,0.694311261177063,0.013987421989440918,0.3522448241710663,0.6876686811447144,0.01301469374448061,0.3285631835460663,0.6833792924880981,0.011734090745449066,0.4170791506767273,0.7463505268096924,0.00745767867192626,0.3594914376735687,0.7248433232307434,0.01043358538299799,0.3269701302051544,0.7130488157272339,0.008421914651989937,0.30397850275039673,0.7041536569595337,0.006225754972547293,0.4080102741718292,0.788818359375,0.003687288612127304,0.35473719239234924,0.7641022801399231,0.005208554677665234,0.32475924491882324,0.7478383183479309,0.0014160028658807278,0.30309510231018066,0.7345114350318909,-0.0019115876639261842,0.40613433718681335,0.8322831988334656,0.00043915584683418274,0.36038854718208313,0.8101890087127686,0.001745101879350841,0.33567720651626587,0.7959317564964294,0.002249707467854023,0.31696486473083496,0.78188556432724,0.002721206285059452
0.5415122509002686,0.8284987211227417,3.35602521772671e-07,0.5486903190612793,0.7465997338294983,-0.012762008234858513,0.51743483543396,0.6786339282989502,-0.016291741281747818,0.47920364141464233,0.6508392095565796,-0.017080308869481087,0.4507251977920532,0.6467117071151733,-0.016667407006025314,0.4335818588733673,0.6958920359611511,-0.008540297858417034,0.39100438356399536,0.658897340297699,-0.016486305743455887,0.36301204562187195,0.6335393190383911,-0.02466859109699726,0.3443151116371155,0.6157418489456177,-0.030373629182577133,0.412111759185791,0.7372542023658752,-0.005377044901251793,0.3674485683441162,0.6966381669044495,-0.012288294732570648,0.3418806493282318,0.6677521467208862,-0.018445022404193878,0.3227674961090088,0.6455684304237366,-0.022463468834757805,0.4007241725921631,0.7743356227874756,-0.003067470621317625,0.35909637808799744,0.7347515821456909,-0.007725717034190893,0.3363075852394104,0.7057557702064514,-0.00772508792579174,0.3186587989330292,0.6831849813461304,-0.007490776479244232,0.3987804353237152,0.8055632710456848,-0.0020814447198063135,0.36470043659210205,0.7692766189575195,-0.004356475081294775,0.3453659117221832,0.7441210746765137,-0.001508017536252737,0.3313325345516205,0.7242110371589661,0.0016624311683699489
0.5546988844871521,0.8130918741226196,4.0358773389925773e-07,0.5616708993911743,0.7277269959449768,-0.021648431196808815,0.530900239944458,0.6587039828300476,-0.03135128691792488,0.49195539951324463,0.6209123730659485,-0.03590042144060135,0.45567256212234497,0.6158992052078247,-0.04070024937391281,0.46158072352409363,0.6708368062973022,-0.039644062519073486,0.40075138211250305,0.6354210376739502,-0.057490039616823196,0.36228716373443604,0.6068292260169983,-0.06976161897182465,0.3339134454727173,0.5836597084999084,-0.07703401893377304,0.43822866678237915,0.7146132588386536,-0.03452247753739357,0.37611478567123413,0.6757830381393433,-0.04793807491660118,0.33812960982322693,0.6432311534881592,-0.05546919256448746,0.31017863750457764,0.6137639284133911,-0.0605752058327198,0.4256606698036194,0.7584685683250427,-0.029810655862092972,0.36748260259628296,0.7245603203773499,-0.040276650339365005,0.3366418182849884,0.6955878138542175,-0.04381973296403885,0.31659072637557983,0.6693770885467529,-0.04551565647125244,0.4210342466831207,0.7977681756019592,-0.02652442827820778,0.36941492557525635,0.7630276679992676,-0.036620475351810455,0.33723023533821106,0.7386940121650696,-0.0392630472779274,0.31349608302116394,0.7162519097328186,-0.03942788392305374
0.5685377717018127,0.8298717141151428,5.882789650968334e-07,0.592227578163147,0.7338149547576904,-0.027883699163794518,0.5671074986457825,0.649121105670929,-0.042943548411130905,0.5171912908554077,0.5882323384284973,-0.049828920513391495,0.46772074699401855,0.5650770664215088,-0.057259853929281235,0.49482160806655884,0.6569021344184875,-0.058605730533599854,0.4153534770011902,0.5976651906967163,-0.07612534612417221,0.36565983295440674,0.5645328760147095,-0.08523858338594437,0.3258628249168396,0.5414180159568787,-0.08989672362804413,0.46035224199295044,0.7078997492790222,-0.048797450959682465,0.3840042054653168,0.6406962275505066,-0.06336749345064163,0.33386698365211487,0.6034480929374695,-0.07066119462251663,0.2968587577342987,0.5785651803016663,-0.07531003654003143,0.4349232614040375,0.758478045463562,-0.037684328854084015,0.37066930532455444,0.6956170797348022,-0.044977571815252304,0.331342875957489,0.6563929915428162,-0.04760168120265007,0.3042796850204468,0.6293981075286865,-0.050036847591400146,0.41936343908309937,0.8050752878189087,-0.027869807556271553,0.369912326335907,0.7521135210990906,-0.033060330897569656,0.34071218967437744,0.7197998762130737,-0.03243470937013626,0.3200983703136444,0.6937583088874817,-0.03085709549486637
0.5961707830429077,0.8576398491859436,5.037421146880661e-07,0.6104781031608582,0.7503557205200195,-0.017268836498260498,0.5786104202270508,0.658340334892273,-0.028477562591433525,0.5264021754264832,0.5976777076721191,-0.03507983684539795,0.47595539689064026,0.5682528614997864,-0.04339107871055603,0.5053055286407471,0.6655626893043518,-0.05077767372131348,0.4209516644477844,0.6073341369628906,-0.07052057236433029,0.368255615234375,0.573154866695404,-0.08061349391937256,0.32603973150253296,0.5475188493728638,-0.08632314950227737,0.47601208090782166,0.7217617630958557,-0.05085131525993347,0.38619178533554077,0.6532760262489319,-0.07048005610704422,0.3270636796951294,0.6096153855323792,-0.08207887411117554,0.2830198109149933,0.5746832489967346,-0.08986789733171463,0.45640259981155396,0.780881404876709,-0.04922879487276077,0.37634414434432983,0.7129302024841309,-0.06430989503860474,0.32524630427360535,0.6666598320007324,-0.07376103848218918,0.2900296449661255,0.6304292678833008,-0.07995563000440598,0.44593098759651184,0.839879035949707,-0.04754333943128586,0.3833007216453552,0.7856594920158386,-0.06182672828435898,0.3452417254447937,0.7504487633705139,-0.06759516149759293,0.3165041208267212,0.7194111347198486,-0.06981324404478073
0.6111010313034058,0.8683626651763916,4.059503453390789e-07,0.6196697354316711,0.7612589597702026,-0.009421824477612972,0.584161639213562,0.6638002395629883,-0.017794597893953323,0.5289878249168396,0.6019522547721863,-0.023103196173906326,0.4779585897922516,0.5735433101654053,-0.030636893585324287,0.5126147866249084,0.665986180305481,-0.04676329717040062,0.4228931665420532,0.6081034541130066,-0.06569879502058029,0.37033775448799133,0.575687050819397,-0.07373450696468353,0.330262690782547,0.5519625544548035,-0.07768375426530838,0.48550015687942505,0.7180599570274353,-0.051170364022254944,0.389798104763031,0.6498212814331055,-0.07023134082555771,0.32925859093666077,0.6073669195175171,-0.07959478348493576,0.2856404483318329,0.573509931564331,-0.08560752123594284,0.4664561152458191,0.7763203978538513,-0.053419120609760284,0.37973326444625854,0.7091907262802124,-0.06797882169485092,0.32616448402404785,0.6640598177909851,-0.07657156884670258,0.2888583540916443,0.6273207664489746,-0.08250217139720917,0.45564505457878113,0.8398423790931702,-0.054877135902643204,0.39037245512008667,0.7883275151252747,-0.06912486255168915,0.35132306814193726,0.7532886862754822,-0.07483305782079697,0.32042887806892395,0.7217289805412292,-0.07721800357103348
0.617195188999176,0.8776677250862122,3.779485382437997e-07,0.623386025428772,0.7625865340232849,-0.004315090365707874,0.585606575012207,0.6654009222984314,-0.009960939176380634,0.5283282995223999,0.6027719378471375,-0.013077584095299244,0.4757736027240753,0.5765039920806885,-0.018226247280836105,0.5153761506080627,0.6713993549346924,-0.041540857404470444,0.42179131507873535,0.6100193858146667,-0.057450346648693085,0.3696970045566559,0.5750647187232971,-0.06333064287900925,0.3306785225868225,0.5487371683120728,-0.06597460061311722,0.48770543932914734,0.7259743213653564,-0.04661870747804642,0.3894071578979492,0.652340292930603,-0.06375982612371445,0.3291671872138977,0.6079922914505005,-0.07231688499450684,0.28754693269729614,0.5744166374206543,-0.07793532311916351,0.4690886437892914,0.7839226126670837,-0.048854440450668335,0.380268931388855,0.7124797701835632,-0.06175343692302704,0.32701796293258667,0.6656847596168518,-0.0705401822924614,0.29119277000427246,0.6294617652893066,-0.076755590736866,0.46004819869995117,0.8445243239402771,-0.049712903797626495,0.39236724376678467,0.7877925038337708,-0.06284564733505249,0.3527607321739197,0.752435028553009,-0.06861498951911926,0.321216881275177,0.7216891646385193,-0.07114255428314209
0.6199714541435242,0.8759559988975525,3.3590063708288653e-07,0.6244349479675293,0.7616403102874756,-0.0011270378017798066,0.5868858098983765,0.665219783782959,-0.004430638160556555,0.5293753147125244,0.6033390760421753,-0.005702868569642305,0.4790382981300354,0.5749281048774719,-0.009383033961057663,0.5193338990211487,0.6657742857933044,-0.036611154675483704,0.42584624886512756,0.6079621911048889,-0.05070214346051216,0.3732461929321289,0.5762482285499573,-0.05556366965174675,0.33199769258499146,0.5532745718955994,-0.057693202048540115,0.4912821054458618,0.7168402671813965,-0.04288725554943085,0.3941206932067871,0.6424088478088379,-0.05786391347646713,0.3335987329483032,0.5995017290115356,-0.06462656706571579,0.29083678126335144,0.5678059458732605,-0.06909140944480896,0.47131863236427307,0.7738103270530701,-0.04626676067709923,0.3851374089717865,0.7019949555397034,-0.05733266845345497,0.3338695168495178,0.6548523902893066,-0.063169464468956,0.29983460903167725,0.6177350282669067,-0.0674927681684494,0.4594869613647461,0.8373974561691284,-0.048204340040683746,0.3919679820537567,0.7794164419174194,-0.05939922109246254,0.354350209236145,0.7417497038841248,-0.06246253103017807,0.3246423006057739,0.7072165608406067,-0.0631997212767601
0.5945670008659363,0.8628771305084229,4.034729386148683e-07,0.5962386727333069,0.7544173002243042,-0.008791333995759487,0.5651155114173889,0.6619613170623779,-0.013266592286527157,0.5163827538490295,0.5999627113342285,-0.015928620472550392,0.4672055244445801,0.5853064060211182,-0.018754102289676666,0.4784201979637146,0.66921466588974,-0.01587524078786373,0.40285494923591614,0.6108229756355286,-0.025372831150889397,0.3613318204879761,0.5802243947982788,-0.03218213468790054,0.32966455817222595,0.5558804273605347,-0.036216653883457184,0.4501357972621918,0.7150775790214539,-0.016641845926642418,0.3711971640586853,0.6473863124847412,-0.024323564022779465,0.32379841804504395,0.6083824634552002,-0.0318414606153965,0.2904091477394104,0.5795813798904419,-0.03778400644659996,0.433576375246048,0.7641393542289734,-0.017096133902668953,0.3637961149215698,0.7022981643676758,-0.022128505632281303,0.322750061750412,0.6665276885032654,-0.027655182406306267,0.29450830817222595,0.6404899954795837,-0.03253887593746185,0.4269288182258606,0.8139913082122803,-0.017883969470858574,0.3724173903465271,0.7631068229675293,-0.022731879726052284,0.34017401933670044,0.7335131168365479,-0.024210108444094658,0.3157240152359009,0.7090930342674255,-0.024558283388614655
0.5827322006225586,0.8496799468994141,2.80652983519758e-07,0.561601459980011,0.7339703440666199,-0.008158777840435505,0.5184960961341858,0.651914656162262,-0.023267146199941635,0.4668131470680237,0.625083327293396,-0.039362505078315735,0.42313599586486816,0.6393076181411743,-0.05907536298036575,0.46863067150115967,0.6524917483329773,-0.036754053086042404,0.38951343297958374,0.6213499307632446,-0.06928841024637222,0.3379564583301544,0.604179859161377,-0.09296151995658875,0.3017214834690094,0.5854160189628601,-0.1091080904006958,0.4581572413444519,0.695099413394928,-0.05050787329673767,0.37247490882873535,0.6600368022918701,-0.08133131265640259,0.32175737619400024,0.6363444924354553,-0.10200423747301102,0.2864639163017273,0.6146695017814636,-0.116651251912117,0.45717480778694153,0.7484732866287231,-0.06460549682378769,0.377851277589798,0.7097334861755371,-0.09356275200843811,0.3319578170776367,0.6895588040351868,-0.10697262734174728,0.2992199659347534,0.6728410124778748,-0.11558593809604645,0.4638679027557373,0.8053125143051147,-0.07855390757322311,0.4154932200908661,0.7767235636711121,-0.10596130788326263,0.382993221282959,0.7570803761482239,-0.11657217890024185,0.35557499527931213,0.7393124103546143,-0.12246087938547134
0.5384383201599121,0.8638982176780701,5.642761635726856e-08,0.5396333336830139,0.76442950963974,0.02134641259908676,0.5123740434646606,0.6990811824798584,0.037462398409843445,0.47311368584632874,0.670362651348114,0.052016571164131165,0.44355589151382446,0.6731444597244263,0.06673704832792282,0.41610875725746155,0.7046186327934265,0.031525470316410065,0.3485867977142334,0.6811636090278625,0.04456350952386856,0.3213668763637543,0.6776939630508423,0.05188748240470886,0.3059149384498596,0.6784247756004333,0.05679740011692047,0.397025465965271,0.753134548664093,0.027421457692980766,0.3273293375968933,0.7249760627746582,0.03860005363821983,0.3018425703048706,0.7170854806900024,0.044443145394325256,0.286879301071167,0.7127270698547363,0.04793716222047806,0.3889177739620209,0.8019818067550659,0.02511914074420929,0.33139631152153015,0.7762300968170166,0.03524511307477951,0.3059643507003784,0.7629604935646057,0.0415714867413044,0.2893995940685272,0.7545802593231201,0.04500532150268555,0.39210811257362366,0.8462947010993958,0.02485795132815838,0.3444750905036926,0.8261448740959167,0.03822751343250275,0.32398632168769836,0.8142126798629761,0.04850247502326965,0.30990153551101685,0.8040358424186707,0.05544275417923927
0.5359283685684204,0.8633294105529785,1.487647551812188e-07,0.541043221950531,0.7690523266792297,0.01122975442558527,0.5160900354385376,0.7095623016357422,0.023700594902038574,0.4815101623535156,0.6824289560317993,0.036010585725307465,0.4533301293849945,0.6725285053253174,0.049486998468637466,0.4261038899421692,0.7212790846824646,0.022344302386045456,0.3658278286457062,0.6980100870132446,0.03282816335558891,0.3364710807800293,0.6909336447715759,0.03828858584165573,0.3145599961280823,0.6880837678909302,0.04214237630367279,0.406058669090271,0.7659378051757812,0.022061826661229134,0.3429197072982788,0.7329944968223572,0.03274707496166229,0.31395676732063293,0.7198102474212646,0.03757713362574577,0.29357340931892395,0.7125595808029175,0.040689047425985336,0.39769190549850464,0.8111661672592163,0.02256912738084793,0.3460511565208435,0.7882844805717468,0.033431489020586014,0.31973984837532043,0.7750188708305359,0.03707912564277649,0.3011632263660431,0.7651925086975098,0.038672223687171936,0.39938437938690186,0.8518895506858826,0.02385428547859192,0.3597598075866699,0.827301561832428,0.03864404559135437,0.3407309055328369,0.8113453388214111,0.047625090926885605,0.3289501667022705,0.7970888614654541,0.0532640740275383
0.5321218967437744,0.8570526242256165,1.780507830062561e-07,0.5361632108688354,0.7670787572860718,0.0055800252594053745,0.5104488730430603,0.7084559202194214,0.011723297648131847,0.4763590097427368,0.6835427284240723,0.017074234783649445,0.44773441553115845,0.6827050447463989,0.022675957530736923,0.4274419844150543,0.7172335982322693,0.012706986628472805,0.37096354365348816,0.7002695798873901,0.016238702461123466,0.3418549597263336,0.6941607594490051,0.016406552866101265,0.3201836943626404,0.6897203922271729,0.016503499820828438,0.4086604118347168,0.7612950801849365,0.01033905241638422,0.34909993410110474,0.738290011882782,0.015194619074463844,0.3181909918785095,0.725867509841919,0.015110683627426624,0.2957439422607422,0.7155166268348694,0.0143077801913023,0.40029680728912354,0.8064725995063782,0.008097037672996521,0.34858429431915283,0.7865514755249023,0.013578417710959911,0.32073861360549927,0.7730520963668823,0.012635785154998302,0.300642728805542,0.7613542079925537,0.010662749409675598,0.39998406171798706,0.8485221266746521,0.006112860515713692,0.3610799312591553,0.8281380534172058,0.013994795270264149,0.34085437655448914,0.8139751553535461,0.018003370612859726,0.3269703984260559,0.8010645508766174,0.020189965143799782
0.5325852632522583,0.8537417650222778,2.05551529575132e-07,0.5384882092475891,0.7654271125793457,0.003679415909573436,0.5117892026901245,0.7068056464195251,0.009879128076136112,0.4765075445175171,0.6792586445808411,0.016511304304003716,0.4485491216182709,0.6776816844940186,0.02329694665968418,0.4315212070941925,0.719197690486908,0.007941260002553463,0.3757365942001343,0.7004064321517944,0.01212153211236,0.34502673149108887,0.6915313601493835,0.01302302721887827,0.3220626711845398,0.6862257122993469,0.013086401857435703,0.41106510162353516,0.7632551789283752,0.0060549089685082436,0.3514602780342102,0.7360305786132812,0.009617234580218792,0.31768715381622314,0.7211068868637085,0.008897354826331139,0.2938023507595062,0.7100658416748047,0.007795935031026602,0.40164682269096375,0.8083583116531372,0.004542960319668055,0.3468262851238251,0.7837197780609131,0.007018207106739283,0.3174436688423157,0.7653342485427856,0.004178912844508886,0.2969547510147095,0.7501557469367981,0.001449650269933045,0.40064436197280884,0.8504390120506287,0.0036233249120414257,0.3546249270439148,0.8280400633811951,0.005846943706274033,0.32960575819015503,0.8114266395568848,0.006345837377011776,0.31140586733818054,0.7936702370643616,0.006737957708537579
0.5425106287002563,0.8218604326248169,2.1781730197290017e-07,0.5424626469612122,0.7423202991485596,-0.008781934157013893,0.5153077840805054,0.6702117323875427,-0.014515046961605549,0.4838194251060486,0.6356118321418762,-0.01986403949558735,0.4597690999507904,0.6374673843383789,-0.0246722474694252,0.43311604857444763,0.692192018032074,-0.00910970289260149,0.3945457637310028,0.6495612263679504,-0.021191813051700592,0.3760952055454254,0.6274476647377014,-0.03135811537504196,0.3647378981113434,0.6158690452575684,-0.03805406391620636,0.4140615165233612,0.7295737266540527,-0.011387264356017113,0.3774561882019043,0.6852223873138428,-0.020447541028261185,0.36534786224365234,0.6624319553375244,-0.027737056836485863,0.3565504550933838,0.648815393447876,-0.03311445564031601,0.40479111671447754,0.7665119171142578,-0.014586308039724827,0.3704569339752197,0.7218334078788757,-0.021211551502346992,0.36757028102874756,0.7001718282699585,-0.01992001198232174,0.3674986958503723,0.6883296370506287,-0.01898152194917202,0.4038750231266022,0.7989587783813477,-0.01890714466571808,0.3734036684036255,0.7614566683769226,-0.021246282383799553,0.37051063776016235,0.7412106394767761,-0.016077470034360886,0.372221976518631,0.7309147119522095,-0.011572103016078472
0.5806273818016052,0.8064476847648621,3.916311470675282e-07,0.5887014865875244,0.7108728885650635,-0.016333138570189476,0.5598023533821106,0.6358441710472107,-0.023863814771175385,0.527336597442627,0.5800029039382935,-0.02926405891776085,0.5134429931640625,0.5250669717788696,-0.03455888852477074,0.46765512228012085,0.6612110137939453,-0.00952853076159954,0.4086223542690277,0.638405978679657,-0.016476545482873917,0.3676758110523224,0.6274210214614868,-0.024650197476148605,0.33493685722351074,0.6214578151702881,-0.03105810098350048,0.4450432360172272,0.7099392414093018,-0.00795266404747963,0.3816249966621399,0.6793462038040161,-0.012446070089936256,0.33797699213027954,0.663500189781189,-0.019231636077165604,0.3043484091758728,0.6526067852973938,-0.02462896518409252,0.43193233013153076,0.7612706422805786,-0.007992717437446117,0.37358012795448303,0.7271938920021057,-0.013757548294961452,0.33772456645965576,0.7071025967597961,-0.018925422802567482,0.31086623668670654,0.6915202140808105,-0.02239769883453846,0.42758291959762573,0.8131469488143921,-0.009438763372600079,0.3807447850704193,0.7819153666496277,-0.01633957214653492,0.3521721065044403,0.7615536451339722,-0.018516983836889267,0.32941097021102905,0.7417810559272766,-0.01857917197048664
0.5889905691146851,0.8179141879081726,4.0525580402572814e-07,0.5936814546585083,0.7171374559402466,-0.014788491651415825,0.5658972263336182,0.6412114500999451,-0.021887440234422684,0.5262922048568726,0.592682957649231,-0.0261505376547575,0.4985215961933136,0.5511851906776428,-0.030228853225708008,0.4729914665222168,0.6688829660415649,-0.016002729535102844,0.4083384871482849,0.6406933069229126,-0.02268856018781662,0.36925816535949707,0.6273943781852722,-0.028983058407902718,0.33858224749565125,0.6176310181617737,-0.033655259758234024,0.45076754689216614,0.71955806016922,-0.01401976216584444,0.38206517696380615,0.6838656663894653,-0.019404176622629166,0.3373863101005554,0.6640620231628418,-0.02630450390279293,0.304730623960495,0.6481648087501526,-0.03203653171658516,0.4397861957550049,0.7719922661781311,-0.012637949548661709,0.37688544392585754,0.7344784736633301,-0.018229342997074127,0.3385005593299866,0.710243821144104,-0.025038087740540504,0.31025612354278564,0.6890383362770081,-0.030479270964860916,0.43670403957366943,0.8229787349700928,-0.012014081701636314,0.3866833746433258,0.7914124131202698,-0.019259560853242874,0.35702866315841675,0.7713710069656372,-0.02292570285499096,0.33303529024124146,0.7502403855323792,-0.024558626115322113
0.5868129730224609,0.8148523569107056,3.584639216569485e-07,0.5912651419639587,0.7134506106376648,-0.0018965891795232892,0.5643793344497681,0.6407511234283447,-0.0024227865505963564,0.525571346282959,0.5982697010040283,-0.002216496504843235,0.49351900815963745,0.5679841637611389,-0.0020941956900060177,0.4715321660041809,0.6617818474769592,-0.001704234629869461,0.4031822681427002,0.634130597114563,-0.0017383917002007365,0.36412715911865234,0.6248377561569214,-0.0023307783994823694,0.33623385429382324,0.6212650537490845,-0.002565491944551468,0.4496924877166748,0.7108139991760254,-0.0035828857216984034,0.37726080417633057,0.6707847714424133,-0.0023802381474524736,0.3336085081100464,0.6540822386741638,-0.0036188471131026745,0.3036433160305023,0.6433576345443726,-0.004930425900965929,0.43917953968048096,0.7625504732131958,-0.005366227123886347,0.37291842699050903,0.7251638770103455,-0.004899197723716497,0.3341020941734314,0.7020286321640015,-0.008057977072894573,0.30768200755119324,0.6845595240592957,-0.01129139494150877,0.43676748871803284,0.8157309293746948,-0.006899992469698191,0.38384318351745605,0.7886365652084351,-0.007544409483671188,0.35337474942207336,0.7688039541244507,-0.007422217633575201,0.3307307958602905,0.7486139535903931,-0.006873123347759247
0.5886253118515015,0.8146368265151978,3.7297104427125305e-07,0.5914389491081238,0.7096284627914429,-0.008195117115974426,0.5637696385383606,0.634411096572876,-0.012962786480784416,0.5217612385749817,0.58674556016922,-0.015603767707943916,0.490346223115921,0.5505017638206482,-0.017623931169509888,0.4719574749469757,0.6618216037750244,-0.010890685021877289,0.39965924620628357,0.6331626176834106,-0.014406334608793259,0.36020156741142273,0.6228619813919067,-0.017100133001804352,0.33260029554367065,0.6179873943328857,-0.018103837966918945,0.44970783591270447,0.7134501338005066,-0.00977215077728033,0.37419188022613525,0.6745354533195496,-0.010559787973761559,0.33014827966690063,0.6579272150993347,-0.01205527689307928,0.3013099133968353,0.6493562459945679,-0.01335001178085804,0.4389198422431946,0.7665160298347473,-0.008622488006949425,0.37528738379478455,0.7336337566375732,-0.00856870599091053,0.34023964405059814,0.7158936262130737,-0.009312783367931843,0.3187495470046997,0.7052997350692749,-0.010565671138465405,0.43612200021743774,0.8176578879356384,-0.007863282226026058,0.3860773742198944,0.7872000932693481,-0.008427918888628483,0.3576090335845947,0.7683190703392029,-0.006565913558006287,0.33655303716659546,0.7514885663986206,-0.004288777709007263
0.5862882137298584,0.8555760383605957,5.780551646239473e-07,0.5933125019073486,0.7498549222946167,-0.03568482771515846,0.5536024570465088,0.656222403049469,-0.049891743808984756,0.5030037760734558,0.5961782932281494,-0.05617693066596985,0.4608008861541748,0.5570620894432068,-0.060587942600250244,0.4697766602039337,0.7156516313552856,-0.04470580071210861,0.39245176315307617,0.6775690317153931,-0.05939734727144241,0.3507276773452759,0.6501803994178772,-0.06693416833877563,0.3256479501724243,0.6338675022125244,-0.06972478330135345,0.4446333050727844,0.777377724647522,-0.0299938153475523,0.37001413106918335,0.7334869503974915,-0.03997698053717613,0.3329147696495056,0.7010255455970764,-0.04369277134537697,0.3112722933292389,0.6816413402557373,-0.046302419155836105,0.4310470521450043,0.8315373659133911,-0.01687534525990486,0.3713444769382477,0.7872654795646667,-0.024729745462536812,0.35791900753974915,0.759914755821228,-0.022974418476223946,0.35786107182502747,0.7447240352630615,-0.020519515499472618,0.42584261298179626,0.875592827796936,-0.006375005468726158,0.3767784833908081,0.8396000862121582,-0.011784595437347889,0.36586856842041016,0.8172585368156433,-0.008351359516382217,0.3681027293205261,0.8063248991966248,-0.0036046672612428665
0.5755566358566284,0.786557137966156,4.848602657148149e-07,0.5866581201553345,0.70228111743927,-0.020072592422366142,0.5648428797721863,0.6352142095565796,-0.03146933764219284,0.5361772179603577,0.59186851978302,-0.03945641964673996,0.5109056830406189,0.5607462525367737,-0.047692328691482544,0.49454694986343384,0.6582813858985901,-0.03360671177506447,0.4302656054496765,0.6343552470207214,-0.04965614527463913,0.38618940114974976,0.621707558631897,-0.059196725487709045,0.35167595744132996,0.6141798496246338,-0.06534719467163086,0.47404152154922485,0.7059870958328247,-0.032814040780067444,0.406680703163147,0.6782760620117188,-0.04891172796487808,0.3613447844982147,0.658808708190918,-0.06011084094643593,0.32597464323043823,0.64289391040802,-0.06752584129571915,0.4613257646560669,0.7561294436454773,-0.032593563199043274,0.398784875869751,0.7296580076217651,-0.04820786789059639,0.35984548926353455,0.704971432685852,-0.05814856290817261,0.329292893409729,0.6834442019462585,-0.06371467560529709,0.45579391717910767,0.8045852184295654,-0.03308883309364319,0.40615466237068176,0.7804452180862427,-0.04892302304506302,0.3736587166786194,0.7608237862586975,-0.05645454674959183,0.3477572798728943,0.7401216626167297,-0.05980817973613739
0.5956835150718689,0.784618616104126,4.1372800296812784e-07,0.6045984625816345,0.6972468495368958,-0.014051874168217182,0.5820042490959167,0.6316041946411133,-0.020152591168880463,0.5501391887664795,0.5890477895736694,-0.024086851626634598,0.519690215587616,0.5569474697113037,-0.027757512405514717,0.4882117211818695,0.6488345265388489,-0.010315666906535625,0.4244140088558197,0.6268200278282166,-0.015574302524328232,0.3844240605831146,0.6176955103874207,-0.020574035122990608,0.3541666865348816,0.6116691827774048,-0.024284983053803444,0.468338280916214,0.6930732131004333,-0.009176675230264664,0.39980992674827576,0.6678455471992493,-0.013361764140427113,0.3563673496246338,0.65318763256073,-0.01992378756403923,0.3243976831436157,0.6402666568756104,-0.024978693574666977,0.4568227529525757,0.7432540059089661,-0.009268493391573429,0.39309704303741455,0.7166415452957153,-0.01590396836400032,0.35456645488739014,0.6978405117988586,-0.024307725951075554,0.32577240467071533,0.6802026033401489,-0.02997221052646637,0.4521563947200775,0.7953972816467285,-0.009983994998037815,0.4009803831577301,0.7708740234375,-0.018503520637750626,0.37073785066604614,0.754524827003479,-0.023650147020816803,0.3470410108566284,0.7352780103683472,-0.02596798725426197
0.606835663318634,0.7908424139022827,3.6883696452605363e-07,0.6128770112991333,0.6971191167831421,-0.006562598515301943,0.5856108069419861,0.6275312304496765,-0.009374244138598442,0.5522794127464294,0.5853177309036255,-0.011455671861767769,0.5247445702552795,0.5573796033859253,-0.013483991846442223,0.4886324107646942,0.6441952586174011,-0.005446615628898144,0.42013323307037354,0.6238267421722412,-0.0095608439296484,0.3806918263435364,0.6145668029785156,-0.013883967883884907,0.3520662784576416,0.6084170341491699,-0.016535619273781776,0.46697768568992615,0.6912630200386047,-0.007605779450386763,0.3952537775039673,0.660702109336853,-0.009293983690440655,0.35190099477767944,0.6444205045700073,-0.014046897180378437,0.32218843698501587,0.6317238807678223,-0.0177078228443861,0.4552570879459381,0.7428455352783203,-0.010222812183201313,0.39126139879226685,0.7109345197677612,-0.012544198893010616,0.352206826210022,0.6892760992050171,-0.018584605306386948,0.32573115825653076,0.6707243323326111,-0.023249709978699684,0.45208901166915894,0.7973644137382507,-0.013146745041012764,0.40089935064315796,0.7698567509651184,-0.016299275681376457,0.37135690450668335,0.7516756057739258,-0.01745138131082058,0.35022974014282227,0.7326767444610596,-0.017325786873698235
0.6117388606071472,0.796104371547699,3.101118579706963e-07,0.614471971988678,0.6944928765296936,-0.0018377407686784863,0.588373601436615,0.6251635551452637,-0.0031928836833685637,0.55299311876297,0.5837284326553345,-0.00496629485860467,0.524466335773468,0.5531370043754578,-0.006994985975325108,0.4911995530128479,0.6449902057647705,-7.89028563303873e-05,0.4237597584724426,0.6237084865570068,-0.003896909998729825,0.38624846935272217,0.6138593554496765,-0.008657297119498253,0.3575237989425659,0.6062851548194885,-0.012048493139445782,0.46822938323020935,0.6931846141815186,-0.0042630708776414394,0.3971187174320221,0.6602888107299805,-0.006645170971751213,0.35372215509414673,0.6416181325912476,-0.012025437317788601,0.32312965393066406,0.626443088054657,-0.016453823074698448,0.45697471499443054,0.74574214220047,-0.008724282495677471,0.3914169371128082,0.7112013697624207,-0.011555025354027748,0.3512638807296753,0.6875321269035339,-0.017994349822402,0.3226047158241272,0.6674778461456299,-0.023266293108463287,0.4548869729042053,0.7988243103027344,-0.013034440577030182,0.40122905373573303,0.7697862386703491,-0.016836002469062805,0.3693690299987793,0.7508259415626526,-0.018692543730139732,0.3452076315879822,0.7313074469566345,-0.019329039379954338
0.6088572144508362,0.7902007699012756,2.5950913595806924e-07,0.6132169961929321,0.6913577318191528,0.0013422009069472551,0.5847643613815308,0.6239004135131836,0.002623107749968767,0.5513057708740234,0.5807924270629883,0.002860904671251774,0.5245926380157471,0.5531122088432312,0.002796525601297617,0.48247724771499634,0.6341036558151245,0.005605703219771385,0.41484951972961426,0.617224931716919,0.005059154238551855,0.37682703137397766,0.610672116279602,0.0020082700066268444,0.34809285402297974,0.6063611507415771,-0.0004120953963138163,0.46137312054634094,0.6802173256874084,0.0009775996441021562,0.39137256145477295,0.6523258090019226,0.002859726082533598,0.35038498044013977,0.6386953592300415,1.8072443708661012e-05,0.32150954008102417,0.6273218989372253,-0.002995454939082265,0.4517747461795807,0.7318137288093567,-0.0038865997921675444,0.388694167137146,0.7019867300987244,-0.0028846897184848785,0.35093140602111816,0.6825522184371948,-0.006839652080088854,0.3241022825241089,0.6670801043510437,-0.010893607512116432,0.4507720470428467,0.7855589389801025,-0.008674263954162598,0.4000399708747864,0.7600630521774292,-0.008212474174797535,0.3703714907169342,0.7429711818695068,-0.007432456593960524,0.34784165024757385,0.726205587387085,-0.006738599389791489
0.614687442779541,0.7864053249359131,2.3325250708694512e-07,0.6156039834022522,0.6864134669303894,0.003814610419794917,0.5853757858276367,0.6226795315742493,0.005048501770943403,0.5518887639045715,0.5841495394706726,0.004629010334610939,0.5262110829353333,0.5552862882614136,0.003628054168075323,0.4887654781341553,0.6351165175437927,0.003212731098756194,0.4210571050643921,0.6168482899665833,-0.0001608424645382911,0.3821582794189453,0.6086935997009277,-0.004251910373568535,0.3527836501598358,0.6032291650772095,-0.007139377295970917,0.46654120087623596,0.6807050108909607,-0.003697692882269621,0.39354944229125977,0.6503299474716187,-0.005491888150572777,0.34988972544670105,0.6338028907775879,-0.009088441729545593,0.31929129362106323,0.6210241913795471,-0.012126406654715538,0.4555698037147522,0.7319086790084839,-0.010438130237162113,0.3894485533237457,0.7012743353843689,-0.012026350945234299,0.3504154682159424,0.681152880191803,-0.016278427094221115,0.32255294919013977,0.6649194359779358,-0.020123833790421486,0.45468541979789734,0.7854644656181335,-0.01676519215106964,0.40153658390045166,0.7584929466247559,-0.018339935690164566,0.3705078363418579,0.7411035299301147,-0.018043305724859238,0.34705138206481934,0.7245763540267944,-0.017375389114022255
0.6396880149841309,0.7880741953849792,3.677592133044527e-07,0.6417905688285828,0.6928666234016418,-0.030320046469569206,0.6086229085922241,0.6115577220916748,-0.040488358587026596,0.5748201012611389,0.5572823286056519,-0.04562666639685631,0.5422290563583374,0.5280025005340576,-0.04870312660932541,0.508746325969696,0.6446333527565002,-0.022486696019768715,0.43954384326934814,0.6141922473907471,-0.03553175926208496,0.3951558470726013,0.5935704708099365,-0.04752575233578682,0.36163026094436646,0.5775576829910278,-0.05583135783672333,0.4890897870063782,0.6906609535217285,-0.013185536488890648,0.4224512577056885,0.6567490696907043,-0.024771815165877342,0.3814883828163147,0.629345178604126,-0.036078136414289474,0.34883105754852295,0.6071783900260925,-0.04380447044968605,0.4807126522064209,0.7310583591461182,-0.0064898342825472355,0.4185168147087097,0.6974655985832214,-0.01647406816482544,0.38270318508148193,0.6730640530586243,-0.021904027089476585,0.3527713418006897,0.6531060934066772,-0.02455899864435196,0.47976353764533997,0.7623271346092224,-0.0027234333101660013,0.4262680113315582,0.732750654220581,-0.010886328294873238,0.3942720592021942,0.7134497165679932,-0.012453841976821423,0.37040218710899353,0.6949802041053772,-0.011770030483603477
0.6484234929084778,0.7410366535186768,4.0226902342510584e-07,0.6515105366706848,0.6483924984931946,-0.023134099319577217,0.6192627549171448,0.5679929852485657,-0.03221613168716431,0.5874016880989075,0.5096875429153442,-0.038091521710157394,0.5668281316757202,0.46665340662002563,-0.04275539889931679,0.5171242356300354,0.5841631889343262,-0.01586005464196205,0.44347038865089417,0.5539783835411072,-0.02245757356286049,0.39398831129074097,0.5379232168197632,-0.02862076833844185,0.35784366726875305,0.5268990397453308,-0.03327962011098862,0.4963439702987671,0.6295074820518494,-0.010200831107795238,0.42587995529174805,0.6119431257247925,-0.011842451989650726,0.38483452796936035,0.6008687019348145,-0.014863674528896809,0.35747605562210083,0.5908329486846924,-0.017778005450963974,0.4873146414756775,0.6760145425796509,-0.007024346850812435,0.424542635679245,0.6590960621833801,-0.010264242067933083,0.3912627398967743,0.6465684771537781,-0.01223386824131012,0.36916470527648926,0.6361132860183716,-0.013950268737971783,0.486044317483902,0.718780517578125,-0.006332840770483017,0.43654385209083557,0.7058014869689941,-0.011405439116060734,0.40490466356277466,0.6988449096679688,-0.012609773315489292,0.38129910826683044,0.6919446587562561,-0.012105097062885761
0.682670533657074,0.719900369644165,3.337543148518307e-07,0.6863461136817932,0.6206319332122803,-0.012617520987987518,0.6518456339836121,0.5325241088867188,-0.01946382038295269,0.6104056239128113,0.4701555371284485,-0.023808874189853668,0.581453800201416,0.41882622241973877,-0.028736989945173264,0.5636470913887024,0.542860746383667,-0.02202470414340496,0.48197972774505615,0.4953954517841339,-0.031052859500050545,0.43389827013015747,0.46846631169319153,-0.036528293043375015,0.3990471363067627,0.4484294056892395,-0.04023664444684982,0.5403857231140137,0.5955514907836914,-0.02065322734415531,0.46101129055023193,0.5652827024459839,-0.027047904208302498,0.41787028312683105,0.5472303032875061,-0.032330531626939774,0.3886144161224365,0.5301854610443115,-0.03668992593884468,0.528024435043335,0.6496774554252625,-0.01929118111729622,0.45603132247924805,0.6224299073219299,-0.024972453713417053,0.417115181684494,0.5993412137031555,-0.027829695492982864,0.3904617726802826,0.5752108097076416,-0.03064524382352829,0.52320796251297,0.7001751065254211,-0.018613064661622047,0.4683590531349182,0.6648958921432495,-0.025214197114109993,0.4369186460971832,0.6412939429283142,-0.02608959935605526,0.41279634833335876,0.6157006025314331,-0.025377046316862106
0.7081314921379089,0.7228879332542419,5.054417329120042e-07,0.7080897688865662,0.6168631315231323,-0.0034742967691272497,0.6683096885681152,0.521855890750885,-0.011816661804914474,0.6251175403594971,0.4546601176261902,-0.020125631242990494,0.598254382610321,0.3992619514465332,-0.03126262128353119,0.5944599509239197,0.5271356105804443,-0.0367186963558197,0.5021592974662781,0.46856939792633057,-0.05776330456137657,0.44790253043174744,0.43142759799957275,-0.0680304616689682,0.4066891670227051,0.40129923820495605,-0.07392433285713196,0.5714766979217529,0.5771251916885376,-0.04763750731945038,0.4700068235397339,0.5101402997970581,-0.06884349137544632,0.4067420959472656,0.4654000699520111,-0.08195123821496964,0.3603520095348358,0.4262658655643463,-0.09036841988563538,0.5555850267410278,0.6362436413764954,-0.05679715424776077,0.4612657129764557,0.5720032453536987,-0.07630610466003418,0.4005633592605591,0.5267822742462158,-0.08986926078796387,0.3581308126449585,0.48625385761260986,-0.09804178774356842,0.5474145412445068,0.7019760608673096,-0.06459327787160873,0.4749545454978943,0.6501621007919312,-0.08322678506374359,0.4294969141483307,0.6131046414375305,-0.09180380403995514,0.39538171887397766,0.5771046876907349,-0.09576763957738876
0.7070075273513794,0.747151255607605,4.986176236343454e-07,0.7123105525970459,0.6337864398956299,-0.00833184365183115,0.6728016138076782,0.5372909903526306,-0.015400001779198647,0.6279006004333496,0.4621897041797638,-0.020496303215622902,0.5952163934707642,0.4041147232055664,-0.026649294421076775,0.5810889005661011,0.5373435020446777,-0.026672914624214172,0.4920245409011841,0.47469428181648254,-0.0400158129632473,0.4383925199508667,0.4385531544685364,-0.04815206676721573,0.398070752620697,0.411232590675354,-0.053356923162937164,0.5493648052215576,0.5860062837600708,-0.03157968819141388,0.45461899042129517,0.5153707265853882,-0.04496917501091957,0.39404159784317017,0.46927350759506226,-0.056321319192647934,0.3515220880508423,0.4318828284740448,-0.06422420591115952,0.5293659567832947,0.643492579460144,-0.03530345857143402,0.443048357963562,0.580287516117096,-0.046261679381132126,0.3893778324127197,0.5326606631278992,-0.05722203105688095,0.35320645570755005,0.49182453751564026,-0.06559266149997711,0.5207344889640808,0.7058465480804443,-0.038553494960069656,0.4566141963005066,0.6630095839500427,-0.050448350608348846,0.4183347225189209,0.6297825574874878,-0.05592029169201851,0.390423446893692,0.5957361459732056,-0.05830075219273567
0.7201107740402222,0.8110331296920776,6.172011808303068e-07,0.7289302349090576,0.6929934620857239,-0.021791202947497368,0.689907968044281,0.5735815167427063,-0.035095784813165665,0.6386764049530029,0.4806969463825226,-0.04428481310606003,0.5980936884880066,0.40576618909835815,-0.052803438156843185,0.5970126986503601,0.5790266990661621,-0.041288357228040695,0.49519434571266174,0.5114074945449829,-0.06059888005256653,0.43153882026672363,0.4745013415813446,-0.07007128745317459,0.3815310001373291,0.449087917804718,-0.07367166876792908,0.5594897866249084,0.6341292262077332,-0.039238378405570984,0.46155211329460144,0.5605894923210144,-0.05531241372227669,0.3986952304840088,0.5176897644996643,-0.0647868812084198,0.34952402114868164,0.48691868782043457,-0.06990943849086761,0.5328040719032288,0.7011568546295166,-0.0372823141515255,0.4608370065689087,0.6667759418487549,-0.05377690866589546,0.4425053894519806,0.6659908294677734,-0.056809164583683014,0.4357525110244751,0.6670613288879395,-0.05444589629769325,0.5141298770904541,0.7702483534812927,-0.036339327692985535,0.44622644782066345,0.7235203385353088,-0.04656883329153061,0.4081166386604309,0.6924717426300049,-0.0461544394493103,0.3803049921989441,0.6661322712898254,-0.042487431317567825
0.75058913230896,0.8145288825035095,5.778715603810269e-07,0.7347410321235657,0.6834499835968018,-0.009603734128177166,0.6822950839996338,0.5653827786445618,-0.025874560698866844,0.6300463676452637,0.473503053188324,-0.04067804291844368,0.5947811603546143,0.39395779371261597,-0.060021981596946716,0.5955522060394287,0.5836866497993469,-0.0616210401058197,0.48084670305252075,0.5171405076980591,-0.09335465729236603,0.40928030014038086,0.48250865936279297,-0.11038802564144135,0.3519163727760315,0.4550550580024719,-0.1211070716381073,0.5719457268714905,0.6487081050872803,-0.07500442117452621,0.44359299540519714,0.5779116153717041,-0.11017623543739319,0.35862356424331665,0.5347461700439453,-0.13344044983386993,0.29579243063926697,0.49585649371147156,-0.14942122995853424,0.5570846199989319,0.727186918258667,-0.08542432636022568,0.4357379674911499,0.657523512840271,-0.11655314266681671,0.35614514350891113,0.611873984336853,-0.13648156821727753,0.29863911867141724,0.5690767765045166,-0.1491233855485916,0.5506779551506042,0.8145016431808472,-0.09396067261695862,0.4551851153373718,0.7528181672096252,-0.12399183213710785,0.4001295566558838,0.7114692330360413,-0.13769330084323883,0.356054425239563,0.6711104512214661,-0.1445280909538269
0.7437772154808044,0.8526399731636047,6.471639721894462e-07,0.7416139245033264,0.7089158296585083,-0.024274587631225586,0.6928121447563171,0.5834326148033142,-0.043593842536211014,0.6365301012992859,0.48444557189941406,-0.05903555452823639,0.593816339969635,0.4019216299057007,-0.07516500353813171,0.5867500901222229,0.5992305278778076,-0.042873937636613846,0.4753098785877228,0.5357930064201355,-0.06582344323396683,0.4089372754096985,0.5024849772453308,-0.0807233527302742,0.3574220538139343,0.4776754081249237,-0.0901983231306076,0.5517467260360718,0.6749185919761658,-0.04367202892899513,0.44055747985839844,0.606456458568573,-0.0615403912961483,0.3727550506591797,0.5676243305206299,-0.0739685520529747,0.3201198875904083,0.5342587232589722,-0.08332967758178711,0.529367983341217,0.7566922307014465,-0.04534481465816498,0.4293730854988098,0.6974225044250488,-0.058613911271095276,0.37050050497055054,0.6597127318382263,-0.06335525214672089,0.32702353596687317,0.6255638599395752,-0.06808345764875412,0.5179147124290466,0.8350653648376465,-0.04865361750125885,0.44194096326828003,0.7816290855407715,-0.05986380949616432,0.3987927734851837,0.7486350536346436,-0.05958787351846695,0.3647964894771576,0.7160888910293579,-0.057982176542282104
0.7741477489471436,0.870979905128479,6.386496238519612e-07,0.7623583078384399,0.729901909828186,-0.02689569815993309,0.7082964181900024,0.5962207913398743,-0.049879658967256546,0.6452550888061523,0.495248019695282,-0.0680246353149414,0.5995652675628662,0.4067738950252533,-0.08859799057245255,0.6078808307647705,0.624788761138916,-0.06396915763616562,0.4867177903652191,0.563347339630127,-0.0954241007566452,0.41255301237106323,0.5308125019073486,-0.11359375715255737,0.35440191626548767,0.5066471099853516,-0.1248897910118103,0.5769172310829163,0.705880880355835,-0.06795398145914078,0.4522498846054077,0.6368428468704224,-0.09557029604911804,0.3758728802204132,0.5964857935905457,-0.1119026392698288,0.3194963037967682,0.5637646913528442,-0.1234736293554306,0.5588923692703247,0.7956565618515015,-0.07215911895036697,0.44322749972343445,0.7388625144958496,-0.0950278714299202,0.37206822633743286,0.6989351511001587,-0.10550614446401596,0.3210173547267914,0.662453293800354,-0.11303137987852097,0.55037522315979,0.8858827352523804,-0.0773816630244255,0.45756807923316956,0.831798791885376,-0.09821368753910065,0.4031446576118469,0.7934061884880066,-0.10431481152772903,0.3609044849872589,0.7538007497787476,-0.10650301724672318
0.7742454409599304,0.8915249109268188,7.36038884951995e-07,0.7614634037017822,0.7426504492759705,-0.029862888157367706,0.705746591091156,0.6115527153015137,-0.06057251617312431,0.644788920879364,0.5083213448524475,-0.0857761800289154,0.5962051749229431,0.41897714138031006,-0.11408741772174835,0.6045753359794617,0.6544057726860046,-0.09232132136821747,0.4655286967754364,0.5881947875022888,-0.13447493314743042,0.38029155135154724,0.5616014003753662,-0.1558763086795807,0.3135615885257721,0.5453023910522461,-0.16819266974925995,0.5786835551261902,0.742241382598877,-0.09852812439203262,0.4279424548149109,0.6715127229690552,-0.14122875034809113,0.3338657021522522,0.6349413394927979,-0.16266082227230072,0.2639036476612091,0.6066069602966309,-0.1760646402835846,0.5640950798988342,0.8336188197135925,-0.10327880829572678,0.424002468585968,0.7642059922218323,-0.13744860887527466,0.3398517370223999,0.7227482199668884,-0.1526118963956833,0.27695778012275696,0.685613751411438,-0.16179950535297394,0.5594069361686707,0.9214457273483276,-0.10818854719400406,0.45206302404403687,0.8681637644767761,-0.1387016475200653,0.3895467519760132,0.8338430523872375,-0.14943736791610718,0.33831143379211426,0.8003382086753845,-0.15361931920051575
0.77783203125,0.8962317705154419,7.631642233718594e-07,0.7627413868904114,0.7453976273536682,-0.024434151127934456,0.7070840001106262,0.612643301486969,-0.053002409636974335,0.6423321962356567,0.5082419514656067,-0.07684478908777237,0.5956658720970154,0.4189285933971405,-0.10412764549255371,0.6058546900749207,0.6535479426383972,-0.08632436394691467,0.47188472747802734,0.585381031036377,-0.12729167938232422,0.3877449929714203,0.5532176494598389,-0.1490909308195114,0.3219790756702423,0.5319047570228577,-0.16168902814388275,0.5741810202598572,0.7370145916938782,-0.09440943598747253,0.4282522201538086,0.6570320129394531,-0.13367736339569092,0.3327423930168152,0.613019585609436,-0.15439675748348236,0.26180025935173035,0.5803340077400208,-0.16834194958209991,0.5560086965560913,0.8269551992416382,-0.10069727897644043,0.4216913878917694,0.750294029712677,-0.13281507790088654,0.3358161151409149,0.7004390954971313,-0.1490095555782318,0.2734246253967285,0.6589680314064026,-0.15979690849781036,0.548655092716217,0.9190256595611572,-0.10656864196062088,0.444815456867218,0.8591066598892212,-0.1340899020433426,0.3822520971298218,0.8172304034233093,-0.14373378455638885,0.3305250406265259,0.7776584029197693,-0.14831043779850006
0.7391132116317749,0.858954668045044,6.374812073772773e-07,0.7306485772132874,0.7142549753189087,-0.02272948995232582,0.6838858127593994,0.5894123911857605,-0.043116647750139236,0.6238713264465332,0.4937114119529724,-0.05928681045770645,0.5766699314117432,0.4162760376930237,-0.07544203102588654,0.5790566205978394,0.6271603107452393,-0.05441855639219284,0.4630955457687378,0.5584772825241089,-0.08299227058887482,0.39149874448776245,0.5210880041122437,-0.09819633513689041,0.33554643392562866,0.4924372732639313,-0.10747949779033661,0.5353775024414062,0.6933073997497559,-0.05716879665851593,0.41703855991363525,0.6086980104446411,-0.0836370661854744,0.3445005416870117,0.5581951141357422,-0.09716664254665375,0.28901243209838867,0.5166180729866028,-0.10628153383731842,0.5072394609451294,0.7611483931541443,-0.05983339995145798,0.39832261204719543,0.6830824017524719,-0.08077353984117508,0.33331263065338135,0.6314765810966492,-0.0903795063495636,0.2846696674823761,0.5858235359191895,-0.09727197885513306,0.4928279221057892,0.8255187273025513,-0.06349775195121765,0.40298616886138916,0.7744646668434143,-0.08210957795381546,0.3471525311470032,0.7402455806732178,-0.08843234926462173,0.30275967717170715,0.7066614031791687,-0.09082400798797607
0.6823827028274536,0.8022810220718384,6.499616347355186e-07,0.6767277121543884,0.6575042009353638,-0.01189377624541521,0.6373921036720276,0.5461792945861816,-0.01833643764257431,0.589409351348877,0.4560178220272064,-0.02118350751698017,0.5504690408706665,0.3917946517467499,-0.021535081788897514,0.5141632556915283,0.5571990609169006,-0.010402591899037361,0.4187888503074646,0.500482439994812,-0.014162329956889153,0.3633001446723938,0.4727080464363098,-0.019324837252497673,0.3203379809856415,0.4532589018344879,-0.022163307294249535,0.47559410333633423,0.6167230010032654,-0.005557428579777479,0.3841328024864197,0.5484937429428101,-0.002075687050819397,0.33585232496261597,0.510077953338623,-0.0038634645752608776,0.3010207712650299,0.48118019104003906,-0.005914546083658934,0.4553816020488739,0.6759290099143982,-0.0003534775460138917,0.3832134008407593,0.6163930296897888,0.010324687696993351,0.3526252508163452,0.5756629705429077,0.01662205345928669,0.33356010913848877,0.5427520275115967,0.017996180802583694,0.45196422934532166,0.7289246916770935,0.0028514903970062733,0.4031440019607544,0.6816401481628418,0.017582116648554802,0.3845194876194,0.6486037969589233,0.03158455714583397,0.3761090338230133,0.6231275796890259,0.04190222918987274
0.5581771731376648,0.7265082597732544,4.989936428501096e-07,0.5731353163719177,0.6576891541481018,-0.021129008382558823,0.5589186549186707,0.6057084798812866,-0.03260664641857147,0.5394241213798523,0.5685592293739319,-0.041643913835287094,0.5178567171096802,0.53699791431427,-0.05041250213980675,0.4774318337440491,0.6225797533988953,-0.01977764442563057,0.4272916913032532,0.6064717173576355,-0.032510723918676376,0.3917360305786133,0.5947571992874146,-0.04307820647954941,0.36166879534721375,0.585770308971405,-0.05100905895233154,0.4585818648338318,0.6625998020172119,-0.01903647556900978,0.40622860193252563,0.6427958607673645,-0.03160083293914795,0.3664456605911255,0.6249864101409912,-0.04414212703704834,0.3354313373565674,0.6107342839241028,-0.05309254676103592,0.4486304223537445,0.7055212259292603,-0.02003726176917553,0.3961411118507385,0.6835280656814575,-0.035122424364089966,0.3611833155155182,0.6665088534355164,-0.04639376327395439,0.333130806684494,0.6498584747314453,-0.05268585681915283,0.4473288655281067,0.7473101615905762,-0.022268028929829597,0.4046541154384613,0.7288516163825989,-0.0382997989654541,0.3751181364059448,0.7145856618881226,-0.046705860644578934,0.351409375667572,0.6980196237564087,-0.05044414475560188
0.5743992328643799,0.7580314874649048,4.387244416648173e-07,0.5892642736434937,0.6780545711517334,-0.018732355907559395,0.5711372494697571,0.6161840558052063,-0.026867303997278214,0.546654224395752,0.5770079493522644,-0.03230192884802818,0.5237401127815247,0.5472747087478638,-0.03728373348712921,0.47857794165611267,0.6288532614707947,-0.014581317082047462,0.42590227723121643,0.6091156005859375,-0.021602507680654526,0.3922421336174011,0.5977926254272461,-0.028182262554764748,0.3652440905570984,0.5885900259017944,-0.03333703428506851,0.45969629287719727,0.6728162169456482,-0.01224648579955101,0.4036796987056732,0.6449940800666809,-0.018321625888347626,0.3668609857559204,0.6269468069076538,-0.025696145370602608,0.33831310272216797,0.6109662055969238,-0.031484708189964294,0.4504126012325287,0.7198925018310547,-0.011712533421814442,0.3973928987979889,0.6900291442871094,-0.019783329218626022,0.364632785320282,0.6697859764099121,-0.028583956882357597,0.33871859312057495,0.6503941416740417,-0.034304484724998474,0.44851359724998474,0.7663648128509521,-0.012459843419492245,0.40460795164108276,0.7383450269699097,-0.021393587812781334,0.37761837244033813,0.7199565768241882,-0.027213020250201225,0.3560136556625366,0.6995484232902527,-0.03039132058620453
0.5831796526908875,0.76262366771698,3.4815522553799383e-07,0.5945807695388794,0.6755484938621521,-0.007905887439846992,0.5739453434944153,0.610877513885498,-0.010351757518947124,0.5451449155807495,0.5729805827140808,-0.011336825788021088,0.523016095161438,0.5457860827445984,-0.011768301017582417,0.4797665774822235,0.6263687014579773,-0.004724963568150997,0.42368704080581665,0.6054331064224243,-0.006740955635905266,0.3908618986606598,0.5950449109077454,-0.009634570218622684,0.3650912940502167,0.5873213410377502,-0.012017631903290749,0.4591314494609833,0.6698213815689087,-0.004496193490922451,0.400158166885376,0.6399441957473755,-0.006644725799560547,0.36425215005874634,0.6226480007171631,-0.010467907413840294,0.337977796792984,0.6086883544921875,-0.013201803900301456,0.4487607479095459,0.7157534956932068,-0.0047445534728467464,0.395458847284317,0.6874266862869263,-0.007405531592667103,0.3638654351234436,0.666528582572937,-0.012061918154358864,0.3417049050331116,0.6492196917533875,-0.01516521256417036,0.4468480944633484,0.7620413303375244,-0.005453574471175671,0.40244776010513306,0.7371069192886353,-0.0075059495866298676,0.3774983882904053,0.7206352353096008,-0.007912919856607914,0.36021023988723755,0.7041949033737183,-0.007298432756215334
0.5875411033630371,0.7652289867401123,3.083147248617024e-07,0.5975729823112488,0.6737924814224243,-0.0021576748695224524,0.5776843428611755,0.6096256375312805,-0.0007100710645318031,0.5492244362831116,0.5723108649253845,0.0012138130841776729,0.5262854099273682,0.5451937913894653,0.003415703075006604,0.4811636805534363,0.6286929249763489,0.004994416609406471,0.4232473075389862,0.6064455509185791,0.006911942735314369,0.3921549916267395,0.5959432125091553,0.006191935855895281,0.3682439923286438,0.5879085659980774,0.004835809580981731,0.45985597372055054,0.6720597147941589,0.003326903562992811,0.39840763807296753,0.6400592923164368,0.00447145476937294,0.36286965012550354,0.620915949344635,0.0015156136360019445,0.33788999915122986,0.6057372093200684,-0.0012159885372966528,0.4505663514137268,0.7178155779838562,0.0011983716394752264,0.3939441442489624,0.6873209476470947,-0.0002790462167467922,0.3604477643966675,0.6635031700134277,-0.006249667145311832,0.3364386260509491,0.643520176410675,-0.01080254651606083,0.44935116171836853,0.7631388306617737,-0.0007243233849294484,0.4016000032424927,0.7394880056381226,-0.0034019676968455315,0.3745882511138916,0.7219105362892151,-0.005402644630521536,0.354828804731369,0.7032104134559631,-0.006307355593889952
0.5911431908607483,0.7710712552070618,3.1174405989986553e-07,0.6011577248573303,0.6804391145706177,-0.0035964257549494505,0.5787277817726135,0.6174525618553162,-0.004470225889235735,0.5494266748428345,0.5804933905601501,-0.004890575539320707,0.5269010066986084,0.5508955121040344,-0.0050519052892923355,0.48537880182266235,0.631612241268158,-0.0014742508064955473,0.42513853311538696,0.6051585674285889,-0.0030970971565693617,0.39139094948768616,0.5924137234687805,-0.0054375180043280125,0.3657447397708893,0.5839992761611938,-0.007401520386338234,0.46335333585739136,0.674605667591095,-0.00338411214761436,0.39892375469207764,0.6396914124488831,-0.005145491566509008,0.3612806499004364,0.6203984618186951,-0.008668208494782448,0.33493301272392273,0.6067556738853455,-0.011498583480715752,0.45249322056770325,0.7207380533218384,-0.005540253594517708,0.3931342363357544,0.6874220967292786,-0.00816394668072462,0.3585142493247986,0.6647869348526001,-0.01328342966735363,0.33413469791412354,0.6471476554870605,-0.017195921391248703,0.4493796229362488,0.767158567905426,-0.007615234702825546,0.4023286998271942,0.7391074895858765,-0.010115242563188076,0.3745896518230438,0.7205354571342468,-0.011275889351963997,0.35442113876342773,0.7029349207878113,-0.011522296816110611
0.5857276916503906,0.7625443339347839,2.505982763523207e-07,0.5983269214630127,0.6740357875823975,-0.0011443259427323937,0.576912522315979,0.6089609861373901,-0.0015469403006136417,0.5485773086547852,0.5666723847389221,-0.001891924999654293,0.528054416179657,0.5374546051025391,-0.0018384839640930295,0.48106318712234497,0.6180295944213867,5.030228930991143e-05,0.4240327775478363,0.5962900519371033,-0.0013674591900780797,0.3902604877948761,0.5874751210212708,-0.0041659181006252766,0.362979531288147,0.5822151899337769,-0.006541932001709938,0.4571481943130493,0.6613644957542419,-0.002448414918035269,0.3982405364513397,0.6294138431549072,-0.0035128798335790634,0.3626764416694641,0.614495038986206,-0.005853290669620037,0.33438819646835327,0.6032847166061401,-0.008039501495659351,0.4443833827972412,0.7076243758201599,-0.004849760793149471,0.3917715549468994,0.6761387586593628,-0.004956786520779133,0.36083662509918213,0.6580345034599304,-0.006488748826086521,0.3379908800125122,0.6451725959777832,-0.008310259319841862,0.44070425629615784,0.7547409534454346,-0.007354380562901497,0.3991222679615021,0.7292836904525757,-0.005353373941034079,0.3741435408592224,0.7119834423065186,-0.002617122372612357,0.3564337491989136,0.696295976638794,-0.0005437088548205793
0.5865261554718018,0.7473158240318298,3.512116961701395e-07,0.5941827893257141,0.6602540612220764,-0.01989375799894333,0.5702718496322632,0.5819625854492188,-0.030263518914580345,0.538848340511322,0.5297688841819763,-0.03832106292247772,0.512280285358429,0.501750111579895,-0.04507966712117195,0.4890810251235962,0.5972819924354553,-0.01720414310693741,0.43736889958381653,0.5576086640357971,-0.032192252576351166,0.40928271412849426,0.5295226573944092,-0.04336227849125862,0.3929642140865326,0.5098633766174316,-0.049885913729667664,0.46446770429611206,0.6412634253501892,-0.014276108704507351,0.4134135842323303,0.6024512052536011,-0.026671217754483223,0.39481163024902344,0.573241114616394,-0.033804502338171005,0.3840765058994293,0.5504293441772461,-0.03784864395856857,0.4489697515964508,0.6846697330474854,-0.013646128587424755,0.4005267024040222,0.6456596851348877,-0.024366913363337517,0.38896432518959045,0.6160987019538879,-0.02313942089676857,0.38404080271720886,0.5949386358261108,-0.02064863033592701,0.4407426118850708,0.7201024293899536,-0.015019812621176243,0.3971376419067383,0.6852814555168152,-0.022054092958569527,0.3812282681465149,0.6603729128837585,-0.018897313624620438,0.3724430799484253,0.6421473026275635,-0.014599120244383812
0.5948283672332764,0.7114129662513733,5.249687546893256e-07,0.6179722547531128,0.6184861660003662,-0.019053488969802856,0.5958361625671387,0.5384097099304199,-0.028440600261092186,0.5621671676635742,0.4882078170776367,-0.03533966839313507,0.5354095101356506,0.4527185559272766,-0.04279079660773277,0.5048593878746033,0.538476824760437,-0.025579500943422318,0.4418565034866333,0.4986947178840637,-0.04112095385789871,0.39891645312309265,0.47363904118537903,-0.0522516630589962,0.3652963638305664,0.4559803605079651,-0.059551168233156204,0.4748813807964325,0.5825241804122925,-0.025219688192009926,0.4076349437236786,0.5320990681648254,-0.03989008814096451,0.361211359500885,0.499191015958786,-0.05194679647684097,0.3251919150352478,0.4736263155937195,-0.06006351485848427,0.45398274064064026,0.6339525580406189,-0.025766665115952492,0.3903657793998718,0.5834100842475891,-0.040305983275175095,0.3477824926376343,0.547663688659668,-0.051302604377269745,0.31521379947662354,0.5186350345611572,-0.05798490345478058,0.44297394156455994,0.6906808018684387,-0.02704835869371891,0.3920581638813019,0.645815372467041,-0.040225621312856674,0.35929083824157715,0.6136400103569031,-0.04576728492975235,0.33436354994773865,0.582686185836792,-0.04798509180545807
0.6289051175117493,0.7164914608001709,5.345041245163884e-07,0.6417341232299805,0.6149036288261414,-0.020136844366788864,0.6088132262229919,0.5328267812728882,-0.03115476667881012,0.5705367922782898,0.4746377468109131,-0.03863164037466049,0.5354587435722351,0.43065109848976135,-0.04771222174167633,0.5217790603637695,0.5382104516029358,-0.03960900381207466,0.44375139474868774,0.48541420698165894,-0.05894875526428223,0.3876901865005493,0.4552864134311676,-0.07178925722837448,0.341968297958374,0.43645161390304565,-0.08083067089319229,0.4910825192928314,0.5899837613105774,-0.04024894908070564,0.4139173626899719,0.5298748016357422,-0.05728153884410858,0.35878485441207886,0.4939255714416504,-0.07066240161657333,0.315007746219635,0.46884772181510925,-0.0807606428861618,0.47099095582962036,0.6514350175857544,-0.0411144457757473,0.39831990003585815,0.5995064377784729,-0.05656086280941963,0.3495643734931946,0.5658127069473267,-0.0673692524433136,0.31044691801071167,0.540798008441925,-0.07539379596710205,0.46119746565818787,0.7175551652908325,-0.04263221099972725,0.40515267848968506,0.6782913208007812,-0.05986383557319641,0.3660406470298767,0.6502714157104492,-0.06764553487300873,0.3346822261810303,0.6241936087608337,-0.07165078818798065
0.6675379872322083,0.7548161149024963,5.198889425628295e-07,0.6833579540252686,0.6471545100212097,-0.04226411134004593,0.6509875655174255,0.5408452153205872,-0.06553421914577484,0.6093099117279053,0.45906293392181396,-0.08091297745704651,0.5741091966629028,0.3955356478691101,-0.09652604162693024,0.5551180243492126,0.5691661238670349,-0.066013403236866,0.4610697329044342,0.5173370838165283,-0.09235627949237823,0.39825525879859924,0.4882175624370575,-0.1074632853269577,0.3494950532913208,0.4705337882041931,-0.11750679463148117,0.5234482288360596,0.6347919702529907,-0.05738601088523865,0.4317132234573364,0.5844553709030151,-0.08251697570085526,0.3703170418739319,0.5481088757514954,-0.09776849299669266,0.32142287492752075,0.5198812484741211,-0.10859507322311401,0.5030142664909363,0.6987606883049011,-0.0507134310901165,0.4199397563934326,0.6524962186813354,-0.0722285583615303,0.3622940182685852,0.6208703517913818,-0.08478349447250366,0.31513822078704834,0.596028745174408,-0.0928879901766777,0.49278128147125244,0.7535264492034912,-0.04679054021835327,0.4247627854347229,0.7199966907501221,-0.06794973462820053,0.37497958540916443,0.6977578401565552,-0.07911175489425659,0.33427298069000244,0.677298903465271,-0.08496319502592087
0.6803629398345947,0.8113510012626648,6.778541887797473e-07,0.6974315643310547,0.6815927624702454,-0.03804101422429085,0.6630847454071045,0.5653383135795593,-0.06709028780460358,0.616105318069458,0.4742187261581421,-0.08829868584871292,0.5811474323272705,0.3992783725261688,-0.1121038869023323,0.5668643116950989,0.5925124883651733,-0.09314056485891342,0.45772773027420044,0.5351859927177429,-0.13045381009578705,0.3882720470428467,0.5069907307624817,-0.15048104524612427,0.331146240234375,0.4887336194515228,-0.16273058950901031,0.5328034162521362,0.6667296886444092,-0.09147883951663971,0.4185713529586792,0.6019466519355774,-0.12720797955989838,0.341846764087677,0.5680202841758728,-0.14655938744544983,0.28256210684776306,0.5431562066078186,-0.1592041701078415,0.5118061304092407,0.7422240376472473,-0.08897267282009125,0.4058654308319092,0.6725839376449585,-0.11784689873456955,0.3350296914577484,0.6314030885696411,-0.13530315458774567,0.28039491176605225,0.5958048701286316,-0.14653857052326202,0.5035437345504761,0.8124241232872009,-0.08744657039642334,0.42291879653930664,0.7557506561279297,-0.11327042430639267,0.3699641823768616,0.7182132005691528,-0.12598349153995514,0.3279078006744385,0.6822289228439331,-0.13251686096191406
0.6999255418777466,0.8189867734909058,6.02372779212601e-07,0.7057889699935913,0.6837728023529053,-0.031614817678928375,0.6664515733718872,0.564338207244873,-0.056200336664915085,0.6158292889595032,0.4738151729106903,-0.07421980053186417,0.576836109161377,0.3971756100654602,-0.09451799839735031,0.5666787028312683,0.5935495495796204,-0.07822374254465103,0.45417654514312744,0.5345847010612488,-0.11023838073015213,0.3833739757537842,0.5061049461364746,-0.12763500213623047,0.32680872082710266,0.4853231906890869,-0.13843555748462677,0.5319425463676453,0.6671079993247986,-0.07818964868783951,0.413332998752594,0.6012126207351685,-0.10832692682743073,0.33693456649780273,0.5624018907546997,-0.12548275291919708,0.2804892361164093,0.5302285552024841,-0.1374804824590683,0.5117168426513672,0.7449734807014465,-0.07727430760860443,0.40283533930778503,0.6761322617530823,-0.10212475061416626,0.3342103362083435,0.6328577995300293,-0.11656518280506134,0.2844710946083069,0.5938325524330139,-0.12651905417442322,0.5049634575843811,0.8187352418899536,-0.07706721127033234,0.42025724053382874,0.7627826929092407,-0.10101010650396347,0.3683467507362366,0.7259418964385986,-0.11149357259273529,0.3280171751976013,0.6901413202285767,-0.11656566709280014
0.7036619782447815,0.829006552696228,6.293240630839136e-07,0.7029128074645996,0.6878154277801514,-0.021450160071253777,0.6648314595222473,0.565911054611206,-0.04339012876152992,0.6151463985443115,0.47123703360557556,-0.06026242673397064,0.5778167247772217,0.39493927359580994,-0.07905584573745728,0.5685040354728699,0.5974225997924805,-0.06888017058372498,0.45345789194107056,0.5324051976203918,-0.09734798967838287,0.38456523418426514,0.5022166967391968,-0.11134228110313416,0.3305910527706146,0.4811146855354309,-0.11914420127868652,0.5326423645019531,0.6689322590827942,-0.07258253544569016,0.40916708111763,0.5906549692153931,-0.10033116489648819,0.33119285106658936,0.5477944612503052,-0.11478666216135025,0.2740583121776581,0.5160728693008423,-0.12423178553581238,0.511059582233429,0.7446843385696411,-0.07428884506225586,0.3986034095287323,0.6668338179588318,-0.09620675444602966,0.33004993200302124,0.6195953488349915,-0.10795356333255768,0.2804105579853058,0.5808829665184021,-0.11599045246839523,0.5023366212844849,0.8181127905845642,-0.07574021071195602,0.41737431287765503,0.7559265494346619,-0.09470181167125702,0.37176796793937683,0.7165982723236084,-0.10019329190254211,0.33587518334388733,0.6804847121238708,-0.10200299322605133
0.6779191493988037,0.8037136793136597,6.006827106830315e-07,0.680107831954956,0.6681608557701111,-0.020187953487038612,0.6473895907402039,0.5577221512794495,-0.035762887448072433,0.6026971936225891,0.4654760956764221,-0.0468394011259079,0.5648773312568665,0.3953743278980255,-0.05680166184902191,0.5277100205421448,0.5730805397033691,-0.030283326283097267,0.4342394471168518,0.5112537145614624,-0.04297926276922226,0.37701719999313354,0.4830935597419739,-0.05220969766378403,0.33282098174095154,0.4627566933631897,-0.05803036317229271,0.4898901879787445,0.6361945867538452,-0.027294946834445,0.3947504162788391,0.5617056488990784,-0.03551067039370537,0.3378654718399048,0.5204851031303406,-0.0423995666205883,0.296641081571579,0.4874086380004883,-0.048321839421987534,0.4680154323577881,0.7014186978340149,-0.02457541786134243,0.38360029458999634,0.6319808959960938,-0.028808796778321266,0.3337059020996094,0.5879366993904114,-0.03285958617925644,0.29894864559173584,0.5515411496162415,-0.038019534200429916,0.46018731594085693,0.7592777609825134,-0.023249022662639618,0.3949999511241913,0.7112357020378113,-0.026012422516942024,0.3554421365261078,0.6800239682197571,-0.02464309148490429,0.3257474899291992,0.6512899994850159,-0.023161690682172775
0.6515197157859802,0.7699123024940491,4.1446034515502106e-07,0.6436412334442139,0.6364712715148926,0.0027201001066714525,0.6021790504455566,0.544928789138794,0.0013891997514292598,0.5579457879066467,0.4789629578590393,-0.0009707551798783243,0.5271108746528625,0.4294883608818054,-0.0031856209971010685,0.5046235918998718,0.5586485862731934,-0.001924210460856557,0.4168241322040558,0.5108783841133118,-0.00756832305341959,0.37442547082901,0.48434048891067505,-0.011514903977513313,0.3442491292953491,0.462962806224823,-0.013451297767460346,0.47589436173439026,0.6149917244911194,-0.007880154997110367,0.3770504593849182,0.5585074424743652,-0.011851422488689423,0.32880422472953796,0.524743914604187,-0.01593911647796631,0.2972642779350281,0.49515801668167114,-0.018939053639769554,0.46189117431640625,0.6755003929138184,-0.013123071752488613,0.3750174641609192,0.6279473304748535,-0.014356042258441448,0.3317573666572571,0.5959270596504211,-0.016231341287493706,0.3039706349372864,0.5675916075706482,-0.018862344324588776,0.4593445956707001,0.7315161824226379,-0.01794888637959957,0.3933473825454712,0.6920883655548096,-0.01736464351415634,0.35798755288124084,0.664739727973938,-0.013862861320376396,0.33198225498199463,0.6373385787010193,-0.010838199406862259
0.6214299201965332,0.7804229259490967,1.0876918565827509e-07,0.6150590181350708,0.6762787699699402,0.00954773835837841,0.574033796787262,0.6125648021697998,0.012204370461404324,0.5430968403816223,0.5722180604934692,0.011919026263058186,0.5285062789916992,0.5384628772735596,0.01178600825369358,0.46090027689933777,0.6238890290260315,0.008989790454506874,0.38820141553878784,0.5840871334075928,0.0011613984825089574,0.36054497957229614,0.5583273768424988,-0.007035043556243181,0.3471633195877075,0.5453239679336548,-0.011424306780099869,0.44403430819511414,0.6652011275291443,0.0008837283821776509,0.36781519651412964,0.6162811517715454,-0.004667589440941811,0.34701433777809143,0.5917337536811829,-0.009580142796039581,0.33724093437194824,0.5783918499946594,-0.013012463226914406,0.43698322772979736,0.7024403214454651,-0.006715213414281607,0.36818236112594604,0.6569105386734009,-0.008861500769853592,0.35125505924224854,0.6342355012893677,-0.005795631092041731,0.343484103679657,0.6203672289848328,-0.003796190256252885,0.43872132897377014,0.7352950572967529,-0.01393903885036707,0.3827098608016968,0.6961731910705566,-0.012315327301621437,0.363664448261261,0.6697616577148438,-0.004821916576474905,0.35498303174972534,0.6521908640861511,0.0014998633414506912
0.6173880100250244,0.7791200876235962,4.459478120111271e-09,0.6145979762077332,0.6791267395019531,0.021249612793326378,0.5829532146453857,0.6207365393638611,0.0356852188706398,0.5484561920166016,0.5833661556243896,0.047749217599630356,0.5313692092895508,0.5541062951087952,0.0605110228061676,0.48476678133010864,0.6230408549308777,0.025366129353642464,0.4114348888397217,0.6009129285812378,0.03351425379514694,0.37559834122657776,0.596114993095398,0.038758743554353714,0.3491291403770447,0.5954325795173645,0.04262728616595268,0.46272215247154236,0.668118953704834,0.019652647897601128,0.38600707054138184,0.6384511590003967,0.027474084869027138,0.3544265925884247,0.6307831406593323,0.033624932169914246,0.3310141861438751,0.6259187459945679,0.03799448907375336,0.4527778923511505,0.7159472703933716,0.01571384072303772,0.38962385058403015,0.6876178979873657,0.02515535242855549,0.3612029254436493,0.6762316226959229,0.03219757229089737,0.34083813428878784,0.6686820983886719,0.03617488220334053,0.45392072200775146,0.7608925104141235,0.01341259479522705,0.40785160660743713,0.7330212593078613,0.027181170880794525,0.3840028941631317,0.7156924605369568,0.03792316094040871,0.3667656481266022,0.7022407054901123,0.04525994136929512
0.6061911582946777,0.7720736861228943,7.218890374360853e-08,0.6023168563842773,0.6750175356864929,0.020822741091251373,0.5701512098312378,0.6215195655822754,0.03504036366939545,0.5402476787567139,0.5888131856918335,0.04618201404809952,0.5229191780090332,0.5726962685585022,0.057446278631687164,0.476563960313797,0.6257866621017456,0.02884151041507721,0.40787142515182495,0.6128212213516235,0.037061963230371475,0.37240397930145264,0.6080076098442078,0.04011697322130203,0.3460065722465515,0.6047692894935608,0.04195192828774452,0.4582589864730835,0.6710498332977295,0.02148720808327198,0.38765084743499756,0.6493170261383057,0.030588669702410698,0.35441258549690247,0.6405274868011475,0.0336768813431263,0.32974934577941895,0.6321786046028137,0.03496390953660011,0.45061296224594116,0.7194135785102844,0.015377904288470745,0.38994157314300537,0.695124626159668,0.024951111525297165,0.3595048785209656,0.6818406581878662,0.02765260450541973,0.33712252974510193,0.6702518463134766,0.027790194377303123,0.45252829790115356,0.7651098370552063,0.010765236802399158,0.40673425793647766,0.7404667735099792,0.022317655384540558,0.38255199790000916,0.725098192691803,0.029639853164553642,0.36441195011138916,0.7117206454277039,0.03403584659099579
0.6033912301063538,0.7653734683990479,7.720399963773161e-08,0.5809325575828552,0.6797871589660645,0.02845674939453602,0.525536298751831,0.6485885977745056,0.04686741530895233,0.48194456100463867,0.643971860408783,0.05967571213841438,0.4557279050350189,0.6531404852867126,0.07078294456005096,0.4806250333786011,0.6262669563293457,0.034489717334508896,0.41347968578338623,0.6125819683074951,0.04226193204522133,0.375553697347641,0.6052401065826416,0.04680057242512703,0.34817343950271606,0.60076504945755,0.04955533519387245,0.4607868492603302,0.66349196434021,0.021954262629151344,0.39259815216064453,0.6426108479499817,0.031389061361551285,0.3579352796077728,0.6310192942619324,0.03593270853161812,0.3334278464317322,0.6192900538444519,0.038466088473796844,0.44995033740997314,0.7080968022346497,0.010663940571248531,0.38821208477020264,0.684381365776062,0.01952260173857212,0.35745081305503845,0.6693435907363892,0.020934324711561203,0.33490848541259766,0.6546521782875061,0.01987374573945999,0.4468914270401001,0.7577448487281799,0.001443936605937779,0.4015809893608093,0.7350779175758362,0.008693800307810307,0.3760543763637543,0.7207238674163818,0.012228778563439846,0.3552171587944031,0.7061640024185181,0.013942711055278778
0.6061452627182007,0.7657920122146606,1.1281267831009245e-07,0.5770514011383057,0.6807348728179932,0.026560582220554352,0.5254021883010864,0.653006911277771,0.04082198813557625,0.4856904149055481,0.654998779296875,0.04917971044778824,0.4594694674015045,0.668373167514801,0.05516930669546127,0.4898533821105957,0.6289190649986267,0.026345450431108475,0.4247168302536011,0.6101006865501404,0.028440503403544426,0.3872346878051758,0.598484992980957,0.02930900827050209,0.3585037589073181,0.5905784368515015,0.03004874475300312,0.471122682094574,0.6645616292953491,0.01180726196616888,0.40193501114845276,0.6377211213111877,0.01542606856673956,0.36304715275764465,0.6248965859413147,0.016220835968852043,0.33408236503601074,0.6139723062515259,0.016767458990216255,0.46035757660865784,0.7089536786079407,-0.0012636837782338262,0.3963002562522888,0.6830260157585144,0.0031907083466649055,0.36096009612083435,0.6680587530136108,0.0021311151795089245,0.3347136676311493,0.6541682481765747,0.00032826155074872077,0.4575796127319336,0.7598043084144592,-0.012186678126454353,0.4065702557563782,0.7360861897468567,-0.007958044297993183,0.37833839654922485,0.7207673192024231,-0.00478590140119195,0.35605520009994507,0.7050662636756897,-0.002591210650280118
0.6014935374259949,0.7610859870910645,8.57408224419487e-08,0.5799243450164795,0.6790788173675537,0.02902485802769661,0.5292115807533264,0.6478807926177979,0.04651065915822983,0.4889793395996094,0.6458768248558044,0.058729398995637894,0.4647325575351715,0.6536835432052612,0.06919988244771957,0.4860422611236572,0.6288809180259705,0.02886388450860977,0.4244142174720764,0.6119240522384644,0.03568302094936371,0.3888857066631317,0.6031526327133179,0.04047228395938873,0.3626652657985687,0.5974260568618774,0.04364039748907089,0.46585026383399963,0.665732741355896,0.015569043345749378,0.4000559151172638,0.6404596567153931,0.022367926314473152,0.3636959493160248,0.6283731460571289,0.026780638843774796,0.33682090044021606,0.6175187826156616,0.030078187584877014,0.454058438539505,0.7097247838973999,0.004199604038149118,0.3932965099811554,0.6833096146583557,0.011034543626010418,0.3605998456478119,0.6672259569168091,0.012499821372330189,0.33572685718536377,0.652387797832489,0.012461754493415356,0.45163801312446594,0.7596439719200134,-0.004702096339315176,0.4046396017074585,0.7366024255752563,0.0018583424389362335,0.3782840371131897,0.7213367819786072,0.006543517578393221,0.35759544372558594,0.7069450616836548,0.009740609675645828
0.6087551712989807,0.7661557793617249,1.4159299155380722e-07,0.5820092558860779,0.6824150085449219,0.018910886719822884,0.5270641446113586,0.6549277901649475,0.030226796865463257,0.4820721745491028,0.6631864309310913,0.03751705586910248,0.4525047540664673,0.6816980838775635,0.04316814988851547,0.4918127954006195,0.6296689510345459,0.01931101642549038,0.4248746335506439,0.6149826049804688,0.020509421825408936,0.3854754865169525,0.606420636177063,0.020691635087132454,0.355090856552124,0.6016644835472107,0.0204163771122694,0.4728482663631439,0.6683335304260254,0.008293033577501774,0.4052823781967163,0.6430265307426453,0.010442481376230717,0.36622530221939087,0.6289379596710205,0.009778117761015892,0.33694636821746826,0.6162484288215637,0.00891466811299324,0.46197688579559326,0.7141391634941101,-0.0017522559501230717,0.4004902243614197,0.6867991089820862,0.00016853483975864947,0.3647511899471283,0.66864413022995,-0.003774066921323538,0.3378713130950928,0.6519638299942017,-0.007780891377478838,0.4589497447013855,0.7636831402778625,-0.01003693975508213,0.41169869899749756,0.7397313117980957,-0.009477023035287857,0.3838106691837311,0.7251971960067749,-0.010003557428717613,0.3604532480239868,0.710299015045166,-0.01060164999216795
0.6080263257026672,0.7605739831924438,1.5192226499038952e-07,0.5900405645370483,0.6741483211517334,0.011626933701336384,0.5365855693817139,0.6375939249992371,0.019324468448758125,0.49022018909454346,0.6376982927322388,0.023699184879660606,0.4601989686489105,0.6504784226417542,0.026950692757964134,0.4938836097717285,0.6204789280891418,0.014132336713373661,0.43374720215797424,0.6014829874038696,0.012888249009847641,0.3965204060077667,0.5908950567245483,0.009945070371031761,0.3667179346084595,0.5860621929168701,0.0072336094453930855,0.4744003415107727,0.6604899764060974,0.005180100444704294,0.4100082218647003,0.6329280734062195,0.004860508721321821,0.3718453347682953,0.6178690195083618,0.002182807307690382,0.34130793809890747,0.6061845421791077,-0.00018908848869614303,0.4628254175186157,0.7058762907981873,-0.0033668959513306618,0.4024474322795868,0.6745399832725525,-0.0027239664923399687,0.3680673837661743,0.6573421359062195,-0.005190282128751278,0.34160035848617554,0.6440765261650085,-0.008039489388465881,0.45882055163383484,0.754861056804657,-0.011035310104489326,0.4117943346500397,0.7295888662338257,-0.010008562356233597,0.38385337591171265,0.7139707803726196,-0.008568610064685345,0.3609220087528229,0.699874758720398,-0.0077060856856405735
0.6041131019592285,0.7456703186035156,2.3278516891878098e-07,0.5909968614578247,0.6568177938461304,0.006018753629177809,0.5347080230712891,0.6119912266731262,0.01120971329510212,0.4847809374332428,0.609163761138916,0.014290043152868748,0.4523536264896393,0.6229988932609558,0.016295216977596283,0.49506497383117676,0.6047137975692749,0.003750178497284651,0.43575581908226013,0.577480673789978,-0.0017856929916888475,0.39640071988105774,0.5612383484840393,-0.006951992399990559,0.36592426896095276,0.551638662815094,-0.010843101888895035,0.4738343060016632,0.6422040462493896,-0.003657733788713813,0.40946537256240845,0.6073043346405029,-0.008333464153110981,0.3705986440181732,0.5867453217506409,-0.013121597468852997,0.3407234847545624,0.5717084407806396,-0.01632813923060894,0.4603126645088196,0.6859843730926514,-0.010685347951948643,0.3994811475276947,0.6533470153808594,-0.013774084858596325,0.3648436665534973,0.632537841796875,-0.01691819541156292,0.33879417181015015,0.6166090965270996,-0.019742492586374283,0.4541991949081421,0.7320539355278015,-0.017079707235097885,0.40801167488098145,0.7079877257347107,-0.018948044627904892,0.3808104395866394,0.6904011964797974,-0.018207430839538574,0.35919588804244995,0.6743425130844116,-0.01743815653026104
