0.6235148906707764,0.7869272232055664,7.756293598504271e-07,0.543631911277771,0.7673157453536987,-0.04611407592892647,0.4787486791610718,0.6842066049575806,-0.07417942583560944,0.43387115001678467,0.6052910089492798,-0.09578678756952286,0.38374751806259155,0.5560551285743713,-0.11945462971925735,0.5312394499778748,0.5388529896736145,-0.06986047327518463,0.5013504028320312,0.42934030294418335,-0.10798127204179764,0.4795500338077545,0.3560413122177124,-0.13624872267246246,0.4595559239387512,0.29099100828170776,-0.15688683092594147,0.594201385974884,0.5215150117874146,-0.07398777455091476,0.5950755476951599,0.3834832012653351,-0.10789122432470322,0.5896516442298889,0.2904515564441681,-0.13566052913665771,0.5821810364723206,0.20829758048057556,-0.1557522565126419,0.655764102935791,0.540249228477478,-0.08173583447933197,0.6689214110374451,0.4074607789516449,-0.11961682885885239,0.6710657477378845,0.31690630316734314,-0.1462969034910202,0.6712535619735718,0.23527836799621582,-0.16394519805908203,0.7141712307929993,0.5832077860832214,-0.09181220084428787,0.7458211183547974,0.4820312559604645,-0.12878139317035675,0.7651695013046265,0.41349613666534424,-0.14541609585285187,0.7791485786437988,0.35143762826919556,-0.1555178463459015
0.6522702574729919,0.7544772624969482,-2.2748025685359607e-07,0.7186050415039062,0.6500550508499146,-0.0037699700333178043,0.7560263872146606,0.5197196006774902,-0.017925795167684555,0.7632749676704407,0.4010167717933655,-0.03222633898258209,0.7660093307495117,0.305388867855072,-0.04528830572962761,0.6970680952072144,0.4901392161846161,-0.0445316843688488,0.6387986540794373,0.33977511525154114,-0.07007509469985962,0.6425202488899231,0.3781331181526184,-0.07824800163507462,0.6593486666679382,0.4383803904056549,-0.07685554027557373,0.6348215341567993,0.515110969543457,-0.05002867057919502,0.5797934532165527,0.36184462904930115,-0.06428263336420059,0.5891968011856079,0.40192171931266785,-0.05968904867768288,0.6077466011047363,0.45817846059799194,-0.05579596012830734,0.5737881660461426,0.5423269271850586,-0.05409368872642517,0.5287614464759827,0.3995831310749054,-0.06124654412269592,0.5420916080474854,0.434289813041687,-0.04146512225270271,0.5607348680496216,0.4843524694442749,-0.02866494655609131,0.5166233777999878,0.570247232913971,-0.05775238201022148,0.48424428701400757,0.4487055540084839,-0.06005440652370453,0.49932968616485596,0.4754812717437744,-0.04054781794548035,0.5159059762954712,0.5222166180610657,-0.02501128613948822
0.66432785987854,0.7598816156387329,2.792778275306773e-07,0.7293006777763367,0.654222846031189,-0.009495699778199196,0.7679179310798645,0.5290758013725281,-0.024028869345784187,0.7784178256988525,0.4135182201862335,-0.036139827221632004,0.7829719185829163,0.32274216413497925,-0.050689008086919785,0.7081988453865051,0.4984493851661682,-0.046464163810014725,0.6669420003890991,0.3670920133590698,-0.06705610454082489,0.6347686052322388,0.3098750114440918,-0.07775526493787766,0.6064028143882751,0.2753146290779114,-0.08241911977529526,0.6463236212730408,0.5240815281867981,-0.05175502970814705,0.602550745010376,0.3800630569458008,-0.06413836032152176,0.5727860331535339,0.30971860885620117,-0.06910014152526855,0.5485755801200867,0.2665104568004608,-0.07422710210084915,0.5867728590965271,0.5576087832450867,-0.05556541681289673,0.5472739934921265,0.4223303496837616,-0.062444254755973816,0.5278648734092712,0.35776811838150024,-0.05943135917186737,0.5152910947799683,0.3169424831867218,-0.05979141220450401,0.5320761799812317,0.5963563323020935,-0.059248294681310654,0.49692216515541077,0.49074795842170715,-0.06440231949090958,0.48805463314056396,0.4363364577293396,-0.05842208117246628,0.4867730140686035,0.39756250381469727,-0.0535614937543869
0.6861246228218079,0.7440553903579712,5.621224090646137e-07,0.7634937167167664,0.6564249992370605,-0.022746598348021507,0.8048698902130127,0.5340260863304138,-0.042882416397333145,0.8111902475357056,0.42167308926582336,-0.0567704513669014,0.8156732320785522,0.3356678783893585,-0.0736997202038765,0.7358689308166504,0.4863910675048828,-0.08069821447134018,0.708096981048584,0.3336849510669708,-0.10899793356657028,0.6741534471511841,0.25285130739212036,-0.12057057023048401,0.641470730304718,0.20120379328727722,-0.12554122507572174,0.6673752069473267,0.5066354870796204,-0.08113886415958405,0.6223791241645813,0.3407617211341858,-0.10326363891363144,0.5876260995864868,0.2472762167453766,-0.11244098842144012,0.5587727427482605,0.18437504768371582,-0.11919048428535461,0.6053306460380554,0.5401256680488586,-0.07890785485506058,0.5597890019416809,0.39488983154296875,-0.09523110091686249,0.5304824113845825,0.31068918108940125,-0.10297687351703644,0.5084706544876099,0.2527051568031311,-0.1096753254532814,0.5520852208137512,0.5828544497489929,-0.07623306661844254,0.5066102743148804,0.4802670478820801,-0.09329020977020264,0.4808155298233032,0.41602152585983276,-0.09843564033508301,0.46271824836730957,0.36312007904052734,-0.09997060894966125
0.6837146282196045,0.752482533454895,5.204628337196482e-07,0.7605649828910828,0.6613032817840576,-0.017830245196819305,0.8001360297203064,0.5359466671943665,-0.03457397222518921,0.8072820901870728,0.4189930260181427,-0.04655488207936287,0.8156640529632568,0.33179783821105957,-0.061259232461452484,0.7319574356079102,0.48708251118659973,-0.07054896652698517,0.7065891623497009,0.33527570962905884,-0.09688884764909744,0.6727964282035828,0.25489985942840576,-0.10682325810194016,0.640455961227417,0.20429155230522156,-0.1111823245882988,0.6643603444099426,0.5060440301895142,-0.07404773682355881,0.6195492148399353,0.3350057005882263,-0.09667682647705078,0.5847525596618652,0.23887068033218384,-0.10532312840223312,0.555097222328186,0.17463356256484985,-0.11077439785003662,0.6027112603187561,0.5424582362174988,-0.075010746717453,0.5487499833106995,0.39865654706954956,-0.09266402572393417,0.5185068249702454,0.31461939215660095,-0.09922372549772263,0.4971691966056824,0.25682008266448975,-0.10395443439483643,0.5500658750534058,0.5898944139480591,-0.07524295896291733,0.500001847743988,0.4902678430080414,-0.09253569692373276,0.4726886451244354,0.42574554681777954,-0.09685804694890976,0.4538500905036926,0.37239110469818115,-0.09738638252019882
0.6779798269271851,0.763169527053833,4.874618184658175e-07,0.7496860027313232,0.6637696027755737,-0.014974008314311504,0.7914309501647949,0.5374805927276611,-0.03357980027794838,0.7997710704803467,0.41850313544273376,-0.04732014611363411,0.8046385645866394,0.32806557416915894,-0.06401854008436203,0.7288819551467896,0.4887017011642456,-0.07546143233776093,0.6966013312339783,0.3326783776283264,-0.10287340730428696,0.6597852110862732,0.25127631425857544,-0.11218343675136566,0.6259639263153076,0.19971951842308044,-0.11566177010536194,0.6622163653373718,0.5107991099357605,-0.08069603890180588,0.6078169941902161,0.33568328619003296,-0.10501261055469513,0.5699641704559326,0.24369430541992188,-0.11093227565288544,0.5404117703437805,0.18591392040252686,-0.11376327276229858,0.5994312167167664,0.5482127666473389,-0.08277662843465805,0.5401383638381958,0.3968474268913269,-0.10058926045894623,0.510804295539856,0.3144715428352356,-0.10199398547410965,0.491926372051239,0.2585042715072632,-0.10278812795877457,0.5441814661026001,0.5971027612686157,-0.08389083296060562,0.494367778301239,0.48454710841178894,-0.09926611185073853,0.47235262393951416,0.4195857644081116,-0.09871440380811691,0.46005070209503174,0.3653522729873657,-0.0954909473657608
0.6784666776657104,0.7702184915542603,4.493696224017185e-07,0.7506920099258423,0.6682654023170471,-0.015290496870875359,0.7897075414657593,0.5399801135063171,-0.03394053503870964,0.7973472476005554,0.41737207770347595,-0.04807185381650925,0.8051445484161377,0.324770450592041,-0.0651806890964508,0.7305630445480347,0.49212807416915894,-0.07083789259195328,0.6962894797325134,0.33650296926498413,-0.09842468053102493,0.6581754088401794,0.2579088807106018,-0.10908681154251099,0.6233885884284973,0.20770788192749023,-0.1135290339589119,0.6628016233444214,0.5159587860107422,-0.07580379396677017,0.6067758202552795,0.3424127697944641,-0.09903734922409058,0.5670163631439209,0.25091955065727234,-0.10598652809858322,0.5376448631286621,0.19107913970947266,-0.1101292073726654,0.5985087156295776,0.5539408326148987,-0.07813157141208649,0.5374929308891296,0.40157705545425415,-0.09576988220214844,0.5070111751556396,0.3171312212944031,-0.09801534563302994,0.4893035888671875,0.25728240609169006,-0.09992677718400955,0.5412628650665283,0.6007104516029358,-0.07959648966789246,0.49034905433654785,0.4884342551231384,-0.09595837444067001,0.46777641773223877,0.4217788875102997,-0.09654594957828522,0.4561293423175812,0.36407631635665894,-0.0943896695971489
0.6835834383964539,0.7788181900978088,2.9715914706685e-07,0.7447659373283386,0.6708603501319885,-0.010694117285311222,0.7793192863464355,0.5471773147583008,-0.028705265372991562,0.7921673059463501,0.4326844811439514,-0.044704265892505646,0.7941571474075317,0.33980676531791687,-0.06353619694709778,0.7297795414924622,0.4994008541107178,-0.05709143728017807,0.6953589916229248,0.3494105339050293,-0.0865323394536972,0.6559478640556335,0.27593547105789185,-0.10244104266166687,0.6181033849716187,0.22997719049453735,-0.10976994782686234,0.6716257929801941,0.5273608565330505,-0.06490422040224075,0.6145808696746826,0.3701127767562866,-0.08668730407953262,0.5681338906288147,0.28657597303390503,-0.0966014489531517,0.5312798023223877,0.23028767108917236,-0.10385382920503616,0.6127117276191711,0.5665853023529053,-0.0710747018456459,0.5546047687530518,0.42734113335609436,-0.08576280623674393,0.5168455839157104,0.35215020179748535,-0.08703512698411942,0.4903308153152466,0.29982906579971313,-0.08880521357059479,0.5573001503944397,0.6110619306564331,-0.07694480568170547,0.5068175792694092,0.5064257383346558,-0.08926861733198166,0.48015543818473816,0.44416964054107666,-0.08790268003940582,0.462189257144928,0.39229366183280945,-0.08479249477386475
0.6588860750198364,0.7116804122924805,-4.807435516340774e-07,0.6588519811630249,0.6005927920341492,0.008954688906669617,0.6260433197021484,0.4790361225605011,-0.0013153598411008716,0.5674507021903992,0.40138790011405945,-0.016732214018702507,0.5174813270568848,0.35472702980041504,-0.030533913522958755,0.6973066926002502,0.4141385853290558,-0.015806149691343307,0.627224862575531,0.2847074866294861,-0.04371793940663338,0.5663429498672485,0.3137642741203308,-0.055475398898124695,0.5525318384170532,0.3670331835746765,-0.059601202607154846,0.685683012008667,0.4343617260456085,-0.034147750586271286,0.6065822243690491,0.3105800747871399,-0.054543353617191315,0.553935170173645,0.35573500394821167,-0.05473997816443443,0.5557431578636169,0.40543344616889954,-0.05294575169682503,0.6600973010063171,0.46958428621292114,-0.05246700346469879,0.5807521939277649,0.37392690777778625,-0.06892496347427368,0.5442954897880554,0.4205443561077118,-0.057132694870233536,0.5551546216011047,0.4647476375102997,-0.048672761768102646,0.624983012676239,0.5081884860992432,-0.06957557052373886,0.5569504499435425,0.44853442907333374,-0.08536931872367859,0.5380488634109497,0.4807102382183075,-0.07648095488548279,0.5530539751052856,0.5154122114181519,-0.0667739287018776
0.6038309931755066,0.7196604013442993,-7.158780590543756e-07,0.5284817814826965,0.6338698267936707,-0.021868780255317688,0.4838183522224426,0.5168755054473877,-0.03762398660182953,0.45204007625579834,0.42914795875549316,-0.05449819937348366,0.4207985997200012,0.36625146865844727,-0.06775791943073273,0.5925523042678833,0.39316391944885254,-0.006319717038422823,0.560340404510498,0.30302584171295166,-0.037968941032886505,0.5258901119232178,0.3508613109588623,-0.06161613017320633,0.5179005861282349,0.4029361605644226,-0.07308505475521088,0.6362928748130798,0.406738817691803,-0.008124037645757198,0.5858690142631531,0.3450267016887665,-0.03211140260100365,0.548591673374176,0.40086090564727783,-0.04242139682173729,0.5461916327476501,0.44774532318115234,-0.046018123626708984,0.6688605546951294,0.44077518582344055,-0.01519946102052927,0.6128876805305481,0.39649078249931335,-0.03687288984656334,0.5788726806640625,0.4495224952697754,-0.03148019686341286,0.5765484571456909,0.49473506212234497,-0.023829570040106773,0.6935340166091919,0.4837348461151123,-0.024485202506184578,0.6381985545158386,0.4495111107826233,-0.03696833923459053,0.6090402007102966,0.48977041244506836,-0.026667308062314987,0.6070857644081116,0.5285207033157349,-0.014160802587866783
0.5716468691825867,0.6706942319869995,-5.87466047363705e-07,0.507124662399292,0.6187818050384521,-0.03012819215655327,0.4473329186439514,0.5323293209075928,-0.05415642261505127,0.4172664284706116,0.45960938930511475,-0.08187999576330185,0.4412364363670349,0.41563522815704346,-0.10289669036865234,0.5172557234764099,0.3687712550163269,-0.0027224819641560316,0.5034680366516113,0.2710789442062378,-0.05018847435712814,0.47297945618629456,0.34100502729415894,-0.07999052852392197,0.46864303946495056,0.4045054614543915,-0.0924098938703537,0.5650440454483032,0.37550392746925354,-0.008858546614646912,0.5522457361221313,0.27362462878227234,-0.057825345546007156,0.5166857242584229,0.35755598545074463,-0.07329529523849487,0.5133153200149536,0.41797110438346863,-0.07010706514120102,0.6121556758880615,0.39721694588661194,-0.02413206361234188,0.5992018580436707,0.30603671073913574,-0.06373067200183868,0.5630183219909668,0.3766271471977234,-0.056417692452669144,0.5569207668304443,0.4286065101623535,-0.03909643739461899,0.6598004102706909,0.4328438937664032,-0.04340912029147148,0.6457493305206299,0.35959184169769287,-0.060063958168029785,0.6130040287971497,0.3980262279510498,-0.04882055148482323,0.6040974259376526,0.43573182821273804,-0.033628929406404495
0.5650352239608765,0.6647175550460815,-6.136190791039553e-07,0.4927991032600403,0.6159724593162537,-0.025199567899107933,0.4309196174144745,0.5272544026374817,-0.04521644115447998,0.4120302200317383,0.45603036880493164,-0.06922346353530884,0.439076691865921,0.41296717524528503,-0.08740751445293427,0.4881564974784851,0.3682325780391693,-0.003021458862349391,0.47360721230506897,0.27817651629447937,-0.04771498218178749,0.4514988362789154,0.34585803747177124,-0.07636872678995132,0.45137012004852295,0.40442565083503723,-0.08902566134929657,0.5410688519477844,0.3681473135948181,-0.011721967719495296,0.528312087059021,0.27257460355758667,-0.05568470060825348,0.49813345074653625,0.34758275747299194,-0.07083021104335785,0.4921601116657257,0.405120849609375,-0.06969644129276276,0.5908777117729187,0.385074257850647,-0.02853725291788578,0.5785792469978333,0.2974291145801544,-0.06400354951620102,0.5452498197555542,0.362163782119751,-0.058730095624923706,0.5335566997528076,0.415783554315567,-0.04498180374503136,0.6385661363601685,0.41685599088668823,-0.04885701835155487,0.620263397693634,0.34749191999435425,-0.06485248357057571,0.5883260369300842,0.37815865874290466,-0.055768899619579315,0.5743443369865417,0.4119439423084259,-0.043136097490787506
0.5666872262954712,0.6587832570075989,-4.684702048507461e-07,0.49438515305519104,0.6245875358581543,-0.031995125114917755,0.42624568939208984,0.5476018786430359,-0.05337195843458176,0.4015878438949585,0.4668789505958557,-0.07726852595806122,0.4341658353805542,0.41458168625831604,-0.09519065916538239,0.4656646251678467,0.38366061449050903,-0.0035777175799012184,0.4524056613445282,0.2875358462333679,-0.04487352445721626,0.43949270248413086,0.33299872279167175,-0.07131680846214294,0.44426167011260986,0.3849339783191681,-0.08300121873617172,0.5191807150840759,0.37350258231163025,-0.007795366458594799,0.509421706199646,0.2662646770477295,-0.050799522548913956,0.48880383372306824,0.33667415380477905,-0.06562371551990509,0.4880690276622772,0.39515823125839233,-0.0632866770029068,0.5716559290885925,0.3829013407230377,-0.02053418569266796,0.5647501349449158,0.2859668731689453,-0.05814536288380623,0.5400453209877014,0.3520997166633606,-0.05507387965917587,0.534929096698761,0.40835341811180115,-0.040986888110637665,0.6255043148994446,0.4092893898487091,-0.0370430126786232,0.6162835955619812,0.32936161756515503,-0.05604908615350723,0.5899714231491089,0.36187121272087097,-0.04961403086781502,0.5792438983917236,0.3997066020965576,-0.03802753612399101
0.5777519941329956,0.6517341136932373,-4.601189971253916e-07,0.5089435577392578,0.6282956004142761,-0.02907186560332775,0.45064395666122437,0.5695003271102905,-0.05102192237973213,0.4278965890407562,0.5111172795295715,-0.0761699303984642,0.4294498562812805,0.4548758864402771,-0.09629606455564499,0.4691027104854584,0.3931204080581665,-0.015362115576863289,0.4521837532520294,0.28712013363838196,-0.059400904923677444,0.4412396252155304,0.33340099453926086,-0.08475977927446365,0.44668862223625183,0.38203373551368713,-0.09463004022836685,0.5212543606758118,0.38103237748146057,-0.024629252031445503,0.5134543776512146,0.2543516159057617,-0.07139907777309418,0.4950258433818817,0.336767315864563,-0.08390042185783386,0.4952112138271332,0.397680401802063,-0.07818102836608887,0.5740205645561218,0.3911904990673065,-0.04131333902478218,0.5735344290733337,0.27763962745666504,-0.08195456862449646,0.5481610298156738,0.35535821318626404,-0.07707126438617706,0.5424869060516357,0.4148930013179779,-0.06084045022726059,0.6296373605728149,0.41947534680366516,-0.06110028550028801,0.6261939406394958,0.3347845673561096,-0.08159389346837997,0.597571611404419,0.377280056476593,-0.07240042835474014,0.5863308310508728,0.4223827123641968,-0.05825825035572052
0.577890157699585,0.6651108264923096,-3.742769365544518e-07,0.5033711791038513,0.6520512700080872,-0.03761749342083931,0.4331555664539337,0.5947755575180054,-0.06446520239114761,0.405312180519104,0.5276906490325928,-0.09285078197717667,0.4245399236679077,0.47302350401878357,-0.11591947823762894,0.4583384096622467,0.39703476428985596,-0.01941332034766674,0.4488789141178131,0.29025429487228394,-0.06586281210184097,0.43728744983673096,0.33391472697257996,-0.09329922497272491,0.4410250186920166,0.38796284794807434,-0.10425883531570435,0.5142960548400879,0.38382160663604736,-0.025833360850811005,0.5139411687850952,0.25340986251831055,-0.07584451138973236,0.49644967913627625,0.3354061245918274,-0.09020022302865982,0.49582862854003906,0.4039737582206726,-0.08409248292446136,0.5695596933364868,0.39348918199539185,-0.040654685348272324,0.5722670555114746,0.2841378152370453,-0.08351974189281464,0.5500588417053223,0.36064422130584717,-0.08002409338951111,0.5454980134963989,0.42332613468170166,-0.06344340741634369,0.6272203922271729,0.4213799834251404,-0.059308361262083054,0.6226021647453308,0.3353644013404846,-0.08005857467651367,0.6011598706245422,0.3813876211643219,-0.07028533518314362,0.5947683453559875,0.42895257472991943,-0.055157870054244995
0.5765016078948975,0.6750175952911377,-4.5315735519579903e-07,0.4978136122226715,0.654271125793457,-0.023965783417224884,0.43764716386795044,0.5751886963844299,-0.04076114296913147,0.4396025240421295,0.49452605843544006,-0.06133309751749039,0.479513943195343,0.4447755217552185,-0.07787055522203445,0.4513707458972931,0.4074411988258362,-0.005130834877490997,0.43020468950271606,0.3033992648124695,-0.04226309433579445,0.4287474751472473,0.3500383496284485,-0.06849079579114914,0.4407491087913513,0.4037811756134033,-0.08129279315471649,0.5072670578956604,0.38894861936569214,-0.016239318996667862,0.49966222047805786,0.26006194949150085,-0.05402722209692001,0.48982977867126465,0.32356730103492737,-0.0707775428891182,0.49208784103393555,0.3884561359882355,-0.07163707166910172,0.5627131462097168,0.39531275629997253,-0.033926960080862045,0.5607299208641052,0.2810738980770111,-0.06546389311552048,0.5447555780410767,0.3363446593284607,-0.0670497789978981,0.5426348447799683,0.39295122027397156,-0.05919821187853813,0.6186042428016663,0.4213339388370514,-0.05469494313001633,0.6126158833503723,0.32974350452423096,-0.06930278241634369,0.5944554209709167,0.3639083802700043,-0.0618755966424942,0.5892992615699768,0.4116721749305725,-0.051910631358623505
0.5845840573310852,0.6845158338546753,-4.712567545084312e-07,0.5064892768859863,0.657414436340332,-0.0251533892005682,0.4464747905731201,0.5843202471733093,-0.043752964586019516,0.4367690682411194,0.5011516809463501,-0.06587877869606018,0.46759679913520813,0.4481064975261688,-0.08298961818218231,0.46381115913391113,0.4177820384502411,-0.0034104192163795233,0.44166356325149536,0.31323039531707764,-0.041717998683452606,0.4409553110599518,0.36158329248428345,-0.07002689689397812,0.4515726864337921,0.4162557125091553,-0.08418672531843185,0.5166801810264587,0.39942866563796997,-0.013064587488770485,0.5048686265945435,0.2748516798019409,-0.04774649813771248,0.5007598996162415,0.3302658200263977,-0.06440848112106323,0.5047779679298401,0.38672128319740295,-0.06768106669187546,0.569968044757843,0.40309539437294006,-0.02966565638780594,0.5646877884864807,0.2899535894393921,-0.05767498537898064,0.5548623204231262,0.3434208631515503,-0.054895732551813126,0.5534979701042175,0.3974367678165436,-0.046197161078453064,0.624674916267395,0.42616140842437744,-0.050135668367147446,0.6179343461990356,0.33813491463661194,-0.06212743744254112,0.6026026606559753,0.37155526876449585,-0.052583906799554825,0.5961223244667053,0.4153476059436798,-0.04224134236574173
0.5866392254829407,0.6750955581665039,-4.887402837994159e-07,0.5122126340866089,0.6504278182983398,-0.02979261986911297,0.4522087275981903,0.580895721912384,-0.05197898671030998,0.43801361322402954,0.4979952275753021,-0.07679086923599243,0.47238728404045105,0.44169703125953674,-0.09630001336336136,0.4748818576335907,0.41277748346328735,-0.013326788321137428,0.45261073112487793,0.30581775307655334,-0.05552620813250542,0.4555355906486511,0.3593619167804718,-0.0827137753367424,0.4705750048160553,0.4147213101387024,-0.09530013054609299,0.5276951193809509,0.3947201669216156,-0.021612923592329025,0.5180134177207947,0.2684076428413391,-0.06167641654610634,0.5182251930236816,0.3459513783454895,-0.07526258379220963,0.5246590375900269,0.40306079387664795,-0.07426184415817261,0.5803676247596741,0.40055736899375916,-0.03692341223359108,0.5770919322967529,0.2889804244041443,-0.07112764567136765,0.5711631178855896,0.36234763264656067,-0.0642295852303505,0.572647213935852,0.41788265109062195,-0.050373248755931854,0.6343345642089844,0.42563095688819885,-0.055960364639759064,0.6304096579551697,0.33970022201538086,-0.07222897559404373,0.6173704862594604,0.38345766067504883,-0.060902465134859085,0.6126842498779297,0.4272460639476776,-0.04778144136071205
0.588839590549469,0.6766675710678101,-5.380567245083512e-07,0.5144157409667969,0.6502374410629272,-0.026207469403743744,0.4580285847187042,0.5774681568145752,-0.044851064682006836,0.44655323028564453,0.49905771017074585,-0.06682924181222916,0.4710255265235901,0.44368115067481995,-0.08363273739814758,0.4772859513759613,0.41320478916168213,-0.007288895547389984,0.4581114649772644,0.3099685609340668,-0.047526583075523376,0.46234506368637085,0.3723766505718231,-0.07423204928636551,0.4766032099723816,0.4305780827999115,-0.08652786165475845,0.5314977765083313,0.3957958221435547,-0.017366252839565277,0.5251168012619019,0.2669864892959595,-0.05756164342164993,0.523908793926239,0.3484227657318115,-0.0722125843167305,0.5295238494873047,0.4100894033908844,-0.07077822089195251,0.5846471190452576,0.40128830075263977,-0.03418289124965668,0.5844445824623108,0.29165059328079224,-0.06823565810918808,0.577195942401886,0.36802834272384644,-0.06167342886328697,0.5780293941497803,0.42557597160339355,-0.04709220305085182,0.6381136178970337,0.425808846950531,-0.05447211489081383,0.636498749256134,0.3397422134876251,-0.0695001557469368,0.6219157576560974,0.3864971697330475,-0.056917328387498856,0.6163232922554016,0.43224817514419556,-0.04253990203142166
0.5896826982498169,0.6766644716262817,-5.048933076068352e-07,0.5147044062614441,0.6513746380805969,-0.030250729992985725,0.4560023844242096,0.5798743963241577,-0.0519481785595417,0.45001572370529175,0.49705439805984497,-0.076139897108078,0.4831641614437103,0.4406406283378601,-0.09496551752090454,0.47967231273651123,0.4178239405155182,-0.01710682548582554,0.46269941329956055,0.3091913163661957,-0.05939534306526184,0.46815523505210876,0.3700733184814453,-0.08675701916217804,0.48241230845451355,0.4308644235134125,-0.09931375831365585,0.5348384380340576,0.399573415517807,-0.025689730420708656,0.5281997919082642,0.26421868801116943,-0.06707582622766495,0.5271669030189514,0.34270238876342773,-0.08167317509651184,0.5328261852264404,0.40862733125686646,-0.08058123290538788,0.5886008739471436,0.40637391805648804,-0.04107841104269028,0.5884491801261902,0.2885183095932007,-0.07596362382173538,0.5816113948822021,0.3599391579627991,-0.07103662192821503,0.5827411413192749,0.4208052158355713,-0.057786814868450165,0.6425442695617676,0.43284034729003906,-0.06013433635234833,0.643204391002655,0.3392411768436432,-0.0772644653916359,0.62784343957901,0.3789178133010864,-0.06739228963851929,0.6201997399330139,0.42744743824005127,-0.05492216348648071
0.5945403575897217,0.6695900559425354,-5.019148261453665e-07,0.5204276442527771,0.647168755531311,-0.030393246561288834,0.4612967371940613,0.5766439437866211,-0.05126466974616051,0.4488353729248047,0.4976579248905182,-0.0746268779039383,0.47221866250038147,0.4445728659629822,-0.0927286371588707,0.4816550016403198,0.40639352798461914,-0.013859452679753304,0.464560329914093,0.30078691244125366,-0.05567069351673126,0.46788671612739563,0.3568345904350281,-0.08324632048606873,0.4817773997783661,0.4134880304336548,-0.09600124508142471,0.5360651612281799,0.3890644907951355,-0.02213585376739502,0.5307790637016296,0.2599295973777771,-0.06484447419643402,0.5298373103141785,0.3393840491771698,-0.08113157004117966,0.5354822278022766,0.40297606587409973,-0.08078411966562271,0.5890048146247864,0.39435654878616333,-0.03728026524186134,0.5890746116638184,0.28571364283561707,-0.07262096554040909,0.5825961828231812,0.35698992013931274,-0.06835626065731049,0.5834490060806274,0.4159058928489685,-0.05533820390701294,0.6418222784996033,0.4183335304260254,-0.05615259334445,0.6415653824806213,0.3267117440700531,-0.07192447781562805,0.6291877031326294,0.36844390630722046,-0.06107960268855095,0.6249653100967407,0.41598790884017944,-0.04806021228432655
0.5914486050605774,0.6612870097160339,-4.380592599773081e-07,0.5192573666572571,0.6421034336090088,-0.02726743556559086,0.4558161795139313,0.5646364688873291,-0.04513603448867798,0.44689851999282837,0.4767034947872162,-0.06590928882360458,0.4843493402004242,0.4259311556816101,-0.08177646994590759,0.4769858121871948,0.3978186249732971,-0.007967439480125904,0.45791998505592346,0.29358333349227905,-0.04660419747233391,0.45991361141204834,0.33963945508003235,-0.07252542674541473,0.4737895131111145,0.3914874792098999,-0.0848458781838417,0.5309103727340698,0.37888598442077637,-0.016929954290390015,0.525633692741394,0.25037169456481934,-0.05521310493350029,0.5225897431373596,0.3190930485725403,-0.06948566436767578,0.5272574424743652,0.376827597618103,-0.06881628185510635,0.5838708281517029,0.3844565749168396,-0.03270367905497551,0.5817456245422363,0.273857057094574,-0.06519590318202972,0.5757543444633484,0.3380095362663269,-0.06095743551850319,0.5773067474365234,0.39152783155441284,-0.04904576390981674,0.6371015906333923,0.4097896218299866,-0.05209295451641083,0.6338751912117004,0.32045653462409973,-0.06736910343170166,0.6220009326934814,0.3585653305053711,-0.05739438161253929,0.6186792254447937,0.4020397663116455,-0.045527759939432144
0.6278291940689087,0.7274456024169922,7.238437547130161e-07,0.5382938385009766,0.7224735021591187,-0.06599429249763489,0.458449125289917,0.6724430918693542,-0.11612175405025482,0.3978564143180847,0.6126446723937988,-0.15730684995651245,0.34022775292396545,0.563703179359436,-0.20222154259681702,0.5055017471313477,0.5259819626808167,-0.12830349802970886,0.46721312403678894,0.40960609912872314,-0.18856103718280792,0.43985921144485474,0.33111315965652466,-0.22902771830558777,0.41888338327407837,0.2625604271888733,-0.2571885287761688,0.5728378891944885,0.4984014630317688,-0.12812145054340363,0.5665121674537659,0.3509196639060974,-0.1790129393339157,0.5650005340576172,0.2581699788570404,-0.21136334538459778,0.5678963661193848,0.17975294589996338,-0.23580391705036163,0.6377855539321899,0.5098613500595093,-0.13135255873203278,0.6444398760795593,0.37924903631210327,-0.17890764772891998,0.6515863537788391,0.3013507127761841,-0.2061026692390442,0.6608327031135559,0.2365068942308426,-0.2256702333688736,0.6988585591316223,0.5465508103370667,-0.13845616579055786,0.7236478924751282,0.4534081518650055,-0.18183420598506927,0.7408972978591919,0.39666178822517395,-0.2007378786802292,0.7560710310935974,0.34800106287002563,-0.21320059895515442
0.6238813996315002,0.7473865747451782,5.88275440804864e-07,0.5317102670669556,0.7256415486335754,-0.04598303511738777,0.4531157612800598,0.6537824273109436,-0.07316148281097412,0.40548649430274963,0.5772687792778015,-0.09586524218320847,0.35400211811065674,0.5183417797088623,-0.11883752793073654,0.5017797350883484,0.5113744139671326,-0.06142139434814453,0.4645730257034302,0.40063148736953735,-0.09845566004514694,0.4391019642353058,0.3337728977203369,-0.12366890162229538,0.4173318147659302,0.26801761984825134,-0.14212030172348022,0.5648549199104309,0.48442211747169495,-0.06549998372793198,0.5540146231651306,0.3491252660751343,-0.09681675583124161,0.5483728051185608,0.2631344795227051,-0.11845263093709946,0.5424196124076843,0.1855035126209259,-0.13543671369552612,0.6258718967437744,0.4903579652309418,-0.0747169628739357,0.6321521401405334,0.3682546615600586,-0.11164766550064087,0.6331002712249756,0.29351210594177246,-0.12899164855480194,0.6293337345123291,0.2222895622253418,-0.1401030719280243,0.6863667964935303,0.5175080299377441,-0.08725511282682419,0.7090002298355103,0.41994714736938477,-0.12008941173553467,0.7240734100341797,0.35617852210998535,-0.13073229789733887,0.7331765294075012,0.29594171047210693,-0.1372915655374527
0.6204967498779297,0.7515502572059631,6.461925750045339e-07,0.5272093415260315,0.7289140224456787,-0.0449955016374588,0.4514935612678528,0.6589275002479553,-0.07129224389791489,0.40912750363349915,0.5828555226325989,-0.09276214241981506,0.3656489849090576,0.5197147130966187,-0.11407015472650528,0.4988817572593689,0.5072636008262634,-0.05830380320549011,0.4633040130138397,0.3969630300998688,-0.09327767044305801,0.4390116035938263,0.3295803964138031,-0.11726472526788712,0.41874557733535767,0.26630645990371704,-0.13457591831684113,0.5636723637580872,0.48119035363197327,-0.06186820939183235,0.5557079911231995,0.34762901067733765,-0.09116198867559433,0.5504257082939148,0.2633090019226074,-0.11267596483230591,0.5441378355026245,0.18934625387191772,-0.12904398143291473,0.6257880330085754,0.48835664987564087,-0.07046070694923401,0.6323895454406738,0.3639479875564575,-0.10492604970932007,0.632093071937561,0.28964656591415405,-0.12277501076459885,0.6272119879722595,0.2210029661655426,-0.13418224453926086,0.686138927936554,0.5180569887161255,-0.08215828984975815,0.7090253829956055,0.41916197538375854,-0.11383575201034546,0.7218995094299316,0.3536435663700104,-0.12491434067487717,0.7288389205932617,0.2927514314651489,-0.13126471638679504
0.6254899501800537,0.7593552470207214,8.844745593705738e-07,0.5326187014579773,0.7404672503471375,-0.052476637065410614,0.45842790603637695,0.6743671894073486,-0.08764868974685669,0.4150230884552002,0.6005703806877136,-0.11604955047369003,0.36826425790786743,0.5378004908561707,-0.14615952968597412,0.5037955641746521,0.5212140083312988,-0.08683203905820847,0.4654555022716522,0.398394912481308,-0.1333112269639969,0.44268998503685,0.31534838676452637,-0.16454702615737915,0.4265234172344208,0.23768627643585205,-0.1863442361354828,0.5687685608863831,0.4921266734600067,-0.09124497324228287,0.5600077509880066,0.33503907918930054,-0.13220620155334473,0.5568060278892517,0.22929948568344116,-0.16054172813892365,0.5536993741989136,0.13712483644485474,-0.18142645061016083,0.6309277415275574,0.49936842918395996,-0.09980989247560501,0.6393709778785706,0.349795937538147,-0.14233464002609253,0.6443620920181274,0.24902069568634033,-0.16756974160671234,0.6450481414794922,0.1595642864704132,-0.18471308052539825,0.6910735964775085,0.5315203070640564,-0.11138900369405746,0.7132661938667297,0.4193648099899292,-0.14998462796211243,0.7270755767822266,0.342470645904541,-0.1659201979637146,0.7343709468841553,0.27162817120552063,-0.1761990487575531
0.6219026446342468,0.7597881555557251,7.157287313930283e-07,0.5331858992576599,0.7377452254295349,-0.04235946014523506,0.4590245187282562,0.6684040427207947,-0.06977777183055878,0.41618627309799194,0.5952512621879578,-0.09289484471082687,0.37192991375923157,0.53706955909729,-0.11682716757059097,0.5052466988563538,0.5183660387992859,-0.06699594110250473,0.4690393805503845,0.3984327018260956,-0.10715941339731216,0.44429194927215576,0.321651816368103,-0.13438983261585236,0.424336314201355,0.25106003880500793,-0.1530703753232956,0.5669978260993958,0.49295714497566223,-0.07293989509344101,0.5580246448516846,0.3471335768699646,-0.10600102692842484,0.553922712802887,0.2497439682483673,-0.12824667990207672,0.5505402684211731,0.16763213276863098,-0.14449335634708405,0.6280743479728699,0.5009320974349976,-0.08298328518867493,0.6327205300331116,0.3700374364852905,-0.11718177050352097,0.6346263885498047,0.28860533237457275,-0.13333263993263245,0.6332403421401978,0.21766453981399536,-0.14356477558612823,0.6886677145957947,0.5317242741584778,-0.09621512144804001,0.7106150388717651,0.4257446527481079,-0.1263004094362259,0.7239477634429932,0.35702839493751526,-0.13497395813465118,0.7326121926307678,0.2955683469772339,-0.13947010040283203
0.6154196262359619,0.7334641218185425,2.2759589057841367e-07,0.5392900109291077,0.6997193694114685,-0.033210910856723785,0.48096978664398193,0.6229244470596313,-0.05313063785433769,0.46689385175704956,0.5438182950019836,-0.07272259145975113,0.48922470211982727,0.48738154768943787,-0.08973097801208496,0.5159006714820862,0.4556306004524231,-0.013768407516181469,0.5028838515281677,0.36695677042007446,-0.04364529252052307,0.49711161851882935,0.33792003989219666,-0.070650614798069,0.49279123544692993,0.3292844891548157,-0.08804967254400253,0.5737519860267639,0.44045981764793396,-0.018083801493048668,0.5767220258712769,0.330598920583725,-0.04181951284408569,0.5749155282974243,0.30123627185821533,-0.060307104140520096,0.5702892541885376,0.29615575075149536,-0.07101698219776154,0.6295601725578308,0.4546746015548706,-0.02917070873081684,0.6432592272758484,0.35360032320022583,-0.05351713299751282,0.6413604617118835,0.3285071849822998,-0.05986291542649269,0.6321070790290833,0.3248293399810791,-0.06169790029525757,0.6855863928794861,0.49093177914619446,-0.0442802868783474,0.7079684734344482,0.4106423854827881,-0.06312305480241776,0.7061799764633179,0.39463791251182556,-0.06234792619943619,0.6942960619926453,0.3989935517311096,-0.059172794222831726
0.6096841096878052,0.6940797567367554,-1.0463181610020911e-07,0.5332964062690735,0.6733139753341675,-0.03528077155351639,0.47082212567329407,0.597597062587738,-0.05883610248565674,0.4655875563621521,0.5087217688560486,-0.08374159038066864,0.5085434913635254,0.4546929597854614,-0.1038188487291336,0.518598198890686,0.42410874366760254,-0.02064177207648754,0.5087662935256958,0.31609678268432617,-0.06449071317911148,0.5077533721923828,0.3335559368133545,-0.09463644027709961,0.5151453614234924,0.3856675624847412,-0.1089489534497261,0.5759011507034302,0.4107860028743744,-0.026657231152057648,0.5748340487480164,0.27470922470092773,-0.07137912511825562,0.572064220905304,0.3142576217651367,-0.09370067715644836,0.5755691528320312,0.3777247667312622,-0.09798792004585266,0.6309199929237366,0.4257657527923584,-0.039475806057453156,0.6364498138427734,0.31127339601516724,-0.07793869823217392,0.6301742196083069,0.35831642150878906,-0.0808291807770729,0.6280530095100403,0.41575509309768677,-0.07228391617536545,0.6860630512237549,0.46132785081863403,-0.05605286732316017,0.6968418955802917,0.3690796196460724,-0.08007203042507172,0.6845349669456482,0.3901490867137909,-0.07734072208404541,0.6725848317146301,0.4339908957481384,-0.06841526925563812
0.6053001880645752,0.6923218965530396,-3.9836649534663593e-07,0.5293643474578857,0.6641992330551147,-0.03401953727006912,0.4665450155735016,0.5833877325057983,-0.05677987262606621,0.4559350609779358,0.4916554391384125,-0.08216261863708496,0.4974463880062103,0.43911516666412354,-0.10229811817407608,0.5120916962623596,0.4080142080783844,-0.013182591646909714,0.4981829822063446,0.2972995638847351,-0.05710107088088989,0.4956120550632477,0.32846373319625854,-0.0838559940457344,0.506024181842804,0.38151299953460693,-0.09496188908815384,0.5696532726287842,0.3977028727531433,-0.020042136311531067,0.5699951648712158,0.2679332494735718,-0.06756550818681717,0.5626866817474365,0.3418934941291809,-0.08275162428617477,0.566583514213562,0.4107111394405365,-0.07895052433013916,0.6266621947288513,0.4114283323287964,-0.034956783056259155,0.6326116323471069,0.2989289164543152,-0.07915576547384262,0.6204638481140137,0.3689580261707306,-0.07716617733240128,0.6198304295539856,0.4332972764968872,-0.06167103722691536,0.6844875812530518,0.44411760568618774,-0.053471196442842484,0.6940891742706299,0.34549376368522644,-0.07846301794052124,0.6772892475128174,0.3803952634334564,-0.07224173843860626,0.6674026250839233,0.4313551187515259,-0.05946068838238716
0.6063494682312012,0.694873571395874,-4.5732483044957917e-07,0.5301759243011475,0.672278106212616,-0.033612657338380814,0.4620370864868164,0.5897483825683594,-0.05543050542473793,0.4501776695251465,0.4934116303920746,-0.07943613827228546,0.490999311208725,0.4474804103374481,-0.09844948351383209,0.5101133584976196,0.4062195122241974,-0.014382023364305496,0.4983495771884918,0.29673758149147034,-0.05824104696512222,0.4963284730911255,0.334055632352829,-0.08630897104740143,0.5051397085189819,0.39158734679222107,-0.09892065078020096,0.5697768926620483,0.39607110619544983,-0.02127515897154808,0.5710572004318237,0.26757124066352844,-0.06728467345237732,0.5673432946205139,0.34325888752937317,-0.08310249447822571,0.5705947279930115,0.41220539808273315,-0.08099285513162613,0.6269474029541016,0.4093838632106781,-0.03589331731200218,0.6342933177947998,0.2996882200241089,-0.07768254727125168,0.6240382194519043,0.37185466289520264,-0.07411003857851028,0.619874119758606,0.4364417493343353,-0.05909832939505577,0.6832324862480164,0.4420366883277893,-0.05431459844112396,0.6913549900054932,0.34855759143829346,-0.07745034992694855,0.6769459247589111,0.38701948523521423,-0.0694962665438652,0.6668394207954407,0.4360484778881073,-0.05648794397711754
0.6016442179679871,0.6955885887145996,-4.815193506146898e-07,0.5261594653129578,0.6659973859786987,-0.033198580145835876,0.4628280699253082,0.5872271060943604,-0.056251682341098785,0.44556623697280884,0.5007773637771606,-0.08200228214263916,0.47988787293434143,0.44793835282325745,-0.10191302746534348,0.5094441175460815,0.40112125873565674,-0.014159820042550564,0.4962669909000397,0.29329970479011536,-0.06045747548341751,0.4923941493034363,0.3459319770336151,-0.0904490277171135,0.503219485282898,0.4113987386226654,-0.10354942828416824,0.568490743637085,0.39279904961586,-0.02167869545519352,0.568686306476593,0.26263582706451416,-0.06747943162918091,0.5614146590232849,0.3414257764816284,-0.08366809040307999,0.5648080110549927,0.4087304472923279,-0.08210312575101852,0.6243935823440552,0.40810155868530273,-0.037090133875608444,0.6312121152877808,0.29844725131988525,-0.07810036092996597,0.6181198358535767,0.3714579641819,-0.07413270324468613,0.6155287623405457,0.4344835877418518,-0.05897070840001106,0.6797220706939697,0.44229942560195923,-0.056330595165491104,0.6894984841346741,0.34393012523651123,-0.07763123512268066,0.6737593412399292,0.3794946074485779,-0.06852130591869354,0.6647329330444336,0.42787888646125793,-0.054685357958078384
0.6026352643966675,0.6928151845932007,-5.29435055796057e-07,0.5260252952575684,0.6639506816864014,-0.03168131783604622,0.461187481880188,0.5847849249839783,-0.05310647189617157,0.44513192772865295,0.4934578835964203,-0.0772310346364975,0.4873935580253601,0.4452875554561615,-0.0956883430480957,0.5009511709213257,0.4154672622680664,-0.012744239531457424,0.4854574501514435,0.29911673069000244,-0.05708443745970726,0.4823372960090637,0.34443342685699463,-0.08435247838497162,0.4920061528682709,0.40527641773223877,-0.09594082832336426,0.5590732097625732,0.4012085795402527,-0.01934538036584854,0.5570947527885437,0.2683139443397522,-0.06404345482587814,0.5523428916931152,0.3506486415863037,-0.07730120420455933,0.5564579367637634,0.4189346134662628,-0.07354827225208282,0.6152235865592957,0.4097197353839874,-0.03357279300689697,0.614855945110321,0.3001881241798401,-0.0732639729976654,0.6054794192314148,0.37610378861427307,-0.06618281453847885,0.6065806746482849,0.4371677339076996,-0.04905891418457031,0.6716997623443604,0.43652284145355225,-0.05156802758574486,0.6762573719024658,0.34017881751060486,-0.07103780657052994,0.6616332530975342,0.3822089731693268,-0.05971773341298103,0.6549849510192871,0.4302753508090973,-0.0448758564889431
0.6017861366271973,0.6898092031478882,-5.307277888277895e-07,0.5273822546005249,0.664499044418335,-0.031047262251377106,0.4629283547401428,0.5857813358306885,-0.052955884486436844,0.4479360282421112,0.49594956636428833,-0.07732601463794708,0.4851139783859253,0.4406304955482483,-0.09552831202745438,0.5003390312194824,0.40959206223487854,-0.0179374311119318,0.4859490990638733,0.29383158683776855,-0.06383862346410751,0.48215532302856445,0.3432500958442688,-0.0894555002450943,0.4919925928115845,0.40958330035209656,-0.09860292822122574,0.5588802099227905,0.3985763192176819,-0.02541034296154976,0.5579178929328918,0.265363872051239,-0.07057452946901321,0.5511863231658936,0.35063835978507996,-0.07991015166044235,0.5541037321090698,0.4168983995914459,-0.07284186035394669,0.6147251725196838,0.40994739532470703,-0.04046362638473511,0.6182088851928711,0.29755741357803345,-0.0797056257724762,0.6074622869491577,0.37568265199661255,-0.06822564452886581,0.6069482564926147,0.43582791090011597,-0.04816807806491852,0.6699280142784119,0.4389530122280121,-0.05932699516415596,0.6764508485794067,0.338397741317749,-0.07853805273771286,0.6614618897438049,0.3793308734893799,-0.06489349901676178,0.6545532941818237,0.42622706294059753,-0.04806146398186684
0.6058377623558044,0.6855533123016357,-4.919983780382609e-07,0.5276078581809998,0.6581331491470337,-0.03068256378173828,0.46248432993888855,0.5850677490234375,-0.05406814068555832,0.4477764368057251,0.4951910078525543,-0.08044938743114471,0.488872766494751,0.4413101077079773,-0.10119160264730453,0.49964553117752075,0.404035747051239,-0.013377321884036064,0.48525500297546387,0.2944573163986206,-0.05834531411528587,0.48145434260368347,0.3348388969898224,-0.08471648395061493,0.49167752265930176,0.39734941720962524,-0.09514171630144119,0.5583164691925049,0.39277511835098267,-0.021679678931832314,0.5601953864097595,0.2648283839225769,-0.06541057676076889,0.5545434951782227,0.3526490330696106,-0.07442329078912735,0.5559054017066956,0.4161258339881897,-0.06763818860054016,0.6133387088775635,0.40403270721435547,-0.0378989651799202,0.6211827397346497,0.29443538188934326,-0.07528023421764374,0.6102861762046814,0.3720608949661255,-0.06309333443641663,0.6077876687049866,0.4315674304962158,-0.04356703162193298,0.6688452959060669,0.43525880575180054,-0.05814441293478012,0.6748455762863159,0.3424036502838135,-0.07596362382173538,0.6602906584739685,0.38703054189682007,-0.06175898760557175,0.6522501707077026,0.43381643295288086,-0.04522084817290306
0.6127796173095703,0.6573395133018494,-5.589299121311342e-07,0.5326469540596008,0.6208685636520386,-0.02911403961479664,0.47220033407211304,0.5487940311431885,-0.052436038851737976,0.4540851414203644,0.48318472504615784,-0.07757100462913513,0.46735620498657227,0.4364803731441498,-0.09709521383047104,0.5122287273406982,0.3781566321849823,-0.01559181697666645,0.5007858872413635,0.29157543182373047,-0.06063279137015343,0.49918684363365173,0.35988059639930725,-0.08953807502985,0.5063566565513611,0.41528329253196716,-0.10316702723503113,0.571913480758667,0.36608564853668213,-0.02416718564927578,0.5664507746696472,0.27004608511924744,-0.06689608842134476,0.5603036284446716,0.3548138439655304,-0.08035777509212494,0.5636299252510071,0.40727415680885315,-0.07949159294366837,0.6289177536964417,0.3745710253715515,-0.03989889472723007,0.6261891722679138,0.29277464747428894,-0.07566150277853012,0.6170845627784729,0.3702987730503082,-0.06433607637882233,0.6186197400093079,0.4145847260951996,-0.0479767732322216,0.6850544214248657,0.40052950382232666,-0.059306927025318146,0.6819179058074951,0.3389941453933716,-0.07502192258834839,0.6663105487823486,0.3937075138092041,-0.058565180748701096,0.6617164015769958,0.42990243434906006,-0.04157525673508644
0.6188550591468811,0.6266619563102722,-6.53329379929346e-07,0.5374071598052979,0.5973966717720032,-0.03663252666592598,0.47988325357437134,0.5322856307029724,-0.06252171099185944,0.465139776468277,0.4670335352420807,-0.0881875604391098,0.48335087299346924,0.42105159163475037,-0.10745862126350403,0.5296717882156372,0.38476860523223877,-0.025389619171619415,0.5167374014854431,0.31000685691833496,-0.07224106788635254,0.5250366926193237,0.39234691858291626,-0.09693785011768341,0.5338752269744873,0.44275087118148804,-0.10717017948627472,0.5943617224693298,0.372864305973053,-0.028789257630705833,0.5831230282783508,0.2972654700279236,-0.07790912687778473,0.5844014286994934,0.39712071418762207,-0.0896877571940422,0.5861307382583618,0.444454550743103,-0.08605224639177322,0.653220534324646,0.37762999534606934,-0.03956836089491844,0.6438052654266357,0.3136451244354248,-0.084499791264534,0.6397290825843811,0.4048320949077606,-0.0709262266755104,0.6385282278060913,0.4466828405857086,-0.050317149609327316,0.7087997198104858,0.39598459005355835,-0.0536825992166996,0.6992686986923218,0.35205918550491333,-0.0742572769522667,0.6878725290298462,0.4170602262020111,-0.056950680911540985,0.6834228038787842,0.449738085269928,-0.03805912658572197
0.6279320120811462,0.5834782123565674,-6.08647553690389e-07,0.5587728023529053,0.5627470016479492,-0.03455837815999985,0.5010233521461487,0.5106938481330872,-0.05855961889028549,0.48314207792282104,0.4561985731124878,-0.08146337419748306,0.4963221549987793,0.4218674302101135,-0.0980658158659935,0.5371454954147339,0.37315115332603455,-0.03284782916307449,0.526614248752594,0.3090456426143646,-0.08235009014606476,0.5334450602531433,0.3930310904979706,-0.10780444741249084,0.5389366149902344,0.4428931772708893,-0.11767737567424774,0.5984183549880981,0.36547213792800903,-0.03602444753050804,0.5919241309165955,0.30119550228118896,-0.0839686468243599,0.5913767218589783,0.4084723889827728,-0.09051342308521271,0.5902380347251892,0.4485437572002411,-0.08375871926546097,0.6562151312828064,0.37338483333587646,-0.04641864076256752,0.657589316368103,0.3098590075969696,-0.09489065408706665,0.6476428508758545,0.41018855571746826,-0.0787111222743988,0.6403713226318359,0.4534599483013153,-0.055199019610881805,0.710675835609436,0.39412951469421387,-0.05948370695114136,0.7140735387802124,0.34880051016807556,-0.08877386152744293,0.6970197558403015,0.41625550389289856,-0.0738489180803299,0.6836989521980286,0.45052066445350647,-0.05462035909295082
0.6260724067687988,0.5809330940246582,-5.332819341674622e-07,0.5579250454902649,0.5680789947509766,-0.040774617344141006,0.49781015515327454,0.5126854181289673,-0.06643640249967575,0.4821029603481293,0.45097148418426514,-0.08964747190475464,0.5016221404075623,0.41216352581977844,-0.10636740177869797,0.5286657810211182,0.36401963233947754,-0.03368391469120979,0.52204430103302,0.3020281195640564,-0.08252094686031342,0.5273414850234985,0.38115406036376953,-0.10658139735460281,0.5328165888786316,0.42872822284698486,-0.11543841660022736,0.5921857357025146,0.35644644498825073,-0.035251323133707047,0.587884247303009,0.2891606390476227,-0.08591251075267792,0.5857887864112854,0.3920391798019409,-0.09379561990499496,0.5862119793891907,0.4329656958580017,-0.08583708852529526,0.6507633328437805,0.366269052028656,-0.0447964072227478,0.6511499285697937,0.3050733506679535,-0.09533611685037613,0.6424827575683594,0.40207627415657043,-0.0814562737941742,0.6385063529014587,0.44155463576316833,-0.057985372841358185,0.7070820927619934,0.3889201283454895,-0.057436246424913406,0.7044153809547424,0.34285232424736023,-0.08695285022258759,0.6902391910552979,0.40901023149490356,-0.07256153970956802,0.6814243197441101,0.44187211990356445,-0.05311344936490059
0.6189770102500916,0.580615758895874,-4.660743400108913e-07,0.5497341156005859,0.5764167308807373,-0.04218925163149834,0.48468083143234253,0.5251145958900452,-0.06856222450733185,0.4630066752433777,0.4618692398071289,-0.09173256158828735,0.47787919640541077,0.4184897541999817,-0.10877475887537003,0.509899377822876,0.37843620777130127,-0.03956129401922226,0.5014957785606384,0.31321975588798523,-0.08582577854394913,0.5068942308425903,0.38667595386505127,-0.10870740562677383,0.51312655210495,0.43755051493644714,-0.11755938827991486,0.5725047588348389,0.36465150117874146,-0.04016899690032005,0.5656994581222534,0.3013169765472412,-0.08740950375795364,0.5650948882102966,0.3975401222705841,-0.0970044806599617,0.5673317313194275,0.44283807277679443,-0.09219232201576233,0.6315510272979736,0.37152519822120667,-0.04796425998210907,0.6305999755859375,0.31090694665908813,-0.09645364433526993,0.6221580505371094,0.4034699499607086,-0.0861169844865799,0.6165488958358765,0.4486360251903534,-0.06679016351699829,0.6877474784851074,0.39264819025993347,-0.05874514952301979,0.6874775886535645,0.35066166520118713,-0.09038137644529343,0.6728869676589966,0.4141775965690613,-0.07968102395534515,0.6616778373718262,0.45134708285331726,-0.06327023357152939
0.6207161545753479,0.585996687412262,-5.227769861448905e-07,0.5504109859466553,0.5754309296607971,-0.034317195415496826,0.48395127058029175,0.5253890752792358,-0.056514494121074677,0.4634619653224945,0.4669221043586731,-0.07769506424665451,0.48136192560195923,0.4286677837371826,-0.09291526675224304,0.508904218673706,0.3743276000022888,-0.023967105895280838,0.5021030902862549,0.32154834270477295,-0.07014203071594238,0.5115832090377808,0.40018346905708313,-0.09584712237119675,0.5216745734214783,0.44606921076774597,-0.10682880878448486,0.5694906115531921,0.361600399017334,-0.028792737051844597,0.5627428293228149,0.29426896572113037,-0.07681480795145035,0.564132809638977,0.39320650696754456,-0.08673159778118134,0.5701401829719543,0.4391438066959381,-0.08047863095998764,0.6274303793907166,0.3690592348575592,-0.04110734164714813,0.6262885928153992,0.3104296624660492,-0.08801697939634323,0.6190518736839294,0.40121370553970337,-0.07735548168420792,0.6166468858718872,0.443720281124115,-0.05653218924999237,0.6840941905975342,0.39126095175743103,-0.05619833245873451,0.6822731494903564,0.3456774055957794,-0.08241987973451614,0.6679914593696594,0.40707722306251526,-0.06902780383825302,0.6586833000183105,0.4412711262702942,-0.050863444805145264
0.5997325778007507,0.5988215208053589,-3.784194007039332e-07,0.5391558408737183,0.5957300662994385,-0.03695901483297348,0.47300031781196594,0.5451774001121521,-0.059637632220983505,0.4453281760215759,0.48204633593559265,-0.0807732492685318,0.46560168266296387,0.44168946146965027,-0.0950021967291832,0.49123600125312805,0.3809930086135864,-0.023384926840662956,0.47890323400497437,0.3012615442276001,-0.06607270240783691,0.48165056109428406,0.36275506019592285,-0.08762650191783905,0.48764121532440186,0.40481191873550415,-0.09581950306892395,0.5487750768661499,0.36267197132110596,-0.02613670751452446,0.544901967048645,0.27781927585601807,-0.06749072670936584,0.5437503457069397,0.3628796935081482,-0.07372426986694336,0.5448507070541382,0.3962160348892212,-0.06642855703830719,0.6052128672599792,0.3675392270088196,-0.0367867648601532,0.6091485619544983,0.2902052402496338,-0.0757376179099083,0.6025465130805969,0.36928120255470276,-0.06318436563014984,0.599396824836731,0.4015539288520813,-0.043767139315605164,0.662151575088501,0.3909814953804016,-0.05116942152380943,0.6645872592926025,0.332306444644928,-0.07303754985332489,0.6531553864479065,0.38395586609840393,-0.060296352952718735,0.6462538242340088,0.412040114402771,-0.043979234993457794
0.590682327747345,0.6194373369216919,-3.307665679130878e-07,0.5241219401359558,0.6176323294639587,-0.029431909322738647,0.45617732405662537,0.5555930733680725,-0.04569600522518158,0.4331733286380768,0.48034346103668213,-0.06247482821345329,0.4538629651069641,0.43491968512535095,-0.0741136372089386,0.47908976674079895,0.3999636769294739,-0.007066134829074144,0.46703818440437317,0.31240007281303406,-0.041881512850522995,0.46768248081207275,0.3482191562652588,-0.06339256465435028,0.4718092679977417,0.38181036710739136,-0.07306106388568878,0.5342050790786743,0.37851884961128235,-0.011975548230111599,0.5299729108810425,0.28075993061065674,-0.046508729457855225,0.528319239616394,0.3388637900352478,-0.057609450072050095,0.5307279229164124,0.37914982438087463,-0.0549275279045105,0.5874341726303101,0.3775411546230316,-0.023922529071569443,0.5880415439605713,0.29489171504974365,-0.05416037142276764,0.5831204652786255,0.3519943952560425,-0.04672946035861969,0.5828639268875122,0.3875682055950165,-0.03276539593935013,0.6410491466522217,0.3943496644496918,-0.03945702314376831,0.6360955238342285,0.326718807220459,-0.05321265384554863,0.6282199621200562,0.367994487285614,-0.04083039611577988,0.6266948580741882,0.40071019530296326,-0.026780547574162483
0.5755023956298828,0.6704292297363281,-3.592682844555384e-07,0.5085299611091614,0.662911057472229,-0.02245035022497177,0.4447363317012787,0.5877059698104858,-0.03284105658531189,0.4275461733341217,0.49899017810821533,-0.04597049951553345,0.4659332036972046,0.4558318853378296,-0.05430245026946068,0.4725842773914337,0.42673632502555847,0.0037816085387021303,0.45904237031936646,0.3390635550022125,-0.028171595185995102,0.45581984519958496,0.3435431718826294,-0.04347808286547661,0.4650324583053589,0.3820851445198059,-0.04746774211525917,0.5282927751541138,0.4084441065788269,-0.004238005727529526,0.5249260067939758,0.2910037040710449,-0.04259486868977547,0.51920086145401,0.3602238893508911,-0.04744863510131836,0.522498607635498,0.4153148829936981,-0.035283319652080536,0.5805374979972839,0.412414014339447,-0.019309252500534058,0.5818988084793091,0.314776211977005,-0.052494075149297714,0.570445716381073,0.3785041868686676,-0.03836894780397415,0.5716142058372498,0.42308083176612854,-0.01542605459690094,0.6349033117294312,0.4358059763908386,-0.03773269057273865,0.6318762302398682,0.3516077995300293,-0.05313064903020859,0.6190950870513916,0.38744696974754333,-0.03920651599764824,0.6167265176773071,0.4241839349269867,-0.021663403138518333
0.5735724568367004,0.6783196330070496,-4.28377404659841e-07,0.5051701664924622,0.6661695241928101,-0.027759162709116936,0.438443660736084,0.5859566926956177,-0.0440104603767395,0.42484116554260254,0.4901632070541382,-0.06250279396772385,0.4671505093574524,0.4401777684688568,-0.07556594163179398,0.47330042719841003,0.4194965660572052,-0.006203637924045324,0.46081027388572693,0.31550243496894836,-0.043492939323186874,0.4562157392501831,0.35097649693489075,-0.06579171866178513,0.4642198085784912,0.4032447338104248,-0.07466065138578415,0.5282827019691467,0.4042714536190033,-0.013057753443717957,0.527804970741272,0.28211209177970886,-0.04890505596995354,0.5169323086738586,0.3518030047416687,-0.055880386382341385,0.5179964900016785,0.4068204462528229,-0.04884377121925354,0.5811592936515808,0.4121144413948059,-0.02746768854558468,0.584725558757782,0.3086042106151581,-0.05937035009264946,0.5696144700050354,0.3735579252243042,-0.049494124948978424,0.5680235028266907,0.4227816164493561,-0.03236669301986694,0.6336201429367065,0.43855220079421997,-0.04567358270287514,0.63649582862854,0.3496577739715576,-0.060035619884729385,0.6195688247680664,0.3871263265609741,-0.04726100713014603,0.6140955090522766,0.42833632230758667,-0.03241976723074913
0.5764234066009521,0.6838781833648682,-5.02866555507353e-07,0.5059744119644165,0.6593708395957947,-0.02531427890062332,0.4449201822280884,0.5831872224807739,-0.04372485354542732,0.43359267711639404,0.4965900480747223,-0.06565883010625839,0.4771606922149658,0.45391082763671875,-0.08196993172168732,0.4783720374107361,0.41278260946273804,-0.007531858514994383,0.46069180965423584,0.306095689535141,-0.047377269715070724,0.45682215690612793,0.35524386167526245,-0.07122493535280228,0.46809786558151245,0.4152567982673645,-0.08043742924928665,0.5326610207557678,0.40198856592178345,-0.016094470396637917,0.529756486415863,0.2793666422367096,-0.05480851233005524,0.5198045969009399,0.35777169466018677,-0.06299491971731186,0.5240957736968994,0.4166930317878723,-0.0562097541987896,0.5855253338813782,0.4129413962364197,-0.031869128346443176,0.5894298553466797,0.3052919805049896,-0.06454329192638397,0.5721301436424255,0.37381550669670105,-0.05553249642252922,0.5705326795578003,0.4267033636569977,-0.038408972322940826,0.6381903886795044,0.4414546489715576,-0.05114239454269409,0.6411320567131042,0.34590208530426025,-0.06404506415128708,0.6193704009056091,0.38121944665908813,-0.05116279423236847,0.610710859298706,0.42332136631011963,-0.03604995831847191
0.5830780863761902,0.6758121848106384,-4.383233545013354e-07,0.5141015648841858,0.6511978507041931,-0.02717740833759308,0.45267319679260254,0.573413074016571,-0.04658780246973038,0.4395982325077057,0.48638805747032166,-0.06898961216211319,0.4805285334587097,0.44913485646247864,-0.08643563091754913,0.4857330322265625,0.4074033200740814,-0.009117505513131618,0.46666771173477173,0.3041360676288605,-0.04709535092115402,0.4594770669937134,0.3430306017398834,-0.07093372941017151,0.47040703892707825,0.3951207399368286,-0.08150183409452438,0.5401745438575745,0.3941168487071991,-0.017346367239952087,0.5380837321281433,0.2747361660003662,-0.05456659942865372,0.5296210646629333,0.3440479040145874,-0.06465742737054825,0.5351765751838684,0.3974624276161194,-0.061012864112854004,0.5937144756317139,0.4031873941421509,-0.03252777084708214,0.596098780632019,0.29747068881988525,-0.06467898935079575,0.5832306146621704,0.35916706919670105,-0.05741088092327118,0.5843580365180969,0.4082771837711334,-0.04319273680448532,0.6464648842811584,0.42980098724365234,-0.051385995000600815,0.6513295769691467,0.33642905950546265,-0.06545958667993546,0.6341874003410339,0.3711451292037964,-0.053988926112651825,0.6287485361099243,0.4138030409812927,-0.0409402921795845
0.5933206081390381,0.6657782793045044,-4.594464826368494e-07,0.522265613079071,0.6404526233673096,-0.025208979845046997,0.4586116075515747,0.565713107585907,-0.04355153813958168,0.4390783905982971,0.4853116273880005,-0.06509803980588913,0.4682699143886566,0.4391162693500519,-0.08154663443565369,0.4881132245063782,0.3987509608268738,-0.005935303866863251,0.4711557924747467,0.29791510105133057,-0.046316880732774734,0.4688604474067688,0.33902251720428467,-0.07151533663272858,0.4793412387371063,0.39191463589668274,-0.08198929578065872,0.5428490042686462,0.38513320684432983,-0.014776624739170074,0.5408817529678345,0.26902568340301514,-0.05435929074883461,0.5351919531822205,0.3439008295536041,-0.06492301821708679,0.538245439529419,0.39874207973480225,-0.06057378649711609,0.5963756442070007,0.392499178647995,-0.03074602223932743,0.5985497832298279,0.28951412439346313,-0.06526782363653183,0.5885601043701172,0.3605278730392456,-0.055607765913009644,0.5885555148124695,0.41271913051605225,-0.038589946925640106,0.6497524976730347,0.4179876148700714,-0.050125423818826675,0.6540393829345703,0.3329005837440491,-0.06615637242794037,0.6395801901817322,0.3752254545688629,-0.052752651274204254,0.6340210437774658,0.4162522256374359,-0.037145230919122696
0.6032851934432983,0.6116434931755066,-4.928755856781208e-07,0.530860960483551,0.5846103429794312,-0.036417312920093536,0.4675540030002594,0.5264410376548767,-0.06520967185497284,0.44425034523010254,0.46414828300476074,-0.0948745608329773,0.46406862139701843,0.4213663935661316,-0.11844965070486069,0.49674272537231445,0.35085514187812805,-0.02410341054201126,0.48129501938819885,0.27413812279701233,-0.07619880139827728,0.48141050338745117,0.34474173188209534,-0.1083092987537384,0.48976877331733704,0.3991064429283142,-0.12254437059164047,0.5578804016113281,0.340416818857193,-0.03034135326743126,0.5480932593345642,0.2538079619407654,-0.08147221803665161,0.5431065559387207,0.34826263785362244,-0.09579268842935562,0.5461159348487854,0.40034884214401245,-0.09321277588605881,0.6173396110534668,0.35007229447364807,-0.04476355016231537,0.6140902638435364,0.2691759169101715,-0.09099091589450836,0.6029967069625854,0.3582938015460968,-0.08064809441566467,0.600822389125824,0.40838107466697693,-0.06141835078597069,0.676465630531311,0.37523579597473145,-0.06279054284095764,0.6763454675674438,0.3119109869003296,-0.08681400865316391,0.6589851379394531,0.3710865378379822,-0.07275078445672989,0.649799644947052,0.4097064137458801,-0.05516497790813446
0.605116605758667,0.5892132520675659,-5.848692694598867e-07,0.5372835397720337,0.5723533630371094,-0.04750468581914902,0.46832481026649475,0.5226560831069946,-0.08004140108823776,0.44022348523139954,0.4569016695022583,-0.11017607897520065,0.4721583127975464,0.41046205163002014,-0.1318972408771515,0.4936281740665436,0.3605908155441284,-0.03715226799249649,0.48125389218330383,0.2946854531764984,-0.0891827791929245,0.4895908832550049,0.3810926377773285,-0.11424937844276428,0.49936991930007935,0.42424944043159485,-0.12486167997121811,0.5595523715019226,0.34947195649147034,-0.037942275404930115,0.5493373870849609,0.2783077657222748,-0.09192058444023132,0.5488341450691223,0.3868626058101654,-0.09977830201387405,0.5509070158004761,0.42274585366249084,-0.092585988342762,0.6209346652030945,0.3572581708431244,-0.04794863983988762,0.6171526908874512,0.2881000339984894,-0.10215214639902115,0.6089473962783813,0.38900721073150635,-0.08727487176656723,0.6045327186584473,0.42655202746391296,-0.06345854699611664,0.6807728409767151,0.3802665174007416,-0.06190906837582588,0.6774708032608032,0.3278113603591919,-0.09357895702123642,0.6629553437232971,0.39650359749794006,-0.07963261753320694,0.65123051404953,0.4318874478340149,-0.06103049963712692
0.6007444262504578,0.5879971981048584,-6.188253678374167e-07,0.5353633761405945,0.5812187194824219,-0.046027809381484985,0.46680909395217896,0.5322504043579102,-0.07714590430259705,0.44152259826660156,0.4737645387649536,-0.10513774305582047,0.4646414816379547,0.4322962760925293,-0.12583035230636597,0.4915497303009033,0.38205310702323914,-0.04872656986117363,0.4749816954135895,0.32189589738845825,-0.10404958575963974,0.48129063844680786,0.41170331835746765,-0.12955550849437714,0.4915187358856201,0.46270543336868286,-0.13959680497646332,0.5553190112113953,0.36909234523773193,-0.0506853386759758,0.5395440459251404,0.30554765462875366,-0.109261654317379,0.542466938495636,0.41681817173957825,-0.1176343634724617,0.549161434173584,0.45814892649650574,-0.11002898961305618,0.616592288017273,0.37438660860061646,-0.060875054448843,0.6083422899246216,0.30998003482818604,-0.11874936521053314,0.6039878129959106,0.4124593138694763,-0.10409648716449738,0.6019822955131531,0.451608806848526,-0.08025924116373062,0.6767114400863647,0.3911738693714142,-0.07457748055458069,0.6710920929908752,0.3487217426300049,-0.11086313426494598,0.6575623750686646,0.420833945274353,-0.09860651940107346,0.6475598216056824,0.4543370008468628,-0.08074009418487549
0.6032933592796326,0.5827040672302246,-5.06564447277924e-07,0.5412541627883911,0.575516939163208,-0.05178908258676529,0.47125738859176636,0.5345630049705505,-0.08596815913915634,0.4374212324619293,0.480711430311203,-0.11509097367525101,0.4588738679885864,0.43821200728416443,-0.13613802194595337,0.4830530285835266,0.3839874267578125,-0.05406282842159271,0.47224271297454834,0.3243867754936218,-0.11022040992975235,0.48890191316604614,0.41315993666648865,-0.1348872184753418,0.49892428517341614,0.4615921676158905,-0.14341124892234802,0.5497795343399048,0.3657773435115814,-0.05246772989630699,0.5400097966194153,0.30168259143829346,-0.11109928786754608,0.549735426902771,0.4151827394962311,-0.11793594807386398,0.5543522834777832,0.45635122060775757,-0.10812683403491974,0.6128734946250916,0.3664918839931488,-0.059239935129880905,0.6093211770057678,0.31466686725616455,-0.1174856647849083,0.6099876165390015,0.42150744795799255,-0.10067003220319748,0.6073645949363708,0.46070870757102966,-0.0740610808134079,0.671512246131897,0.38092562556266785,-0.06975029408931732,0.6667979955673218,0.34784334897994995,-0.10362081974744797,0.6577783823013306,0.42301851511001587,-0.0877462774515152,0.6487689018249512,0.4564477205276489,-0.06669439375400543
0.5991425514221191,0.5892189741134644,-5.275093144518905e-07,0.5369020104408264,0.5834938883781433,-0.04528459906578064,0.47072845697402954,0.5423537492752075,-0.07619842141866684,0.44118309020996094,0.4870690405368805,-0.10433473438024521,0.4586690068244934,0.4467049539089203,-0.12532028555870056,0.48644062876701355,0.39004823565483093,-0.04295582324266434,0.4702930450439453,0.33022430539131165,-0.09618325531482697,0.4814482629299164,0.4088882803916931,-0.12230395525693893,0.4927130937576294,0.4510844349861145,-0.13311466574668884,0.5490688681602478,0.37423160672187805,-0.044990479946136475,0.5385090708732605,0.31097090244293213,-0.09995756298303604,0.5413939356803894,0.41504672169685364,-0.10889023542404175,0.5461574196815491,0.4496839940547943,-0.10223699361085892,0.6100870370864868,0.37752097845077515,-0.05543990060687065,0.6059805750846863,0.31594085693359375,-0.11053541302680969,0.6021162271499634,0.4126637876033783,-0.09737452864646912,0.6017299294471741,0.446830689907074,-0.07464373856782913,0.6698300838470459,0.39406856894493103,-0.06936721503734589,0.6656599640846252,0.348993718624115,-0.10239679366350174,0.6537126302719116,0.4151970446109772,-0.08920134603977203,0.6460590362548828,0.4472165107727051,-0.07075658440589905
0.59203040599823,0.596294641494751,-5.603953923127847e-07,0.5297774076461792,0.5902994871139526,-0.053959451615810394,0.4660177230834961,0.541326642036438,-0.08906583487987518,0.44153502583503723,0.48579487204551697,-0.1187710240483284,0.455996572971344,0.441730260848999,-0.14079637825489044,0.4804137349128723,0.4023607671260834,-0.0658673346042633,0.46692103147506714,0.33339712023735046,-0.12419196218252182,0.48218709230422974,0.42657873034477234,-0.14790403842926025,0.4925001263618469,0.4769677221775055,-0.15585868060588837,0.5456904768943787,0.38637837767601013,-0.06430523842573166,0.5343160033226013,0.31962263584136963,-0.12709438800811768,0.5413714051246643,0.43733546137809753,-0.13432583212852478,0.5436071753501892,0.4782378077507019,-0.1252351552248001,0.607974648475647,0.3868471384048462,-0.07073933631181717,0.6032254099845886,0.3225439488887787,-0.13221029937267303,0.5999090075492859,0.43359896540641785,-0.11440951377153397,0.5943880677223206,0.4757367968559265,-0.0880197137594223,0.6659874320030212,0.398570716381073,-0.08102426677942276,0.6643389463424683,0.36031436920166016,-0.12044905126094818,0.6523977518081665,0.4391535222530365,-0.1059931293129921,0.6412702798843384,0.47662535309791565,-0.08581436425447464
0.5955224633216858,0.591325044631958,-4.912836857329239e-07,0.5348786115646362,0.5872771143913269,-0.05012080445885658,0.47267934679985046,0.5480854511260986,-0.08547376841306686,0.44260701537132263,0.5030840039253235,-0.11738220602273941,0.44689667224884033,0.46524298191070557,-0.14279258251190186,0.4854021668434143,0.39744603633880615,-0.05582904815673828,0.4663125276565552,0.3357829451560974,-0.11536641418933868,0.4761355519294739,0.42033010721206665,-0.14595098793506622,0.48593050241470337,0.4709862172603607,-0.15826568007469177,0.5468792915344238,0.3834777772426605,-0.05596981942653656,0.5347284078598022,0.32110509276390076,-0.11610347777605057,0.5362781882286072,0.424769788980484,-0.12892362475395203,0.5385758280754089,0.4663093090057373,-0.12467771768569946,0.6068692803382874,0.38643503189086914,-0.06439987570047379,0.6023402810096741,0.324979305267334,-0.12342570722103119,0.59371018409729,0.4246863126754761,-0.11308176070451736,0.5874574184417725,0.4694725275039673,-0.09184296429157257,0.66525799036026,0.4009370505809784,-0.07637536525726318,0.6628103256225586,0.3584100604057312,-0.11303909868001938,0.645858108997345,0.42711812257766724,-0.10211661458015442,0.6324537396430969,0.4666271507740021,-0.0847148448228836
0.5918053984642029,0.6164383292198181,-4.986511612514732e-07,0.5246838927268982,0.6070092916488647,-0.040561605244874954,0.45797839760780334,0.556114137172699,-0.06359635293483734,0.42930492758750916,0.49466273188591003,-0.08440369367599487,0.4342819154262543,0.4465585947036743,-0.0972733423113823,0.4698740243911743,0.39532455801963806,-0.02316119335591793,0.4613145589828491,0.32144391536712646,-0.0716087743639946,0.47045448422431946,0.39852362871170044,-0.09588437527418137,0.4783172607421875,0.44553253054618835,-0.10454381257295609,0.531642735004425,0.3759304881095886,-0.025310784578323364,0.5266978740692139,0.28973278403282166,-0.07633001357316971,0.5292037725448608,0.39575889706611633,-0.08474726229906082,0.5326403379440308,0.4400850534439087,-0.07533325999975204,0.5908403396606445,0.3785858750343323,-0.03635232150554657,0.5930181741714478,0.301076203584671,-0.08543962985277176,0.5871613621711731,0.3976343870162964,-0.07200056314468384,0.5853595733642578,0.4394310712814331,-0.04792430251836777,0.6503354907035828,0.3995950520038605,-0.051021017134189606,0.6500621438026428,0.3432382345199585,-0.0798085629940033,0.6369993686676025,0.40786898136138916,-0.06660731136798859,0.6292123794555664,0.44306474924087524,-0.04731278494000435
0.5867348909378052,0.6361405253410339,-4.618217417373671e-07,0.5203956365585327,0.63348388671875,-0.03315616399049759,0.44773271679878235,0.5711520910263062,-0.05240621045231819,0.41923320293426514,0.4931468665599823,-0.07094277441501617,0.44538646936416626,0.4457152187824249,-0.08257158100605011,0.47029581665992737,0.40193507075309753,-0.014684437774121761,0.45928242802619934,0.3144911527633667,-0.05750495567917824,0.46609678864479065,0.37127450108528137,-0.07823725789785385,0.4734732210636139,0.41792720556259155,-0.08487559109926224,0.5305880308151245,0.3809434175491333,-0.019822247326374054,0.5296551585197449,0.2782195210456848,-0.061038799583911896,0.5330846309661865,0.36837711930274963,-0.06488797813653946,0.5345503091812134,0.40725022554397583,-0.054066430777311325,0.5888793468475342,0.3839292526245117,-0.03317743539810181,0.5954363942146301,0.29889219999313354,-0.07236560434103012,0.590408205986023,0.38086584210395813,-0.05774163454771042,0.5872161388397217,0.4143195152282715,-0.03567427769303322,0.6466144323348999,0.40724635124206543,-0.05003948509693146,0.6462711691856384,0.3413148820400238,-0.07012101262807846,0.6370607614517212,0.3979135751724243,-0.05457049608230591,0.6322898864746094,0.42889660596847534,-0.0360066182911396
0.570223331451416,0.6716260313987732,-3.8298304616546375e-07,0.5037301182746887,0.6594275832176208,-0.02697043865919113,0.43774253129959106,0.5862401723861694,-0.043426770716905594,0.42541220784187317,0.5022605061531067,-0.06187470629811287,0.4689456820487976,0.45439523458480835,-0.07527139782905579,0.46740102767944336,0.4154791235923767,-0.004660104401409626,0.45131397247314453,0.32172027230262756,-0.042223695665597916,0.445438027381897,0.35217171907424927,-0.065389484167099,0.4528770446777344,0.398281991481781,-0.07493595033884048,0.5239518284797668,0.39766788482666016,-0.01230655238032341,0.5199282169342041,0.282199889421463,-0.049755651503801346,0.5094975829124451,0.34848514199256897,-0.059561777859926224,0.5126123428344727,0.40078553557395935,-0.05380113795399666,0.5788119435310364,0.4044608175754547,-0.02739250846207142,0.5831992626190186,0.3034585118293762,-0.058785952627658844,0.5673602223396301,0.3613671660423279,-0.052040696144104004,0.5649557113647461,0.404112845659256,-0.03709076717495918,0.6338676810264587,0.43250787258148193,-0.046281300485134125,0.637153685092926,0.34779122471809387,-0.060232117772102356,0.6191980838775635,0.3810754418373108,-0.04939056187868118,0.6111859083175659,0.4165385961532593,-0.03588598966598511
0.5759198069572449,0.6901676058769226,-3.722767303315777e-07,0.5033268928527832,0.6738818287849426,-0.03040323592722416,0.4350031018257141,0.5973931550979614,-0.049711212515830994,0.4214898645877838,0.5051984786987305,-0.07098429650068283,0.4707474708557129,0.4607255458831787,-0.08672602474689484,0.4719770550727844,0.4229378402233124,-0.009718518704175949,0.4561219811439514,0.31961554288864136,-0.04875487834215164,0.45370107889175415,0.3519122302532196,-0.07357864826917648,0.46210378408432007,0.4079674482345581,-0.08450966328382492,0.5293364524841309,0.40798279643058777,-0.016794059425592422,0.5289306640625,0.28342628479003906,-0.053335074335336685,0.522673487663269,0.3490676283836365,-0.06295157968997955,0.524241030216217,0.40451139211654663,-0.05843121185898781,0.5831648707389832,0.4183192253112793,-0.0314665362238884,0.5887699723243713,0.3108312487602234,-0.061899978667497635,0.577711284160614,0.36963796615600586,-0.05169142782688141,0.5750074982643127,0.415828675031662,-0.03554636612534523,0.6352871060371399,0.4491252899169922,-0.05047629401087761,0.6393002271652222,0.361355721950531,-0.06433951109647751,0.6257266998291016,0.3955181837081909,-0.050951071083545685,0.6184312105178833,0.4337509274482727,-0.036072686314582825
0.5801912546157837,0.6911095976829529,-4.816506589122582e-07,0.505475640296936,0.6709800958633423,-0.02934184856712818,0.43918877840042114,0.5967453122138977,-0.048394009470939636,0.4257502853870392,0.5035358667373657,-0.06962716579437256,0.4740216135978699,0.46167102456092834,-0.08517499268054962,0.47383806109428406,0.42715078592300415,-0.01144777424633503,0.4588567614555359,0.3192814886569977,-0.050507839769124985,0.4594724774360657,0.36491334438323975,-0.07383239269256592,0.47148367762565613,0.4186880588531494,-0.08409559726715088,0.5304219126701355,0.4092108905315399,-0.018991248682141304,0.5296651124954224,0.27941828966140747,-0.05833747610449791,0.5263352990150452,0.36003485321998596,-0.06684353202581406,0.5308539271354675,0.4182574450969696,-0.06049131229519844,0.5857416987419128,0.41553619503974915,-0.03379472345113754,0.591823160648346,0.3063998818397522,-0.06762132048606873,0.5814101099967957,0.37523767352104187,-0.05837811902165413,0.5803000330924988,0.4244041442871094,-0.04122838005423546,0.6406421661376953,0.4422309696674347,-0.05239762365818024,0.6459026336669922,0.3470948338508606,-0.06616418063640594,0.6313931941986084,0.3849806785583496,-0.05285672843456268,0.6252270936965942,0.42672163248062134,-0.03788517042994499
0.5806887149810791,0.6903694868087769,-4.7056263952072186e-07,0.5061231851577759,0.6612459421157837,-0.03249349072575569,0.44559967517852783,0.5886025428771973,-0.05486573651432991,0.4333682060241699,0.5028918385505676,-0.07953115552663803,0.47590526938438416,0.45042937994003296,-0.09804648905992508,0.47841596603393555,0.4172477722167969,-0.011927815154194832,0.4650958478450775,0.3106757402420044,-0.053976159542798996,0.4646642208099365,0.3627045154571533,-0.07953756302595139,0.47623854875564575,0.41764500737190247,-0.09061159938573837,0.534366250038147,0.40423792600631714,-0.018975555896759033,0.5342949032783508,0.2783496379852295,-0.061285726726055145,0.5299297571182251,0.3621845543384552,-0.0729806050658226,0.5344691276550293,0.42041778564453125,-0.06861291080713272,0.5888860821723938,0.4150802195072174,-0.03382496163249016,0.5957587361335754,0.30496665835380554,-0.07024651765823364,0.585041880607605,0.3776360750198364,-0.06253249198198318,0.5838756561279297,0.42923858761787415,-0.04607366397976875,0.6438626050949097,0.4462081789970398,-0.05259512737393379,0.6515809893608093,0.3496800363063812,-0.06841151416301727,0.6366685032844543,0.38820427656173706,-0.05609133839607239,0.6291307806968689,0.42964839935302734,-0.04136551171541214
0.5864700675010681,0.6872808933258057,-3.9762642245477764e-07,0.5164046883583069,0.6671521663665771,-0.03219763562083244,0.450347900390625,0.5920652151107788,-0.05559880658984184,0.42801809310913086,0.5042039155960083,-0.0812491923570633,0.46155068278312683,0.45165950059890747,-0.10121384263038635,0.4832635521888733,0.419036328792572,-0.01727927289903164,0.46621930599212646,0.308104932308197,-0.06182003766298294,0.4639718532562256,0.3463648557662964,-0.08857907354831696,0.4766003489494324,0.40619874000549316,-0.09942220896482468,0.5394110679626465,0.405649870634079,-0.024057872593402863,0.5391636490821838,0.27452269196510315,-0.0653700977563858,0.5346717238426208,0.34551751613616943,-0.07495686411857605,0.5386652946472168,0.401188462972641,-0.06989855319261551,0.5934585332870483,0.4156961739063263,-0.03847905620932579,0.6001920104026794,0.30161160230636597,-0.07355424761772156,0.591168224811554,0.3673485815525055,-0.06259255856275558,0.5890074968338013,0.41857364773750305,-0.04514630138874054,0.6462510228157043,0.445118248462677,-0.05709081143140793,0.6553423404693604,0.3496016263961792,-0.0739164724946022,0.6425948739051819,0.38726356625556946,-0.06046334654092789,0.6349903345108032,0.42983049154281616,-0.045087046921253204
0.5854255557060242,0.685334324836731,-4.7563148086737783e-07,0.5151922106742859,0.6615816354751587,-0.03296871855854988,0.45290419459342957,0.5913633704185486,-0.056889597326517105,0.4318718910217285,0.5091407299041748,-0.08272556960582733,0.4587235450744629,0.46277743577957153,-0.10261274874210358,0.4832639694213867,0.4120064973831177,-0.017776452004909515,0.46719276905059814,0.3063387870788574,-0.062123917043209076,0.46710512042045593,0.35663801431655884,-0.08882192522287369,0.4791742265224457,0.41650956869125366,-0.09980809688568115,0.5405612587928772,0.3996056914329529,-0.024401573464274406,0.5405852198600769,0.27475857734680176,-0.06672826409339905,0.5369590520858765,0.35965976119041443,-0.07623081654310226,0.5407629013061523,0.41829466819763184,-0.07047310471534729,0.595689058303833,0.41101759672164917,-0.0387214757502079,0.6024714112281799,0.30225205421447754,-0.07450795918703079,0.590880274772644,0.3729478120803833,-0.06424697488546371,0.5880970358848572,0.42391321063041687,-0.04655412584543228,0.6494457125663757,0.44199031591415405,-0.057076483964920044,0.6578536629676819,0.3461790084838867,-0.07249204814434052,0.6417994499206543,0.3841729462146759,-0.05841386690735817,0.6324587464332581,0.42570245265960693,-0.04240771383047104
0.6028282642364502,0.6418783068656921,-4.215862645651214e-07,0.5267284512519836,0.615442156791687,-0.028388261795043945,0.46366724371910095,0.5515691637992859,-0.05111369118094444,0.44361281394958496,0.4783119261264801,-0.07631976902484894,0.47302886843681335,0.43367379903793335,-0.09632280468940735,0.499991238117218,0.38370397686958313,-0.010820876806974411,0.48424822092056274,0.2908826470375061,-0.052359726279973984,0.47941315174102783,0.33216041326522827,-0.07846546918153763,0.48535579442977905,0.3802528977394104,-0.09029707312583923,0.5559496879577637,0.36745476722717285,-0.019014397636055946,0.5507095456123352,0.25834283232688904,-0.06022721156477928,0.5469567179679871,0.3336203396320343,-0.07245420664548874,0.551118016242981,0.3837379217147827,-0.0695364847779274,0.6107382774353027,0.3736942410469055,-0.0343436636030674,0.6107341647148132,0.28254464268684387,-0.0690961480140686,0.6032537817955017,0.35105764865875244,-0.059816136956214905,0.6041609048843384,0.391909658908844,-0.04385595768690109,0.6663229465484619,0.39817261695861816,-0.05327760428190231,0.6695439219474792,0.32902252674102783,-0.06743654608726501,0.6557725667953491,0.3732891082763672,-0.05335993319749832,0.6492621898651123,0.4058428108692169,-0.03824279457330704
0.6066648960113525,0.5969780087471008,-4.291995594485343e-07,0.5232738256454468,0.5592652559280396,-0.02677191235125065,0.4705643057823181,0.4910864233970642,-0.048594240099191666,0.4632114768028259,0.4292141795158386,-0.07210629433393478,0.4864763915538788,0.38931751251220703,-0.09171561151742935,0.5145718455314636,0.331589937210083,-0.00905030220746994,0.5037060976028442,0.25864508748054504,-0.04588642716407776,0.5061297416687012,0.3160645365715027,-0.07273939996957779,0.5119068622589111,0.3649919629096985,-0.08606356382369995,0.5741239786148071,0.3182612955570221,-0.014673192985355854,0.5682228803634644,0.2370367795228958,-0.05036376044154167,0.5656194686889648,0.3081132769584656,-0.06649799644947052,0.5688314437866211,0.3609876036643982,-0.06873021274805069,0.6297053098678589,0.32402652502059937,-0.02632269077003002,0.6240846514701843,0.2573530673980713,-0.05520574003458023,0.619304358959198,0.32211634516716003,-0.04976767301559448,0.6218760013580322,0.3652414083480835,-0.03832763433456421,0.6827226877212524,0.3458009958267212,-0.04106035456061363,0.6766595840454102,0.2946162819862366,-0.05214039981365204,0.6662086248397827,0.3446073830127716,-0.03860234469175339,0.6652308106422424,0.3783533573150635,-0.024241194128990173
0.6206802129745483,0.5899468064308167,-7.059525160002522e-07,0.5448450446128845,0.5634810924530029,-0.03921299800276756,0.4873749017715454,0.49610644578933716,-0.06388264149427414,0.4830114245414734,0.43093863129615784,-0.08732890337705612,0.5125619769096375,0.40038344264030457,-0.10392585396766663,0.5389844179153442,0.355859637260437,-0.030317530035972595,0.5390434861183167,0.29290494322776794,-0.07656749337911606,0.5495862364768982,0.38108697533607483,-0.09799817949533463,0.5544869303703308,0.41965875029563904,-0.10668308287858963,0.6047965884208679,0.3449200391769409,-0.03359701856970787,0.6080471873283386,0.27888205647468567,-0.08277816325426102,0.6091158986091614,0.38569507002830505,-0.09023121744394302,0.6043136119842529,0.42228880524635315,-0.0835161879658699,0.6654489040374756,0.35186779499053955,-0.04449412226676941,0.6744895577430725,0.2855912446975708,-0.09395616501569748,0.6685358285903931,0.3852941691875458,-0.07841437309980392,0.6586217284202576,0.4238191545009613,-0.05515488609671593,0.7207615971565247,0.3741779327392578,-0.05861727148294449,0.7318651080131531,0.32055410742759705,-0.08626297116279602,0.7184908986091614,0.39020565152168274,-0.0694226548075676,0.7036636471748352,0.42483073472976685,-0.04932922124862671
0.6294621229171753,0.5867725610733032,-5.738003210353781e-07,0.5568445324897766,0.5710471868515015,-0.04539652541279793,0.4937583804130554,0.5162656307220459,-0.07605207711458206,0.48357027769088745,0.4542720913887024,-0.1034417673945427,0.5180467367172241,0.4301094710826874,-0.12301455438137054,0.5369313955307007,0.38175836205482483,-0.045953426510095596,0.5266732573509216,0.3146074414253235,-0.09495200961828232,0.5409071445465088,0.4005250334739685,-0.11562840640544891,0.5490153431892395,0.4427841007709503,-0.12331780791282654,0.6011745929718018,0.3687728941440582,-0.044710349291563034,0.5981878042221069,0.3068966865539551,-0.0929572731256485,0.605983316898346,0.41346675157546997,-0.0965418741106987,0.60313880443573,0.44589951634407043,-0.0892999917268753,0.6605926156044006,0.3697345554828644,-0.051357563585042953,0.6638635396957397,0.30481547117233276,-0.09980780631303787,0.6609519720077515,0.4050770401954651,-0.08176389336585999,0.6515935659408569,0.44173160195350647,-0.05874551460146904,0.7161233425140381,0.3830525577068329,-0.061858125030994415,0.7205305695533752,0.3377072215080261,-0.09074680507183075,0.70772385597229,0.40629372000694275,-0.07635702937841415,0.691974401473999,0.43800199031829834,-0.05897026136517525
0.6257607340812683,0.5825837850570679,-4.935008064421709e-07,0.5642919540405273,0.5745329856872559,-0.05185650289058685,0.49968430399894714,0.5299229621887207,-0.08784805238246918,0.4791809022426605,0.47599607706069946,-0.11964049935340881,0.509762167930603,0.4432218670845032,-0.14429569244384766,0.529900074005127,0.38223305344581604,-0.05537479743361473,0.5193129777908325,0.32562342286109924,-0.11051469296216965,0.5350733995437622,0.4096295237541199,-0.13526494801044464,0.5453706979751587,0.4527863562107086,-0.14493510127067566,0.5960900783538818,0.36769312620162964,-0.05368327721953392,0.5904478430747986,0.31406861543655396,-0.11037922650575638,0.5979362726211548,0.42103537917137146,-0.11815619468688965,0.5970249176025391,0.4547910690307617,-0.1117892861366272,0.6571837067604065,0.3699442744255066,-0.06024611368775368,0.657069206237793,0.316008985042572,-0.11708689481019974,0.6544198393821716,0.4178673326969147,-0.10118737071752548,0.6454994082450867,0.4541053771972656,-0.07752679288387299,0.7127174735069275,0.38423219323158264,-0.07077113538980484,0.7132766842842102,0.35069718956947327,-0.1056927815079689,0.7020539045333862,0.4238184094429016,-0.0917065367102623,0.68734210729599,0.4572242498397827,-0.07318034023046494
0.6357513070106506,0.587211549282074,-5.499556436916464e-07,0.5727003216743469,0.5843374133110046,-0.04825261980295181,0.5052048563957214,0.5439140796661377,-0.08228537440299988,0.48014307022094727,0.493172824382782,-0.11266390979290009,0.5039560198783875,0.45618098974227905,-0.13516506552696228,0.5288028120994568,0.40316739678382874,-0.05387471243739128,0.513538658618927,0.3377287685871124,-0.10631269216537476,0.5325790643692017,0.42115265130996704,-0.12728826701641083,0.5438849925994873,0.468441903591156,-0.13416960835456848,0.5928290486335754,0.3860364556312561,-0.05293247103691101,0.584894061088562,0.32815098762512207,-0.10603383183479309,0.5977174639701843,0.4361986815929413,-0.11078128218650818,0.5977441072463989,0.47075241804122925,-0.1032538190484047,0.6530331373214722,0.3846469819545746,-0.05976352468132973,0.6506420373916626,0.32451993227005005,-0.11334645748138428,0.6520933508872986,0.4286420941352844,-0.09437248110771179,0.6450757384300232,0.4666721820831299,-0.06968436390161514,0.7082889080047607,0.3957805335521698,-0.07030940055847168,0.7086108326911926,0.3541083037853241,-0.1031530350446701,0.6988369226455688,0.42655688524246216,-0.08751450479030609,0.6848547458648682,0.46100807189941406,-0.06844726204872131
0.6189847588539124,0.5896881222724915,-5.36861875843897e-07,0.5591862201690674,0.5877336263656616,-0.049614325165748596,0.497010201215744,0.547278642654419,-0.08417829871177673,0.4762423634529114,0.5026316046714783,-0.11523859947919846,0.4962253272533417,0.4697017967700958,-0.14002490043640137,0.5224697589874268,0.4129285216331482,-0.05675176903605461,0.5102020502090454,0.35347238183021545,-0.11201706528663635,0.5280395150184631,0.43569448590278625,-0.13871294260025024,0.5376750826835632,0.4843863844871521,-0.1498008817434311,0.5857043266296387,0.39255398511886597,-0.056534308940172195,0.5837047696113586,0.33983609080314636,-0.11236009001731873,0.5966045260429382,0.44591405987739563,-0.12177836894989014,0.5932701826095581,0.4835529625415802,-0.1175757348537445,0.6451695561408997,0.39025261998176575,-0.0640069767832756,0.6489077806472778,0.33751651644706726,-0.11997579783201218,0.6512801051139832,0.439538836479187,-0.1054401621222496,0.6403177380561829,0.4788312613964081,-0.08372686058282852,0.6988615393638611,0.40123966336250305,-0.07515054941177368,0.7072215676307678,0.36559054255485535,-0.11010038107633591,0.6994159817695618,0.43761149048805237,-0.09656953811645508,0.6825894713401794,0.47226133942604065,-0.07914703339338303
0.6177319288253784,0.5948783755302429,-5.396035476223915e-07,0.559077262878418,0.5949205756187439,-0.05171262100338936,0.49556735157966614,0.5534957647323608,-0.08692476153373718,0.47320520877838135,0.5087254643440247,-0.1181393712759018,0.49117040634155273,0.47252973914146423,-0.14239880442619324,0.5223073363304138,0.4208156168460846,-0.06147579476237297,0.507890522480011,0.35514238476753235,-0.1194416955113411,0.5236154198646545,0.4439237713813782,-0.14520391821861267,0.533787190914154,0.4882437586784363,-0.1548665314912796,0.5878179669380188,0.40587663650512695,-0.06032497435808182,0.5811087489128113,0.3403692841529846,-0.11976440250873566,0.5887990593910217,0.45280858874320984,-0.12723380327224731,0.5873723030090332,0.48912832140922546,-0.12053413689136505,0.648125171661377,0.4058413505554199,-0.06714750081300735,0.6486632227897644,0.33977246284484863,-0.12615877389907837,0.6464951038360596,0.44890841841697693,-0.10720612853765488,0.6389728784561157,0.48929840326309204,-0.0812329351902008,0.701685905456543,0.41613084077835083,-0.07784248143434525,0.7063860893249512,0.37175437808036804,-0.11350948363542557,0.6963096857070923,0.4472801983356476,-0.09728841483592987,0.6839377880096436,0.48203209042549133,-0.07751209288835526
0.6151040196418762,0.5999070405960083,-4.9485657882542e-07,0.5457792282104492,0.5868650674819946,-0.0434294156730175,0.4862080216407776,0.5359014868736267,-0.07234437018632889,0.471357136964798,0.4827003479003906,-0.09845785796642303,0.48495689034461975,0.447469025850296,-0.11918222159147263,0.5228055715560913,0.39124786853790283,-0.04472912847995758,0.5119224786758423,0.3467588424682617,-0.09415366500616074,0.5232080817222595,0.4288131892681122,-0.12098293006420135,0.5334450006484985,0.4773038923740387,-0.1326017677783966,0.5866157412528992,0.3797602653503418,-0.04585449397563934,0.5825360417366028,0.3302385210990906,-0.09636843204498291,0.5876448154449463,0.42760443687438965,-0.10788870602846146,0.591296911239624,0.4732269048690796,-0.10475250333547592,0.6466986536979675,0.3860449492931366,-0.053978607058525085,0.6449583768844604,0.3338119089603424,-0.10355915129184723,0.6421882510185242,0.4261281192302704,-0.09170670807361603,0.6402468681335449,0.4700036346912384,-0.07168823480606079,0.7016172409057617,0.4056341052055359,-0.06541913747787476,0.7022645473480225,0.3636448383331299,-0.094885915517807,0.6897508502006531,0.42675748467445374,-0.08095254004001617,0.6806637048721313,0.4609468877315521,-0.06295353919267654
0.6017916202545166,0.6175639629364014,-2.3254183645349258e-07,0.5355787873268127,0.6102233529090881,-0.0337713249027729,0.47464025020599365,0.5486229658126831,-0.0544840544462204,0.4580265283584595,0.476331502199173,-0.07479523867368698,0.48177704215049744,0.43393003940582275,-0.0897834450006485,0.5140670537948608,0.3855086863040924,-0.014930092729628086,0.4993439316749573,0.30387377738952637,-0.05285060033202171,0.49920085072517395,0.33947429060935974,-0.07637099176645279,0.5072529315948486,0.3748059868812561,-0.08723195642232895,0.5689266324043274,0.3686758577823639,-0.018835538998246193,0.5710615515708923,0.2750019133090973,-0.05429854989051819,0.5664761066436768,0.3375583291053772,-0.0645100399851799,0.5694512128829956,0.37285733222961426,-0.06178254634141922,0.6215372681617737,0.37477907538414,-0.03026008792221546,0.6293171644210815,0.29256922006607056,-0.06116485595703125,0.6208148002624512,0.35041543841362,-0.05296403169631958,0.6219650506973267,0.3776768743991852,-0.03911551460623741,0.6741377115249634,0.4002610445022583,-0.04578688368201256,0.6786333322525024,0.33446186780929565,-0.06078391522169113,0.6659170985221863,0.37074390053749084,-0.049095671623945236,0.661597490310669,0.395598441362381,-0.03561730682849884
0.5942775011062622,0.638842761516571,-3.024992167866003e-07,0.5268786549568176,0.6283988952636719,-0.031296007335186005,0.46442368626594543,0.557081401348114,-0.05039999634027481,0.4547210931777954,0.474737286567688,-0.07036605477333069,0.4942271411418915,0.4255145490169525,-0.08491846919059753,0.5030130743980408,0.3967272639274597,-0.009668538346886635,0.49278247356414795,0.30557143688201904,-0.045352477580308914,0.4932127594947815,0.3269332945346832,-0.06662482768297195,0.49990659952163696,0.36612236499786377,-0.07561058551073074,0.5583803653717041,0.3814067840576172,-0.014168529771268368,0.5608105063438416,0.2758016586303711,-0.04968973249197006,0.5575324296951294,0.33656013011932373,-0.0594724640250206,0.5584686398506165,0.3849136531352997,-0.055427245795726776,0.610361635684967,0.3876063823699951,-0.0259822029620409,0.6175381541252136,0.295371413230896,-0.05740916728973389,0.6081370711326599,0.3525579273700714,-0.050011102110147476,0.6046513319015503,0.3952491581439972,-0.03540782257914543,0.6600703597068787,0.41337379813194275,-0.04178660362958908,0.669073760509491,0.3350035548210144,-0.05880826339125633,0.6566702723503113,0.36638882756233215,-0.049458522349596024,0.6482762098312378,0.40076231956481934,-0.03684884309768677
0.5917248725891113,0.6510030031204224,-2.9767323894702713e-07,0.5269806385040283,0.6364642381668091,-0.03247032314538956,0.4675253629684448,0.5661777257919312,-0.05574597790837288,0.45010924339294434,0.4819989800453186,-0.08058221638202667,0.4796721935272217,0.42551395297050476,-0.09993623942136765,0.5043102502822876,0.4025895595550537,-0.017001597210764885,0.4901760518550873,0.30099737644195557,-0.05712457746267319,0.48701462149620056,0.3214051425457001,-0.07957371324300766,0.4955061376094818,0.3763287663459778,-0.08714865893125534,0.5588688254356384,0.3907116651535034,-0.02147306129336357,0.5579187870025635,0.2727739214897156,-0.05747145041823387,0.552228569984436,0.33294743299484253,-0.06396672874689102,0.5537100434303284,0.3850190341472626,-0.05734838917851448,0.6109460592269897,0.39888593554496765,-0.033445797860622406,0.6195306777954102,0.29584798216819763,-0.06465545296669006,0.6084761023521423,0.3502982556819916,-0.053978972136974335,0.6043829917907715,0.4001532793045044,-0.0374637134373188,0.6609036922454834,0.425606906414032,-0.04958787560462952,0.671596884727478,0.33911171555519104,-0.06667345762252808,0.6572529673576355,0.3688313663005829,-0.055580027401447296,0.6464527249336243,0.4104176163673401,-0.04150212183594704
0.5927383899688721,0.6580765247344971,-4.8189906465268e-07,0.5228181481361389,0.6396591663360596,-0.028316324576735497,0.4601973593235016,0.561632513999939,-0.04556119069457054,0.4453620910644531,0.4723185896873474,-0.06481875479221344,0.48247161507606506,0.423906534910202,-0.07785722613334656,0.49656620621681213,0.3919483423233032,-0.0060640121810138226,0.4876807928085327,0.2939426898956299,-0.04530398175120354,0.4877404570579529,0.3387605845928192,-0.06949546933174133,0.49587368965148926,0.3946024775505066,-0.07951023429632187,0.5528509020805359,0.3801725506782532,-0.012387114576995373,0.5567430853843689,0.266022264957428,-0.05099133774638176,0.5532721877098083,0.34643539786338806,-0.06001095101237297,0.5536452531814575,0.404546320438385,-0.05440665781497955,0.6053961515426636,0.38987720012664795,-0.02631884627044201,0.6143960356712341,0.2882504463195801,-0.05995339900255203,0.6048812866210938,0.3592660129070282,-0.04961080104112625,0.6009945273399353,0.412136048078537,-0.03206251934170723,0.6571289300918579,0.4186045527458191,-0.04404386505484581,0.6682188510894775,0.33166345953941345,-0.060654912143945694,0.6547526717185974,0.37014040350914,-0.048569753766059875,0.6451454162597656,0.41055673360824585,-0.033697254955768585
0.5954314470291138,0.6620553731918335,-4.945587193105894e-07,0.5221533179283142,0.6451649069786072,-0.02946341596543789,0.45699596405029297,0.564734160900116,-0.04789869114756584,0.4488784670829773,0.4699237048625946,-0.06794726103544235,0.4912138879299164,0.42278578877449036,-0.08213935792446136,0.49575018882751465,0.40123575925827026,-0.015013058669865131,0.48361775279045105,0.2937312722206116,-0.05473453924059868,0.484986811876297,0.3404292166233063,-0.0783034935593605,0.4949939250946045,0.40195322036743164,-0.08816523849964142,0.5524981617927551,0.3869445025920868,-0.020770326256752014,0.5549116730690002,0.26657718420028687,-0.05845968425273895,0.5546307563781738,0.3449547290802002,-0.06615498661994934,0.5567887425422668,0.4059127867221832,-0.06073625013232231,0.6052328944206238,0.3965057134628296,-0.03362303599715233,0.6125935912132263,0.28910523653030396,-0.06710702180862427,0.6068350076675415,0.35873880982398987,-0.056450068950653076,0.6038007736206055,0.4148012697696686,-0.03951025754213333,0.6565840244293213,0.4243914484977722,-0.05023247376084328,0.6667113900184631,0.3373767137527466,-0.06898442655801773,0.6547547578811646,0.3740899860858917,-0.05824504792690277,0.6442791223526001,0.41703227162361145,-0.0445685014128685
0.5950366854667664,0.6627523899078369,-4.3536428506740776e-07,0.5246684551239014,0.6430360078811646,-0.03043276071548462,0.4628186523914337,0.5643864274024963,-0.050563618540763855,0.44656074047088623,0.4750504493713379,-0.07270815223455429,0.4864189922809601,0.426225483417511,-0.08918115496635437,0.49841344356536865,0.40024811029434204,-0.013280229642987251,0.4847570061683655,0.2941054701805115,-0.055210914462804794,0.48357269167900085,0.33866775035858154,-0.0820651724934578,0.49406126141548157,0.39621227979660034,-0.09391912072896957,0.5536008477210999,0.38629165291786194,-0.019305093213915825,0.5527306795120239,0.26348888874053955,-0.05809643119573593,0.5483025908470154,0.33120614290237427,-0.06925762444734573,0.5512020587921143,0.3883049488067627,-0.06629444658756256,0.6062309741973877,0.3945945203304291,-0.0327172726392746,0.6111811399459839,0.2891548275947571,-0.06611701101064682,0.602033257484436,0.3521694242954254,-0.05839361995458603,0.60048508644104,0.405093252658844,-0.04349289461970329,0.658741295337677,0.4202519357204437,-0.05016496405005455,0.6673809289932251,0.3328036367893219,-0.06696280837059021,0.652985692024231,0.3674565255641937,-0.056540243327617645,0.6441816687583923,0.40985196828842163,-0.04343458637595177
0.5969263315200806,0.6657539010047913,-4.893589107268781e-07,0.5244437456130981,0.6397678256034851,-0.02928607538342476,0.4636225700378418,0.562474250793457,-0.049606844782829285,0.4475800693035126,0.47523069381713867,-0.0726403221487999,0.4863728880882263,0.4221368134021759,-0.0896967202425003,0.5019059777259827,0.3971986472606659,-0.009483516216278076,0.48622971773147583,0.2881019711494446,-0.05066007003188133,0.48070457577705383,0.3358871638774872,-0.0761571079492569,0.4903472363948822,0.3918150067329407,-0.08713732659816742,0.5563508868217468,0.38577985763549805,-0.01612105220556259,0.5556561946868896,0.2606492042541504,-0.055544402450323105,0.5481278300285339,0.3385203778743744,-0.06594353169202805,0.5522029399871826,0.3955281376838684,-0.06195131316781044,0.6080631017684937,0.3955379128456116,-0.030223848298192024,0.6127452850341797,0.2847282588481903,-0.06376815587282181,0.600033700466156,0.3551550507545471,-0.05440059304237366,0.5994147062301636,0.41002434492111206,-0.03806082904338837,0.6597253680229187,0.422237366437912,-0.04830155521631241,0.6656313538551331,0.33039382100105286,-0.06415662914514542,0.6472295522689819,0.3695184290409088,-0.05264779180288315,0.6382713317871094,0.4141542613506317,-0.03882556036114693
0.5958163142204285,0.6621404886245728,-5.08288223954878e-07,0.5236926078796387,0.6364361047744751,-0.02678595669567585,0.4630110263824463,0.5548826456069946,-0.04481015354394913,0.4514963626861572,0.4663672149181366,-0.0656111091375351,0.49061304330825806,0.42241254448890686,-0.08068473637104034,0.5021082758903503,0.38995328545570374,-0.009509257972240448,0.4889955222606659,0.2830755114555359,-0.047942645847797394,0.4856725335121155,0.33165302872657776,-0.07163268327713013,0.4957069456577301,0.3894443213939667,-0.08178812265396118,0.5573222637176514,0.3783877193927765,-0.01696622557938099,0.5575160980224609,0.2557259202003479,-0.055541131645441055,0.5520968437194824,0.33315572142601013,-0.065810427069664,0.5575956702232361,0.3933336138725281,-0.06168384104967117,0.6103273034095764,0.38919180631637573,-0.03122088685631752,0.6155684590339661,0.2786632180213928,-0.06438814103603363,0.6054829955101013,0.3449805676937103,-0.056754838675260544,0.605923056602478,0.39964279532432556,-0.041480716317892075,0.6625993251800537,0.4173235297203064,-0.049004968255758286,0.6722924709320068,0.32289600372314453,-0.06506738811731339,0.6558249592781067,0.3561744689941406,-0.0548413023352623,0.6466541290283203,0.39978766441345215,-0.041861820966005325
0.6001998782157898,0.6548298001289368,-4.552547352432157e-07,0.5286605954170227,0.6269161105155945,-0.028066182509064674,0.4669914245605469,0.5495854616165161,-0.04860921576619148,0.44784146547317505,0.4646080434322357,-0.07236482948064804,0.4835216701030731,0.41211557388305664,-0.09036024659872055,0.5065314769744873,0.38220179080963135,-0.008208644576370716,0.4899197816848755,0.2744251489639282,-0.049538906663656235,0.48608240485191345,0.3161773681640625,-0.07473299652338028,0.4962467849254608,0.3729419708251953,-0.08503653854131699,0.5601089000701904,0.37109753489494324,-0.015578907914459705,0.5577905774116516,0.24854108691215515,-0.054119084030389786,0.5495855808258057,0.32245388627052307,-0.06307278573513031,0.5518710017204285,0.3786258399486542,-0.058264195919036865,0.6122180223464966,0.3811647891998291,-0.030545633286237717,0.6130058765411377,0.2693156599998474,-0.06401913613080978,0.6011794805526733,0.3401172459125519,-0.05264134332537651,0.600953996181488,0.39613988995552063,-0.03487713262438774,0.6649221181869507,0.40857455134391785,-0.049453090876340866,0.6703686118125916,0.3161861002445221,-0.06610377877950668,0.6542527079582214,0.35364681482315063,-0.053469665348529816,0.6473446488380432,0.3965892493724823,-0.038394663482904434
0.6025652289390564,0.6355711221694946,-4.5051143615637557e-07,0.5297520160675049,0.6097347736358643,-0.029663478955626488,0.467290997505188,0.5353008508682251,-0.05102621018886566,0.4482780694961548,0.4565233886241913,-0.07506290078163147,0.47452932596206665,0.4067872166633606,-0.09337000548839569,0.5045092701911926,0.3686440885066986,-0.01486877165734768,0.48972463607788086,0.26508814096450806,-0.05784069374203682,0.4847605228424072,0.3117377758026123,-0.0822126567363739,0.49439552426338196,0.3661770820617676,-0.09187832474708557,0.5604626536369324,0.35782381892204285,-0.022788967937231064,0.5576603412628174,0.23604612052440643,-0.06472691148519516,0.548426628112793,0.31466174125671387,-0.07306940108537674,0.5523329973220825,0.36555424332618713,-0.06713864207267761,0.6149454712867737,0.3682768940925598,-0.03824140131473541,0.6187307238578796,0.2581518888473511,-0.07631897181272507,0.6043673157691956,0.3311852216720581,-0.06522087752819061,0.6035579442977905,0.38118553161621094,-0.046722184866666794,0.6692079305648804,0.3962053954601288,-0.05734725669026375,0.6788507103919983,0.3034828305244446,-0.07685042172670364,0.6604132652282715,0.34181156754493713,-0.06414800882339478,0.6520724892616272,0.3817245066165924,-0.04860410466790199
0.6122101545333862,0.6223210692405701,-5.109494622956845e-07,0.538691520690918,0.6019155979156494,-0.038553331047296524,0.47635698318481445,0.5393449068069458,-0.06748871505260468,0.4583530128002167,0.4705200791358948,-0.09660658985376358,0.47710901498794556,0.41821303963661194,-0.11932053416967392,0.5126664638519287,0.3589487075805664,-0.029666388407349586,0.49554142355918884,0.26176851987838745,-0.08028474450111389,0.49339908361434937,0.32471680641174316,-0.10981994867324829,0.5016775727272034,0.3804102838039398,-0.12259846925735474,0.5728929042816162,0.34586045145988464,-0.035334691405296326,0.5699491500854492,0.23959748446941376,-0.08328765630722046,0.5649362802505493,0.32869952917099,-0.09492094814777374,0.567550003528595,0.3776084780693054,-0.091258205473423,0.6299017667770386,0.3536212146282196,-0.049097903072834015,0.6333100199699402,0.2616807818412781,-0.09077827632427216,0.6242159605026245,0.3417247533798218,-0.07830404490232468,0.6229119300842285,0.38422691822052,-0.05953799933195114,0.6860954761505127,0.3784685432910919,-0.06719037145376205,0.690904974937439,0.3059220314025879,-0.08826456218957901,0.6764206886291504,0.35855215787887573,-0.07275643944740295,0.6685137748718262,0.3935522735118866,-0.05524534732103348
0.6147370934486389,0.6159572601318359,-6.095328330957273e-07,0.5417625308036804,0.6008681654930115,-0.04275870323181152,0.47195953130722046,0.5422500371932983,-0.0733916163444519,0.45535698533058167,0.4733054041862488,-0.10275772958993912,0.482851505279541,0.42073380947113037,-0.12531113624572754,0.511349081993103,0.3604593575000763,-0.03131543844938278,0.4974583387374878,0.29087117314338684,-0.08815509080886841,0.49425145983695984,0.36696305871009827,-0.12136530876159668,0.5023607611656189,0.4197370111942291,-0.13637827336788177,0.573768675327301,0.3506844937801361,-0.036870334297418594,0.5677168369293213,0.27469226717948914,-0.09392883628606796,0.5589742064476013,0.37778639793395996,-0.10676669329404831,0.5616108179092407,0.42655718326568604,-0.10115121304988861,0.6326055526733398,0.36382633447647095,-0.05183408409357071,0.6295337677001953,0.3099685311317444,-0.10382728278636932,0.6167874932289124,0.40499013662338257,-0.09117046743631363,0.6146097183227539,0.4421887695789337,-0.06944648176431656,0.6901463270187378,0.3941827714443207,-0.0710844174027443,0.6844472885131836,0.35722553730010986,-0.09832305461168289,0.6676382422447205,0.4267335534095764,-0.08253185451030731,0.6606863737106323,0.4574797749519348,-0.06314373761415482
0.6059305667877197,0.6053920388221741,-6.640433412030688e-07,0.5481176972389221,0.5999258756637573,-0.04784749075770378,0.48555588722229004,0.5633715391159058,-0.08475317806005478,0.46153345704078674,0.5209987163543701,-0.11933400481939316,0.4916197657585144,0.47866564989089966,-0.14808399975299835,0.5065800547599792,0.43476632237434387,-0.056972842663526535,0.4914412796497345,0.3759737014770508,-0.11555278301239014,0.5046029090881348,0.4574989080429077,-0.14488689601421356,0.5141226053237915,0.5079708099365234,-0.1570926010608673,0.5738707780838013,0.4207271933555603,-0.0594504214823246,0.5651416778564453,0.36178165674209595,-0.11993257701396942,0.572166919708252,0.4734511971473694,-0.13066250085830688,0.572046160697937,0.5219011902809143,-0.12579168379306793,0.6374925374984741,0.4225288927555084,-0.0695749893784523,0.6326673626899719,0.3641325831413269,-0.1302427500486374,0.6292966604232788,0.4731067419052124,-0.11478649824857712,0.6205520629882812,0.5202611088752747,-0.09052188694477081,0.6952586770057678,0.43593910336494446,-0.08298532664775848,0.6923120021820068,0.395052045583725,-0.11923452466726303,0.6804764866828918,0.4707760810852051,-0.10325227677822113,0.6673448085784912,0.5097936391830444,-0.08340506255626678
0.6226204633712769,0.6057414412498474,-5.746545639340184e-07,0.5577614307403564,0.6020681262016296,-0.04184475541114807,0.4912189245223999,0.5541936755180359,-0.07090378552675247,0.4655664563179016,0.5080298185348511,-0.09781044721603394,0.4747318625450134,0.46432656049728394,-0.11856598407030106,0.5151176452636719,0.43023985624313354,-0.04922514036297798,0.4964374899864197,0.3672081232070923,-0.10355744510889053,0.5097997188568115,0.45170068740844727,-0.12976780533790588,0.5197732448577881,0.4998447299003601,-0.13968107104301453,0.5797539949417114,0.4153904318809509,-0.051738400012254715,0.5674871802330017,0.3558768630027771,-0.10588846355676651,0.5735206604003906,0.46250423789024353,-0.11421294510364532,0.5755425095558167,0.5033643245697021,-0.10827407240867615,0.640884518623352,0.4152582883834839,-0.06147988140583038,0.6337368488311768,0.3527401387691498,-0.11683961004018784,0.6335964202880859,0.4571002721786499,-0.0998750552535057,0.6312609314918518,0.5004339218139648,-0.0751572698354721,0.6961405873298645,0.4263901710510254,-0.07409708201885223,0.6939217448234558,0.3849937319755554,-0.10859523713588715,0.6844491362571716,0.4559483528137207,-0.09242508560419083,0.6755796670913696,0.49183234572410583,-0.07181663066148758
0.6182246804237366,0.6094518899917603,-5.345135605239193e-07,0.5598098635673523,0.6028395295143127,-0.0535268597304821,0.4936716556549072,0.5627911686897278,-0.08989554643630981,0.46070396900177,0.5137715935707092,-0.12154632806777954,0.4771556258201599,0.4650256335735321,-0.14564068615436554,0.5085527896881104,0.42471176385879517,-0.0605330727994442,0.4930487275123596,0.37074702978134155,-0.11911746114492416,0.5053568482398987,0.45833316445350647,-0.1457759141921997,0.5148032903671265,0.5068272352218628,-0.15613679587841034,0.5725821852684021,0.40994927287101746,-0.058895695954561234,0.5590779781341553,0.35644736886024475,-0.11946284770965576,0.5642767548561096,0.46487605571746826,-0.1287311315536499,0.5680612325668335,0.5020317435264587,-0.1224130317568779,0.6342182159423828,0.4120844900608063,-0.0656314492225647,0.6280769109725952,0.35707446932792664,-0.12665291130542755,0.6256104111671448,0.4602360129356384,-0.1119779571890831,0.6227157115936279,0.4985055923461914,-0.0879417210817337,0.6921623349189758,0.4259933531284332,-0.07616546005010605,0.6896983981132507,0.3880390524864197,-0.11552906036376953,0.6786461472511292,0.4591367542743683,-0.10327169299125671,0.6682969331741333,0.49337130784988403,-0.08499453216791153
0.6158521175384521,0.6068956255912781,-5.715654083360278e-07,0.553383469581604,0.6017638444900513,-0.040407437831163406,0.4883844256401062,0.5623676776885986,-0.07019118964672089,0.46209830045700073,0.5108378529548645,-0.09812803566455841,0.4786665737628937,0.46604061126708984,-0.12036991119384766,0.5097756385803223,0.42326223850250244,-0.046410612761974335,0.4928910434246063,0.36591386795043945,-0.09838591516017914,0.5030325055122375,0.4432961344718933,-0.12586955726146698,0.5118416547775269,0.4960862696170807,-0.1375623345375061,0.5721591711044312,0.40754982829093933,-0.049565088003873825,0.5587326884269714,0.3528973162174225,-0.10235156863927841,0.5627687573432922,0.4519892930984497,-0.11393825709819794,0.5649146437644958,0.500430703163147,-0.11078198254108429,0.6331329941749573,0.4102625250816345,-0.0595252625644207,0.6262651681900024,0.35277602076530457,-0.11390071362257004,0.6227079033851624,0.4515397548675537,-0.10396548360586166,0.6170319318771362,0.5037031769752502,-0.08418470621109009,0.6921288967132568,0.4265225827693939,-0.07208731025457382,0.6891961097717285,0.3855185806751251,-0.10868224501609802,0.6760638356208801,0.4541477560997009,-0.0987655445933342,0.6624734401702881,0.49733471870422363,-0.08252358436584473
0.6132012605667114,0.6081578731536865,-5.345683575797011e-07,0.5530073046684265,0.5994384288787842,-0.04427039995789528,0.4877851903438568,0.5580745339393616,-0.0742025077342987,0.4587475657463074,0.5000122785568237,-0.10144064575433731,0.48110759258270264,0.45449501276016235,-0.1218215823173523,0.5053937435150146,0.4133623540401459,-0.04094288498163223,0.4874006509780884,0.3526078462600708,-0.0918588936328888,0.4992471933364868,0.430099755525589,-0.11630932241678238,0.5107729434967041,0.47773194313049316,-0.12556196749210358,0.5675563216209412,0.39703506231307983,-0.04121872037649155,0.5550031661987305,0.3394443392753601,-0.09319422394037247,0.5599784851074219,0.4426247179508209,-0.10155069082975388,0.5640318393707275,0.48099058866500854,-0.09493452310562134,0.6275205612182617,0.40011730790138245,-0.04949500784277916,0.6224520802497864,0.34392210841178894,-0.10299788415431976,0.6184114813804626,0.44385337829589844,-0.09056717902421951,0.6152492165565491,0.4837372303009033,-0.06826583296060562,0.6863469481468201,0.41648226976394653,-0.060934048146009445,0.6817986965179443,0.3759405016899109,-0.09409528225660324,0.6686300039291382,0.4452597498893738,-0.08210530132055283,0.6578426957130432,0.480613648891449,-0.06434634327888489
0.6129002571105957,0.6028889417648315,-5.23573135069455e-07,0.550778865814209,0.5966604948043823,-0.04481232911348343,0.48699742555618286,0.5541400909423828,-0.07367503643035889,0.4600614309310913,0.5022710561752319,-0.09939060360193253,0.473612904548645,0.4590451419353485,-0.11835481971502304,0.505476176738739,0.40855827927589417,-0.04263370484113693,0.4923647344112396,0.3494834303855896,-0.09422272443771362,0.5039556622505188,0.42751023173332214,-0.11947312206029892,0.5129576325416565,0.47585949301719666,-0.12898766994476318,0.569085419178009,0.39295125007629395,-0.043107710778713226,0.5582374930381775,0.32655081152915955,-0.09683801233768463,0.5642347931861877,0.432883083820343,-0.1053929552435875,0.568945050239563,0.47765305638313293,-0.0977749153971672,0.6296054124832153,0.3974727392196655,-0.05155128985643387,0.6264114379882812,0.3363272249698639,-0.10656093806028366,0.6235128045082092,0.4360944926738739,-0.09357018023729324,0.6211472153663635,0.4803315997123718,-0.06986673921346664,0.688061535358429,0.4156356155872345,-0.06304313987493515,0.6870736479759216,0.36709094047546387,-0.09680180251598358,0.6753320097923279,0.432528018951416,-0.08364767581224442,0.6646295785903931,0.46931183338165283,-0.06447557359933853
0.6179380416870117,0.6100138425827026,-4.512680789048318e-07,0.5447611808776855,0.5971819162368774,-0.03456328064203262,0.4755956828594208,0.5381661057472229,-0.0569622740149498,0.45455223321914673,0.47075191140174866,-0.07804587483406067,0.47694262862205505,0.4215516448020935,-0.09350866079330444,0.5095837116241455,0.37468865513801575,-0.02092152275145054,0.4977836310863495,0.31456705927848816,-0.0644569993019104,0.5029499530792236,0.3775590658187866,-0.09074592590332031,0.5088205933570862,0.4210111200809479,-0.10278743505477905,0.568972647190094,0.36266064643859863,-0.025945981964468956,0.5605525374412537,0.2947596311569214,-0.07344292849302292,0.5606569647789001,0.38089585304260254,-0.08803264796733856,0.5637483596801758,0.43425264954566956,-0.08497470617294312,0.6271524429321289,0.37063068151474,-0.03805112466216087,0.621258020401001,0.3133618235588074,-0.08323100954294205,0.6161158680915833,0.3962461054325104,-0.07580480724573135,0.6152587532997131,0.4460018575191498,-0.05775893107056618,0.6849156022071838,0.3949660062789917,-0.05311330780386925,0.677039623260498,0.34876829385757446,-0.08081109821796417,0.6665052175521851,0.4088910222053528,-0.069614477455616,0.6631786227226257,0.4471575617790222,-0.0526205450296402
0.6174481511116028,0.6360749006271362,1.1210926942339938e-07,0.5412497520446777,0.6173334121704102,-0.023803051561117172,0.4750124514102936,0.5348924994468689,-0.033550940454006195,0.45860785245895386,0.44217562675476074,-0.04355147108435631,0.49640244245529175,0.39003807306289673,-0.05144073814153671,0.5158812999725342,0.4101788103580475,0.001215095049701631,0.5046336650848389,0.3338424265384674,-0.017525462433695793,0.49726712703704834,0.2925850749015808,-0.03502160683274269,0.49212005734443665,0.2677510976791382,-0.04746410623192787,0.5684837698936462,0.3917732536792755,-0.0017512979684397578,0.561988115310669,0.30898165702819824,-0.01763027161359787,0.5538121461868286,0.2799038290977478,-0.030332503840327263,0.54604572057724,0.26184380054473877,-0.037813037633895874,0.6187958121299744,0.39269381761550903,-0.010403705760836601,0.6197119355201721,0.31332623958587646,-0.030192842707037926,0.6081542372703552,0.30242353677749634,-0.033467844128608704,0.5959868431091309,0.29891902208328247,-0.03232796490192413,0.6716762781143188,0.4071703851222992,-0.02227921038866043,0.6732980608940125,0.3289433717727661,-0.03727085515856743,0.6614362597465515,0.3177988827228546,-0.03627084195613861,0.646117091178894,0.3215788006782532,-0.033084686845541
0.6075186133384705,0.6199160814285278,-2.7519284628851892e-08,0.5336853861808777,0.6109028458595276,-0.02751953899860382,0.4685436189174652,0.5320205688476562,-0.04024816304445267,0.45500969886779785,0.4355357885360718,-0.05565503612160683,0.5002400279045105,0.3825877904891968,-0.06743485480546951,0.5042073130607605,0.38020727038383484,0.0058366977609694,0.49442675709724426,0.2983768582344055,-0.025956720113754272,0.4917981028556824,0.282850980758667,-0.04887397959828377,0.4954330325126648,0.3042426109313965,-0.05968456715345383,0.5606476068496704,0.35806360840797424,0.0008577899425290525,0.5553771257400513,0.2551168203353882,-0.034602489322423935,0.5511236190795898,0.28720760345458984,-0.051901817321777344,0.5528295040130615,0.33394211530685425,-0.05218331888318062,0.6142730116844177,0.3576444387435913,-0.01108744740486145,0.6160672903060913,0.26827746629714966,-0.04345850646495819,0.6066651344299316,0.32009297609329224,-0.04099996015429497,0.6019582152366638,0.3704834282398224,-0.027319062501192093,0.6697948575019836,0.3753192722797394,-0.026606673374772072,0.6682473421096802,0.2934662997722626,-0.044196709990501404,0.6565225124359131,0.3195401430130005,-0.03690511733293533,0.6495696306228638,0.3579906225204468,-0.02419213205575943
0.6172230839729309,0.6266927719116211,-2.404765382379992e-07,0.5412337183952332,0.6145848631858826,-0.027498744428157806,0.473319947719574,0.5322990417480469,-0.0419851690530777,0.45749109983444214,0.4338572025299072,-0.05907728895545006,0.5007173418998718,0.38550466299057007,-0.07168787717819214,0.5109056234359741,0.37839919328689575,0.0006302602123469114,0.4973064661026001,0.2796546518802643,-0.03386121988296509,0.4928407073020935,0.28488725423812866,-0.057330768555402756,0.5000051856040955,0.3233529031276703,-0.06764821708202362,0.5649227499961853,0.36107051372528076,-0.0052368794567883015,0.5620135068893433,0.23976892232894897,-0.04105276241898537,0.5555511713027954,0.2794126272201538,-0.055680230259895325,0.5581892728805542,0.3319806456565857,-0.05466387793421745,0.6180036067962646,0.36311575770378113,-0.018391551449894905,0.6206181645393372,0.25780946016311646,-0.04992983490228653,0.6088680624961853,0.3047372102737427,-0.048507366329431534,0.6055808067321777,0.35529881715774536,-0.03716537728905678,0.6727094054222107,0.38193613290786743,-0.035357728600502014,0.6770852208137512,0.2899964153766632,-0.05119353160262108,0.6621231436729431,0.31317955255508423,-0.04509255662560463,0.6532636880874634,0.35272693634033203,-0.03518253564834595
0.609679102897644,0.6293717622756958,-4.355125042820873e-07,0.5355433225631714,0.6104072332382202,-0.02892492525279522,0.46937087178230286,0.5240256786346436,-0.04579834267497063,0.46013402938842773,0.42490285634994507,-0.06580223143100739,0.5072789788246155,0.3797481060028076,-0.08019839227199554,0.5118001699447632,0.3597031235694885,-0.0019539333879947662,0.4958335757255554,0.2584744691848755,-0.044262051582336426,0.4963892996311188,0.3063034117221832,-0.07269072532653809,0.5101140141487122,0.3712424635887146,-0.08471252769231796,0.5666789412498474,0.34369081258773804,-0.008837588131427765,0.5617100596427917,0.221958726644516,-0.050477176904678345,0.5578243732452393,0.28880396485328674,-0.06505227088928223,0.5651365518569946,0.3514034152030945,-0.06218824163079262,0.6199527382850647,0.35053062438964844,-0.023851700127124786,0.6225696802139282,0.243571937084198,-0.059700626879930496,0.6128003001213074,0.3104435205459595,-0.054609671235084534,0.6130070090293884,0.36815595626831055,-0.039150286465883255,0.675011396408081,0.3751736581325531,-0.04293602705001831,0.6799900531768799,0.2833353579044342,-0.0602433867752552,0.6646044254302979,0.3164503574371338,-0.051018305122852325,0.6574916839599609,0.35885369777679443,-0.0376906618475914
0.6155471801757812,0.6290121078491211,-4.7051634055605973e-07,0.5373051166534424,0.6036642789840698,-0.027811503037810326,0.47427845001220703,0.5171018838882446,-0.044770509004592896,0.46531668305397034,0.4218340814113617,-0.06553348898887634,0.5117971897125244,0.37759581208229065,-0.08059856295585632,0.5161278247833252,0.3506855368614197,0.0011854335898533463,0.49993014335632324,0.24293510615825653,-0.03845612704753876,0.4984767735004425,0.2902527153491974,-0.06525757163763046,0.5109156370162964,0.3496025502681732,-0.07700183987617493,0.5710018277168274,0.33417418599128723,-0.006107822060585022,0.5672139525413513,0.2088422328233719,-0.04587683081626892,0.5622845888137817,0.27751392126083374,-0.06015510484576225,0.569348156452179,0.3402893841266632,-0.057594332844018936,0.6246299147605896,0.3392491340637207,-0.021322324872016907,0.6235648989677429,0.23264247179031372,-0.055066317319869995,0.6143990755081177,0.29961174726486206,-0.05007200688123703,0.6175568103790283,0.3582227826118469,-0.03525972738862038,0.6799309849739075,0.36144039034843445,-0.04066459834575653,0.6811538934707642,0.2712055742740631,-0.05608488991856575,0.6649829745292664,0.3069291114807129,-0.04658937081694603,0.6594851613044739,0.3531876504421234,-0.033515483140945435
0.6198177933692932,0.6166336536407471,-3.830432717677468e-07,0.5397693514823914,0.5885041952133179,-0.02897302433848381,0.47700628638267517,0.4996691048145294,-0.047234807163476944,0.472960501909256,0.40377873182296753,-0.06890319287776947,0.5201501846313477,0.3645761013031006,-0.08576148748397827,0.5207258462905884,0.3369784355163574,-0.00395590253174305,0.5042080283164978,0.23083937168121338,-0.04427434876561165,0.5007087588310242,0.26668572425842285,-0.07327088713645935,0.5120915174484253,0.32677215337753296,-0.08678527176380157,0.5747746825218201,0.3202417194843292,-0.010840632021427155,0.5713950395584106,0.194719135761261,-0.04910945147275925,0.5666487216949463,0.24852897226810455,-0.0655798390507698,0.5734156370162964,0.3105785846710205,-0.06646652519702911,0.6274692416191101,0.3268596827983856,-0.025323498994112015,0.6292506456375122,0.21581028401851654,-0.05804890766739845,0.6210187077522278,0.27060920000076294,-0.057044729590415955,0.6233694553375244,0.33140280842781067,-0.04663363844156265,0.6811829209327698,0.35174429416656494,-0.04398195445537567,0.6851325035095215,0.260280042886734,-0.0613110214471817,0.6704103350639343,0.2872789800167084,-0.05540856719017029,0.6644155979156494,0.3339889645576477,-0.04552142322063446
0.6234373450279236,0.613412618637085,-4.390407752907777e-07,0.5420969128608704,0.5822970271110535,-0.028474682942032814,0.4763251841068268,0.49549758434295654,-0.04504034295678139,0.4702168405056,0.39668911695480347,-0.0647280365228653,0.5154610276222229,0.3490375578403473,-0.07933805882930756,0.5177913904190063,0.3365003764629364,-0.001097124069929123,0.5048962831497192,0.23083364963531494,-0.03954126313328743,0.5021540522575378,0.26525166630744934,-0.06552668660879135,0.5127437114715576,0.32060056924819946,-0.07735294103622437,0.5730471611022949,0.3177381455898285,-0.007582983933389187,0.5729832649230957,0.19532422721385956,-0.04675101488828659,0.5694759488105774,0.26007091999053955,-0.06143145263195038,0.5754317045211792,0.32359570264816284,-0.0599692203104496,0.6259807348251343,0.32184234261512756,-0.021775219589471817,0.6267166137695312,0.22150130569934845,-0.05565626546740532,0.6199228167533875,0.28085631132125854,-0.05292071774601936,0.621913492679596,0.33565962314605713,-0.040537361055612564,0.6791123151779175,0.3437364101409912,-0.03986647352576256,0.682460367679596,0.25538888573646545,-0.056223198771476746,0.6696620583534241,0.28847479820251465,-0.04785003140568733,0.6637016534805298,0.3329835534095764,-0.03611884266138077
0.6217943429946899,0.6051504015922546,-3.868524061090284e-07,0.5439050793647766,0.5754290223121643,-0.03115447610616684,0.4818447232246399,0.48952949047088623,-0.051285989582538605,0.4784344434738159,0.39468374848365784,-0.07431292533874512,0.531101405620575,0.35083580017089844,-0.09217175096273422,0.5225374698638916,0.3238524794578552,-0.0069492775946855545,0.5107734799385071,0.21763740479946136,-0.048236314207315445,0.5042504072189331,0.2617933452129364,-0.07801950722932816,0.5137932300567627,0.3241758346557617,-0.09227080643177032,0.577177107334137,0.3086678981781006,-0.013268779963254929,0.577354371547699,0.18229088187217712,-0.05262616649270058,0.5670610070228577,0.24036763608455658,-0.06923826038837433,0.5716010332107544,0.304869681596756,-0.06988618522882462,0.6299872398376465,0.3181455135345459,-0.027490159496665,0.6356280446052551,0.21049979329109192,-0.06041010096669197,0.6209503412246704,0.26645219326019287,-0.06049998849630356,0.6196547746658325,0.32630693912506104,-0.0507468543946743,0.6840221881866455,0.3456261456012726,-0.04602646455168724,0.6902915239334106,0.25357866287231445,-0.062274567782878876,0.6715000867843628,0.2817028760910034,-0.05663144588470459,0.6617292165756226,0.32812097668647766,-0.04727289080619812
0.6216734051704407,0.6060769557952881,-3.9102749838093587e-07,0.5463855266571045,0.5752962827682495,-0.03140398859977722,0.48548901081085205,0.4957624077796936,-0.05333182215690613,0.4746820032596588,0.40856480598449707,-0.07741164416074753,0.5129205584526062,0.3614773452281952,-0.09654361009597778,0.5322094559669495,0.3194049298763275,-0.011526525020599365,0.5168891549110413,0.21629682183265686,-0.05243780091404915,0.5086125135421753,0.25346457958221436,-0.08188091218471527,0.5177710056304932,0.3127923607826233,-0.09624791890382767,0.5875585079193115,0.3074262738227844,-0.017473779618740082,0.5871684551239014,0.1871327906847,-0.055173955857753754,0.5744747519493103,0.2388831228017807,-0.07093576341867447,0.5760234594345093,0.2976258099079132,-0.07273965328931808,0.6398981213569641,0.31894251704216003,-0.030900562182068825,0.6445926427841187,0.22032617032527924,-0.06268923729658127,0.6274972558021545,0.27420616149902344,-0.06091408059000969,0.6233773827552795,0.32945382595062256,-0.051394905894994736,0.6919165253639221,0.3480466306209564,-0.04856688901782036,0.6968196630477905,0.26320022344589233,-0.06423099339008331,0.6770392656326294,0.29225850105285645,-0.056898195296525955,0.6664184331893921,0.3342430293560028,-0.046913232654333115
0.628695547580719,0.5990198850631714,-3.453352519500186e-07,0.5536863207817078,0.5750283002853394,-0.03865734115242958,0.4918774366378784,0.5100707411766052,-0.06787475943565369,0.47470590472221375,0.44381141662597656,-0.09678084403276443,0.4891239106655121,0.39254218339920044,-0.12102598696947098,0.5338833928108215,0.33492526412010193,-0.03567276895046234,0.5258433222770691,0.23835884034633636,-0.08652128279209137,0.5208596587181091,0.2708761990070343,-0.11943801492452621,0.5241019129753113,0.31584250926971436,-0.13600121438503265,0.5956234931945801,0.3205675482749939,-0.04287022724747658,0.5955045819282532,0.21021395921707153,-0.08990847319364548,0.5883302688598633,0.2674526572227478,-0.10700315982103348,0.5885990262031555,0.3128896951675415,-0.10952436923980713,0.6538621783256531,0.33143550157546997,-0.05743173137307167,0.6622251272201538,0.25371432304382324,-0.09803949296474457,0.6518787145614624,0.31580591201782227,-0.09188110381364822,0.6471075415611267,0.3527865707874298,-0.07997173815965652,0.7091232538223267,0.36180901527404785,-0.0764036774635315,0.7171827554702759,0.30460429191589355,-0.09759343415498734,0.704292356967926,0.3493298292160034,-0.08539339154958725,0.6969293355941772,0.379968523979187,-0.07208143174648285
0.6326600909233093,0.6074575781822205,-7.090843610058073e-07,0.5625945329666138,0.5900475382804871,-0.045706916600465775,0.49680304527282715,0.5369880199432373,-0.07821778953075409,0.4740184545516968,0.4738110303878784,-0.10958416014909744,0.4975559413433075,0.42746758460998535,-0.13223779201507568,0.5338647365570068,0.36738383769989014,-0.036954451352357864,0.5278565883636475,0.296799898147583,-0.09142863005399704,0.5368035435676575,0.3858199119567871,-0.1171465516090393,0.5455310940742493,0.4299038052558899,-0.1279613971710205,0.599639356136322,0.35744479298591614,-0.040245916694402695,0.597869336605072,0.28329503536224365,-0.09715724736452103,0.5997337698936462,0.3970327377319336,-0.10484655201435089,0.6005012392997742,0.42851606011390686,-0.09773296117782593,0.6602258086204529,0.3648570775985718,-0.05294390395283699,0.664711058139801,0.29593878984451294,-0.1066562682390213,0.6575832366943359,0.39743271470069885,-0.08877437561750412,0.6513636112213135,0.4263243079185486,-0.06434477865695953,0.7167772650718689,0.38521134853363037,-0.0700962021946907,0.723020613193512,0.33218511939048767,-0.09749016165733337,0.7084119915962219,0.40028560161590576,-0.08067198097705841,0.6968305110931396,0.42572975158691406,-0.06172412633895874
0.6289896965026855,0.6003637313842773,-4.5030463979855995e-07,0.5669041275978088,0.5879510045051575,-0.05637203902006149,0.5020449161529541,0.5367324352264404,-0.09457965940237045,0.47358232736587524,0.4743260145187378,-0.1285359114408493,0.5021262168884277,0.4381464719772339,-0.153886616230011,0.5314781069755554,0.37158384919166565,-0.05143583193421364,0.5246812701225281,0.29350972175598145,-0.11027543246746063,0.536298930644989,0.3790830969810486,-0.1384590119123459,0.5456411242485046,0.4337422847747803,-0.14941942691802979,0.5989794135093689,0.3604770302772522,-0.04947221279144287,0.5991945266723633,0.2808622419834137,-0.11204507946968079,0.6036863327026367,0.39265933632850647,-0.12324568629264832,0.6017147302627563,0.4352193772792816,-0.11620759963989258,0.6599952578544617,0.3671490550041199,-0.05703410506248474,0.6661757230758667,0.29739683866500854,-0.11563419550657272,0.6607211232185364,0.39840245246887207,-0.10037393122911453,0.6501287817955017,0.437660276889801,-0.07530497759580612,0.7150359749794006,0.3873225152492523,-0.06929367780685425,0.7200134992599487,0.3377813696861267,-0.10176794230937958,0.7084339261054993,0.40656206011772156,-0.08664156496524811,0.6937134265899658,0.438413143157959,-0.06692059338092804
0.6260219216346741,0.5983561277389526,-4.6583357971030637e-07,0.5597889423370361,0.5855609178543091,-0.055726371705532074,0.49464288353919983,0.5315074920654297,-0.09246858954429626,0.4751628041267395,0.4660096764564514,-0.12448468059301376,0.5028679370880127,0.42335817217826843,-0.14848890900611877,0.5263003706932068,0.3760141134262085,-0.055473580956459045,0.5239688158035278,0.30258363485336304,-0.1137733981013298,0.5369443297386169,0.38195687532424927,-0.1410970687866211,0.5420577526092529,0.43480184674263,-0.15138262510299683,0.5947261452674866,0.3633866310119629,-0.05347402021288872,0.5972455739974976,0.2880488336086273,-0.11402230709791183,0.603003740310669,0.40047475695610046,-0.12353735417127609,0.5979065299034119,0.44471991062164307,-0.11609635502099991,0.6567749977111816,0.3688110113143921,-0.06061803922057152,0.6626039147377014,0.2999628484249115,-0.11899612098932266,0.6578862071037292,0.4025868773460388,-0.10302753746509552,0.6456354856491089,0.4449748694896698,-0.07794760912656784,0.7111777663230896,0.3887454867362976,-0.07216105610132217,0.7158067226409912,0.3403940796852112,-0.10638255625963211,0.7041760683059692,0.4093562364578247,-0.09115171432495117,0.6888012290000916,0.4435254633426666,-0.07113385200500488
0.6325551867485046,0.5987883806228638,-5.236378228801186e-07,0.5629599094390869,0.5885621905326843,-0.04722650721669197,0.4965493381023407,0.5314012169837952,-0.0763871893286705,0.47614786028862,0.4629215896129608,-0.1017790362238884,0.5041915774345398,0.42544493079185486,-0.11926382035017014,0.5287395715713501,0.3816615343093872,-0.04351244494318962,0.5215057730674744,0.3081988990306854,-0.09485302865505219,0.5354589819908142,0.39022326469421387,-0.11720242351293564,0.5428455471992493,0.4394533336162567,-0.12492469698190689,0.5965154767036438,0.3679698705673218,-0.043259430676698685,0.5931974053382874,0.2896581292152405,-0.09769592434167862,0.6022005081176758,0.39964431524276733,-0.10463529825210571,0.6014693379402161,0.44205743074417114,-0.09586144983768463,0.6576077938079834,0.3719971477985382,-0.05127478390932083,0.6587758660316467,0.3009299039840698,-0.10508366674184799,0.6572680473327637,0.40259435772895813,-0.08836209028959274,0.6497894525527954,0.44275784492492676,-0.0628301128745079,0.7125105857849121,0.38989707827568054,-0.0628686398267746,0.7108620405197144,0.3368854224681854,-0.0936122015118599,0.7026541233062744,0.40379709005355835,-0.07769949734210968,0.6927916407585144,0.43609485030174255,-0.057478636503219604
0.6300796270370483,0.594935953617096,-4.054525390984054e-07,0.5645033121109009,0.5893254280090332,-0.05832609906792641,0.49721789360046387,0.5425077676773071,-0.09575104713439941,0.47252804040908813,0.47787347435951233,-0.12779025733470917,0.4982455372810364,0.4346058666706085,-0.15112093091011047,0.5258443355560303,0.38605043292045593,-0.056643806397914886,0.5194157361984253,0.31110823154449463,-0.11572416126728058,0.5325196385383606,0.3884958326816559,-0.1418256312608719,0.5390106439590454,0.43538469076156616,-0.15117236971855164,0.5924774408340454,0.3697822093963623,-0.05329419672489166,0.5911952257156372,0.29189983010292053,-0.11473814398050308,0.5993132591247559,0.3999677002429962,-0.12350735068321228,0.5976383686065674,0.43444040417671204,-0.11521194875240326,0.6530343294143677,0.3717459738254547,-0.05953710526227951,0.6571424007415771,0.30223122239112854,-0.11902710050344467,0.6550543308258057,0.40112021565437317,-0.10314221680164337,0.6457762122154236,0.434017151594162,-0.07787580788135529,0.7074142098426819,0.38776782155036926,-0.07046707719564438,0.711793065071106,0.34084731340408325,-0.10584728419780731,0.7018322348594666,0.40812888741493225,-0.09178154170513153,0.6878618597984314,0.43804168701171875,-0.07238820195198059
0.6275618672370911,0.6006430387496948,-4.417657351041271e-07,0.5569925308227539,0.5903507471084595,-0.051269929856061935,0.49352961778640747,0.5371206998825073,-0.08434873074293137,0.47590500116348267,0.4728507399559021,-0.1136728823184967,0.49653151631355286,0.4306240379810333,-0.13542486727237701,0.5245046615600586,0.3843837082386017,-0.047107670456171036,0.5166639685630798,0.3089047372341156,-0.10334694385528564,0.5290504693984985,0.39107614755630493,-0.13072949647903442,0.5391665697097778,0.44118544459342957,-0.14133788645267487,0.5904217958450317,0.36890700459480286,-0.046822696924209595,0.5892955660820007,0.28664302825927734,-0.10477746278047562,0.5950177311897278,0.3930083215236664,-0.1147826686501503,0.5965882539749146,0.4353103041648865,-0.10755577683448792,0.6504963636398315,0.3728330135345459,-0.05559689551591873,0.6546565294265747,0.301391065120697,-0.11060333251953125,0.6513085961341858,0.3986554741859436,-0.09609232097864151,0.645717442035675,0.43671685457229614,-0.07216434180736542,0.7059961557388306,0.3905087411403656,-0.06858235597610474,0.7077582478523254,0.34024494886398315,-0.09898516535758972,0.6969472169876099,0.40493014454841614,-0.08386574685573578,0.6866339445114136,0.43554407358169556,-0.06447206437587738
0.6250706911087036,0.5935190320014954,-4.0588352590020804e-07,0.5571320056915283,0.5876320600509644,-0.05249654874205589,0.4907601475715637,0.5415340065956116,-0.08567198365926743,0.4656476378440857,0.48172515630722046,-0.11473710834980011,0.4850708246231079,0.43770378828048706,-0.136020690202713,0.5136723518371582,0.37206780910491943,-0.04246381297707558,0.505508542060852,0.30495530366897583,-0.09800448268651962,0.5165846347808838,0.3847724199295044,-0.12606281042099,0.5280183553695679,0.43428903818130493,-0.1368567794561386,0.5793471336364746,0.357408344745636,-0.04116981849074364,0.5770785212516785,0.279280424118042,-0.09838752448558807,0.5821170210838318,0.388180136680603,-0.10889371484518051,0.5861257314682007,0.4330296516418457,-0.1014314666390419,0.640320360660553,0.3630709648132324,-0.04936227947473526,0.6439072489738464,0.2906591594219208,-0.10480441153049469,0.6383603811264038,0.3920370638370514,-0.09091519564390182,0.6327844858169556,0.4366235136985779,-0.06654954701662064,0.6976060271263123,0.3848813772201538,-0.06189833581447601,0.699455201625824,0.3350621461868286,-0.09540306776762009,0.6864694356918335,0.40248504281044006,-0.08207931369543076,0.6747586727142334,0.43853986263275146,-0.0626923218369484
0.626450777053833,0.6010199785232544,-2.5405645942555566e-07,0.5567936301231384,0.5910288691520691,-0.03828205168247223,0.4904251992702484,0.5341761708259583,-0.060221102088689804,0.47218042612075806,0.45301011204719543,-0.08125534653663635,0.5043827891349792,0.4086785614490509,-0.09687094390392303,0.5219014286994934,0.36006253957748413,-0.01648632064461708,0.5103670954704285,0.2872112989425659,-0.05894869938492775,0.5108259916305542,0.3020303249359131,-0.0810108482837677,0.5195637345314026,0.3292204737663269,-0.08982668817043304,0.5825536251068115,0.34030404686927795,-0.020359160378575325,0.5852192640304565,0.2416268289089203,-0.0652124285697937,0.5863210558891296,0.33250051736831665,-0.06909359246492386,0.5901767015457153,0.3722822070121765,-0.056897200644016266,0.6407301425933838,0.3469400405883789,-0.03310609236359596,0.6516914367675781,0.2634303867816925,-0.07708054035902023,0.642105758190155,0.34444087743759155,-0.06193534657359123,0.6386881470680237,0.37945008277893066,-0.037663210183382034,0.6978007555007935,0.37820640206336975,-0.05002813786268234,0.7059901356697083,0.3046462833881378,-0.07430610805749893,0.6907326579093933,0.3563157320022583,-0.05937763676047325,0.6803659796714783,0.3896167278289795,-0.04020114988088608
0.6167357563972473,0.6244005560874939,-3.7351276205299655e-07,0.5490131378173828,0.6147524118423462,-0.03077072650194168,0.4827050566673279,0.5446673035621643,-0.04906657338142395,0.46785828471183777,0.45869722962379456,-0.06840668618679047,0.504374623298645,0.4056270718574524,-0.0821501687169075,0.5185489058494568,0.3584049940109253,-0.006866020150482655,0.5093628764152527,0.2717333436012268,-0.04389352351427078,0.503778874874115,0.2898934483528137,-0.06415697932243347,0.5095020532608032,0.33546000719070435,-0.07134304940700531,0.5784279704093933,0.34493324160575867,-0.012817027978599072,0.5805121660232544,0.23115205764770508,-0.052410151809453964,0.5714560151100159,0.3095264434814453,-0.05855950713157654,0.5723992586135864,0.36685898900032043,-0.048482686281204224,0.6346303224563599,0.35383474826812744,-0.02664530649781227,0.642066478729248,0.25842905044555664,-0.06256110221147537,0.6261333227157593,0.33021020889282227,-0.050298262387514114,0.6231051087379456,0.380950003862381,-0.029307788237929344,0.6902024745941162,0.38464999198913574,-0.0444183349609375,0.6970475912094116,0.29998040199279785,-0.06421229988336563,0.6786969900131226,0.3406965136528015,-0.052074164152145386,0.6695587635040283,0.3831562101840973,-0.03554985672235489
0.6264562606811523,0.665371298789978,-4.049409199069487e-07,0.5480722188949585,0.6537688374519348,-0.035218145698308945,0.47799456119537354,0.5762588381767273,-0.05615434795618057,0.46097105741500854,0.47415634989738464,-0.07860241085290909,0.5081296563148499,0.412509560585022,-0.0941757783293724,0.5099274516105652,0.39411941170692444,-0.007144168484956026,0.4970557391643524,0.29256173968315125,-0.047243572771549225,0.49736908078193665,0.307204008102417,-0.07015211135149002,0.5071009397506714,0.36661243438720703,-0.07841356843709946,0.5709156394004822,0.37722089886665344,-0.010574935004115105,0.5685762166976929,0.2523001432418823,-0.05213340371847153,0.5666846036911011,0.3245072364807129,-0.06233995407819748,0.5686787366867065,0.39356446266174316,-0.05579157918691635,0.6259437203407288,0.38573187589645386,-0.022480294108390808,0.6310737133026123,0.2833840250968933,-0.057655610144138336,0.6217532157897949,0.34459730982780457,-0.0472092442214489,0.6210842132568359,0.4028418958187103,-0.028285367414355278,0.6832048296928406,0.41261956095695496,-0.038981013000011444,0.6846282482147217,0.31737643480300903,-0.0568159855902195,0.6714237928390503,0.34752416610717773,-0.04592844843864441,0.662696123123169,0.39392897486686707,-0.031057685613632202
0.6263911128044128,0.6738683581352234,-4.391663424030412e-07,0.5476136207580566,0.6545500755310059,-0.030767345800995827,0.47916415333747864,0.5756357908248901,-0.04996466636657715,0.46335703134536743,0.48044052720069885,-0.0718170776963234,0.5070881247520447,0.42985063791275024,-0.0876062661409378,0.5141496062278748,0.3939970135688782,-0.007507683243602514,0.4977881908416748,0.2875211834907532,-0.04885324835777283,0.49656227231025696,0.3324967324733734,-0.07619932293891907,0.5090587735176086,0.3933202922344208,-0.08831387758255005,0.5732672810554504,0.37727734446525574,-0.015075578354299068,0.5714983344078064,0.24743369221687317,-0.05595652014017105,0.5661466717720032,0.31829532980918884,-0.06901804357767105,0.5718446969985962,0.382194846868515,-0.06549111753702164,0.6298936605453491,0.38556668162345886,-0.030392562970519066,0.635326087474823,0.279782772064209,-0.06565477699041367,0.623620331287384,0.34661784768104553,-0.05937648564577103,0.6223037838935852,0.4036158621311188,-0.04365905374288559,0.6870417594909668,0.4129731059074402,-0.04985019564628601,0.694040834903717,0.3183774948120117,-0.06604848802089691,0.6771654486656189,0.3543456792831421,-0.05452181398868561,0.6681062579154968,0.40183892846107483,-0.03977559506893158
0.6406567692756653,0.6740564107894897,-4.346772186636372e-07,0.5572875142097473,0.6484649181365967,-0.032394543290138245,0.4913392961025238,0.565535306930542,-0.05310117080807686,0.4834819436073303,0.466626912355423,-0.07686509191989899,0.5307674407958984,0.41409680247306824,-0.09513065218925476,0.5319170951843262,0.38992369174957275,-0.008449280634522438,0.5167619585990906,0.2787366211414337,-0.05081481114029884,0.5150898098945618,0.31942668557167053,-0.07979172468185425,0.5270715951919556,0.37914687395095825,-0.09325635433197021,0.5884766578674316,0.37404805421829224,-0.015256376937031746,0.5855610370635986,0.2445199340581894,-0.05694299191236496,0.5836450457572937,0.31226861476898193,-0.07244730740785599,0.5910717248916626,0.3759988844394684,-0.07175150513648987,0.6430650353431702,0.3827393054962158,-0.029981398954987526,0.645549476146698,0.27002453804016113,-0.06698588281869888,0.6370899677276611,0.3373842239379883,-0.06268209964036942,0.6378546953201294,0.40032753348350525,-0.04871110990643501,0.6988651752471924,0.41127756237983704,-0.04898897185921669,0.7063977718353271,0.31101834774017334,-0.06869453936815262,0.6906598210334778,0.34663426876068115,-0.059900913387537,0.6813666224479675,0.398216187953949,-0.047190919518470764
0.6379795670509338,0.6713598966598511,-4.1459466615378915e-07,0.5566102862358093,0.6454468965530396,-0.032171521335840225,0.4908123314380646,0.5585705041885376,-0.052124399691820145,0.4820529520511627,0.45816269516944885,-0.07527162879705429,0.5314934849739075,0.4066709280014038,-0.09315607696771622,0.5303701758384705,0.3848673105239868,-0.007102536968886852,0.5150972604751587,0.2768356204032898,-0.05158432573080063,0.5155063271522522,0.3116028904914856,-0.0817233994603157,0.5285724997520447,0.375984251499176,-0.09565091878175735,0.589491605758667,0.3661092221736908,-0.015074909664690495,0.5875746011734009,0.23669447004795074,-0.05857693776488304,0.5840660333633423,0.30731162428855896,-0.07453159987926483,0.5901831388473511,0.3721054494380951,-0.07358165085315704,0.6450026631355286,0.3745698630809784,-0.031358156353235245,0.6512464284896851,0.2637442350387573,-0.06862560659646988,0.6423313617706299,0.3342664837837219,-0.06181742250919342,0.6418629288673401,0.3944036066532135,-0.046267133206129074,0.7005946040153503,0.4038025736808777,-0.052167586982250214,0.7062456011772156,0.3102479577064514,-0.07116803526878357,0.6922178268432617,0.3491142988204956,-0.06042122095823288,0.6853326559066772,0.39687567949295044,-0.04647190123796463
0.6403030753135681,0.6680028438568115,-4.582433064115321e-07,0.5554759502410889,0.6482837796211243,-0.03288411721587181,0.4821327328681946,0.5579552054405212,-0.05213033780455589,0.4739832282066345,0.45178520679473877,-0.07389085739850998,0.5226932764053345,0.40333759784698486,-0.09009367227554321,0.5251340270042419,0.37633198499679565,-0.006364608183503151,0.5083157420158386,0.2644258141517639,-0.04781603068113327,0.5134472846984863,0.3047890067100525,-0.07509692013263702,0.5292103290557861,0.36496397852897644,-0.08737578988075256,0.5853923559188843,0.3586968183517456,-0.01225230935961008,0.583642840385437,0.2309906929731369,-0.05397369712591171,0.5862152576446533,0.30813056230545044,-0.06784824281930923,0.5926163792610168,0.3761060833930969,-0.06512560695409775,0.6423240900039673,0.36507147550582886,-0.02639847993850708,0.6453660726547241,0.2572093605995178,-0.0637480691075325,0.6417474746704102,0.3296692967414856,-0.05809977278113365,0.6416264772415161,0.39324715733528137,-0.04274216294288635,0.6980807185173035,0.3909473717212677,-0.04481479898095131,0.6999850273132324,0.2992905378341675,-0.06493894755840302,0.6887865662574768,0.34074610471725464,-0.05545176938176155,0.6817626357078552,0.39069461822509766,-0.04194246977567673
0.6261292695999146,0.6588238477706909,-3.2840904395925463e-07,0.5408740043640137,0.6357371807098389,-0.03704998642206192,0.4717913866043091,0.5488607883453369,-0.060351286083459854,0.4595177173614502,0.44703418016433716,-0.0865292027592659,0.5010766386985779,0.39328595995903015,-0.10671887546777725,0.5068479776382446,0.3524397313594818,-0.0028732221107929945,0.4943158030509949,0.24727149307727814,-0.04991092532873154,0.4984499216079712,0.28001850843429565,-0.08249323070049286,0.5096907615661621,0.34211257100105286,-0.0968698188662529,0.5705739259719849,0.3318302035331726,-0.010107865557074547,0.571672260761261,0.20100639760494232,-0.05760056897997856,0.5734789967536926,0.27632540464401245,-0.07688280194997787,0.5764780640602112,0.3448961079120636,-0.07589878141880035,0.6315950155258179,0.337282657623291,-0.02678534761071205,0.639585554599762,0.2225349098443985,-0.06959642469882965,0.6336448788642883,0.2948084771633148,-0.06769613176584244,0.6302282214164734,0.3596339523792267,-0.05323018878698349,0.6924405694007874,0.3658753037452698,-0.04803134873509407,0.7002205848693848,0.26935744285583496,-0.07141419500112534,0.6865725517272949,0.3109230399131775,-0.06294582039117813,0.6751547455787659,0.3618321716785431,-0.04897299036383629
0.624924898147583,0.65995192527771,-4.970275995219708e-07,0.5404036045074463,0.6390365958213806,-0.03460760414600372,0.4635518193244934,0.5463728308677673,-0.056744903326034546,0.44940197467803955,0.4346664249897003,-0.08165133744478226,0.5015418529510498,0.3766838610172272,-0.100083127617836,0.5047668218612671,0.34909409284591675,-0.01060264278203249,0.490218847990036,0.22697512805461884,-0.05886991322040558,0.4935968816280365,0.273113876581192,-0.08999232947826385,0.5066213011741638,0.34597501158714294,-0.10298294574022293,0.5693506002426147,0.3317306637763977,-0.017729224637150764,0.5704702734947205,0.19009815156459808,-0.06380737572908401,0.5687255859375,0.2758304476737976,-0.07665900886058807,0.570300817489624,0.3504752218723297,-0.07157229632139206,0.6305667161941528,0.3414746820926666,-0.033804409205913544,0.6375404596328735,0.21913914382457733,-0.07371747493743896,0.6292932033538818,0.29814767837524414,-0.06479798257350922,0.6257219314575195,0.3663446009159088,-0.046066559851169586,0.6911458969116211,0.372909814119339,-0.054457396268844604,0.6973772644996643,0.26931869983673096,-0.07462128251791,0.6831229329109192,0.3112300634384155,-0.06230257451534271,0.6731064319610596,0.36257222294807434,-0.04607006534934044
0.6249195337295532,0.6508843898773193,-4.7667091962466657e-07,0.5403090715408325,0.6212279796600342,-0.04089626669883728,0.46926701068878174,0.5401917695999146,-0.07125716656446457,0.4547816514968872,0.44000244140625,-0.1037663146853447,0.5005295276641846,0.3678649961948395,-0.12924037873744965,0.5110303163528442,0.3403393626213074,-0.021113846451044083,0.4913630485534668,0.2174873650074005,-0.07523111999034882,0.4896632432937622,0.26764124631881714,-0.10926983505487442,0.5045347213745117,0.3394770324230194,-0.12364505231380463,0.5741416811943054,0.32257771492004395,-0.027424275875091553,0.5731652975082397,0.17932277917861938,-0.0776928961277008,0.5674697160720825,0.2677496075630188,-0.09126519411802292,0.5721640586853027,0.3390007019042969,-0.08675140142440796,0.6351779103279114,0.33247336745262146,-0.04320019111037254,0.6407186388969421,0.2078067660331726,-0.08579392731189728,0.6281462907791138,0.2874217629432678,-0.0752846822142601,0.6275326013565063,0.35177111625671387,-0.0557430200278759,0.6963168382644653,0.3637096583843231,-0.064099982380867,0.7032081484794617,0.2582211494445801,-0.08493674546480179,0.6831529140472412,0.30083078145980835,-0.07114388048648834,0.6723352074623108,0.35200589895248413,-0.05397002398967743
0.6405488848686218,0.632922887802124,-3.094233989031636e-07,0.5529615879058838,0.6017881035804749,-0.04164421558380127,0.48264211416244507,0.5192539095878601,-0.07028289139270782,0.4596714675426483,0.4441772997379303,-0.09879156947135925,0.48004019260406494,0.3901802599430084,-0.12282099574804306,0.5348765850067139,0.3208543062210083,-0.015446119010448456,0.5239443182945251,0.24707680940628052,-0.05949648097157478,0.5140629410743713,0.25999289751052856,-0.095558300614357,0.5084754824638367,0.27129554748535156,-0.11818376928567886,0.5978169441223145,0.3069489300251007,-0.021167000755667686,0.5969813466072083,0.22516722977161407,-0.06271765381097794,0.5867792963981628,0.2565573453903198,-0.08453284949064255,0.5778558850288391,0.2720814645290375,-0.0940641313791275,0.658117949962616,0.3149438500404358,-0.035860247910022736,0.6628371477127075,0.2577238082885742,-0.0718245878815651,0.6505056023597717,0.2973729372024536,-0.06737063825130463,0.638158917427063,0.31036311388015747,-0.05924723669886589,0.7183979153633118,0.34309613704681396,-0.05638711526989937,0.7204293012619019,0.2961972951889038,-0.07368926703929901,0.7092761993408203,0.33276718854904175,-0.061429213732481,0.6984598636627197,0.35118818283081055,-0.04987092688679695
0.6297792792320251,0.6259875893592834,-7.840183116059052e-07,0.5573605895042419,0.6027892827987671,-0.057611603289842606,0.49531233310699463,0.5328861474990845,-0.09603482484817505,0.48434776067733765,0.4772835373878479,-0.13111434876918793,0.5182763934135437,0.4439173638820648,-0.15805289149284363,0.5492063760757446,0.38244158029556274,-0.05978092923760414,0.5471059679985046,0.3172290325164795,-0.12511074542999268,0.5610260367393494,0.4231264889240265,-0.15620288252830505,0.5677098035812378,0.4746716320514679,-0.16930453479290009,0.6273406744003296,0.3711450397968292,-0.06090530753135681,0.629718542098999,0.30351805686950684,-0.13148701190948486,0.6319713592529297,0.4349496066570282,-0.1441141963005066,0.6255795955657959,0.47941288352012634,-0.13800762593746185,0.6965557336807251,0.37905824184417725,-0.07146082073450089,0.7062574625015259,0.3158004581928253,-0.13891902565956116,0.6976702809333801,0.4364308714866638,-0.1208227127790451,0.6816698908805847,0.47671258449554443,-0.09363020956516266,0.7561548948287964,0.40094903111457825,-0.08684583008289337,0.7726129293441772,0.361649751663208,-0.12485603243112564,0.7536956071853638,0.44512200355529785,-0.1068323403596878,0.7307767868041992,0.4782818853855133,-0.08524409681558609
0.6575388312339783,0.6146489381790161,-4.868361997978354e-07,0.5838839411735535,0.6064011454582214,-0.06617530435323715,0.5083233118057251,0.549618124961853,-0.11066766083240509,0.4809252917766571,0.4846644997596741,-0.14939194917678833,0.5129637718200684,0.44670164585113525,-0.1785634458065033,0.5532773733139038,0.3740125596523285,-0.07034318149089813,0.5495955944061279,0.30523681640625,-0.13503697514533997,0.5657172203063965,0.4014235734939575,-0.1631879359483719,0.5734061002731323,0.45162513852119446,-0.1740577071905136,0.6306042075157166,0.3626731336116791,-0.06547555327415466,0.6330015659332275,0.298203706741333,-0.13233007490634918,0.638648271560669,0.4230215847492218,-0.14190827310085297,0.632668137550354,0.46041467785835266,-0.13546480238437653,0.7000471353530884,0.36885780096054077,-0.07056982815265656,0.707554042339325,0.3070310056209564,-0.13615316152572632,0.6999601125717163,0.42462021112442017,-0.11733881384134293,0.6844871640205383,0.46563929319381714,-0.09035124629735947,0.7608808279037476,0.38935327529907227,-0.08098934590816498,0.77190101146698,0.34682968258857727,-0.12065400183200836,0.7540414929389954,0.4269370436668396,-0.10529419779777527,0.7307208776473999,0.4609815180301666,-0.08510684221982956
0.6516025066375732,0.6262755393981934,-5.700953806808684e-07,0.5800034999847412,0.6087654829025269,-0.061500683426856995,0.5078041553497314,0.5496190190315247,-0.10484878718852997,0.4845144748687744,0.4866671860218048,-0.14407220482826233,0.5177106857299805,0.4466618597507477,-0.1751536875963211,0.5516689419746399,0.3861406743526459,-0.06836310774087906,0.5477396845817566,0.3064950108528137,-0.13389384746551514,0.5627017617225647,0.40609800815582275,-0.16542665660381317,0.5712583661079407,0.46650516986846924,-0.17839321494102478,0.630466878414154,0.3753097355365753,-0.06700204312801361,0.6311284303665161,0.29895082116127014,-0.13629905879497528,0.6350189447402954,0.4256344139575958,-0.14896534383296967,0.6311133503913879,0.48097559809684753,-0.1434009075164795,0.7014870643615723,0.3830873668193817,-0.07502236217260361,0.7076753973960876,0.3105171322822571,-0.14193320274353027,0.6999170184135437,0.42628803849220276,-0.12560534477233887,0.6866787075996399,0.48147356510162354,-0.098883718252182,0.7625772953033447,0.4038204848766327,-0.08774255216121674,0.7713977098464966,0.3516409695148468,-0.12682987749576569,0.7540640830993652,0.4275909662246704,-0.1108093336224556,0.7329927086830139,0.4712490141391754,-0.08974189311265945
0.6434006690979004,0.6165331602096558,-3.9620496750103484e-07,0.5767092108726501,0.6064962148666382,-0.07834279537200928,0.5053045153617859,0.5597561597824097,-0.13094134628772736,0.47598761320114136,0.5045931935310364,-0.17601539194583893,0.5024357438087463,0.4578568935394287,-0.21156032383441925,0.5385212302207947,0.3786647915840149,-0.08613553643226624,0.5350187420845032,0.3090043067932129,-0.1600693315267563,0.550209105014801,0.4027823209762573,-0.19282890856266022,0.5584007501602173,0.4592309594154358,-0.20513339340686798,0.6170650720596313,0.36533403396606445,-0.07815057784318924,0.6216048002243042,0.29980361461639404,-0.15721194446086884,0.6254937648773193,0.4254889488220215,-0.171412393450737,0.6203606128692627,0.46635669469833374,-0.1655106544494629,0.6873816847801208,0.37165844440460205,-0.08134542405605316,0.6989761590957642,0.31139856576919556,-0.15721073746681213,0.6886042952537537,0.4275934398174286,-0.14177393913269043,0.6714061498641968,0.46859070658683777,-0.11482096463441849,0.7471225261688232,0.39226555824279785,-0.09061221033334732,0.7616884708404541,0.35720211267471313,-0.13666991889476776,0.7431662082672119,0.43666544556617737,-0.12369123846292496,0.7190751433372498,0.47083503007888794,-0.10392098128795624
0.6394606232643127,0.6226688623428345,-5.153925712875207e-07,0.5714859962463379,0.6100518703460693,-0.06844819337129593,0.49799245595932007,0.5522941946983337,-0.11552354693412781,0.4766610860824585,0.4878595173358917,-0.15740448236465454,0.5186901092529297,0.4510672092437744,-0.19040840864181519,0.5401940941810608,0.3830173909664154,-0.07595253735780716,0.530120849609375,0.305261492729187,-0.14559900760650635,0.5466626882553101,0.4023005962371826,-0.17720866203308105,0.5587894320487976,0.4610710144042969,-0.1896066665649414,0.6173171401023865,0.3713870048522949,-0.07217776030302048,0.6147255897521973,0.30004510283470154,-0.1459282785654068,0.6194730997085571,0.4263743460178375,-0.15827256441116333,0.6173956394195557,0.4729899764060974,-0.1519477516412735,0.6862533688545227,0.37793058156967163,-0.07879283279180527,0.689765214920044,0.30760127305984497,-0.15019041299819946,0.6810218095779419,0.4249342679977417,-0.13391488790512085,0.6679353713989258,0.4732189178466797,-0.106720931828022,0.7465517520904541,0.39689144492149353,-0.09085255861282349,0.7554267048835754,0.34688928723335266,-0.13395024836063385,0.7376035451889038,0.4240357577800751,-0.11972539126873016,0.7156665325164795,0.4637247323989868,-0.09946288913488388
0.6400063037872314,0.6183418035507202,-4.206609389711957e-07,0.5742912888526917,0.6085365414619446,-0.07672124356031418,0.5003370046615601,0.5572144389152527,-0.12874409556388855,0.4654442071914673,0.49191367626190186,-0.17376424372196198,0.4979900121688843,0.4454938471317291,-0.2087702453136444,0.5389292240142822,0.3730355501174927,-0.07746490836143494,0.5313578248023987,0.3027093708515167,-0.15078508853912354,0.5419670343399048,0.4029804766178131,-0.18529924750328064,0.5520689487457275,0.4547615647315979,-0.19954343140125275,0.6131182312965393,0.36209923028945923,-0.07042329013347626,0.6094315648078918,0.28620418906211853,-0.1483117938041687,0.6114187836647034,0.41257524490356445,-0.16229134798049927,0.6130700707435608,0.4521830976009369,-0.15542152523994446,0.6810378432273865,0.3695087134838104,-0.07509443908929825,0.6841591000556946,0.29724305868148804,-0.14797647297382355,0.6749457120895386,0.4127410650253296,-0.13043531775474548,0.6668477058410645,0.45215845108032227,-0.10171695798635483,0.7418055534362793,0.3898468017578125,-0.08617955446243286,0.7480044960975647,0.34014445543289185,-0.12819933891296387,0.7312911748886108,0.416424036026001,-0.1135973259806633,0.7155390977859497,0.44871050119400024,-0.09295559674501419
0.6405064463615417,0.6234217882156372,-5.520824402083235e-07,0.5645941495895386,0.6093138456344604,-0.052006762474775314,0.4877214729785919,0.5498950481414795,-0.08798535913228989,0.4626408815383911,0.4764226973056793,-0.12080026417970657,0.4952200651168823,0.4340212345123291,-0.1448141634464264,0.5294771194458008,0.37407779693603516,-0.04678979516029358,0.5200791358947754,0.29255199432373047,-0.10730255395174026,0.5295690298080444,0.38518357276916504,-0.13573913276195526,0.5408298969268799,0.43762388825416565,-0.1468074917793274,0.6028010845184326,0.36145880818367004,-0.04854649677872658,0.5987449884414673,0.27680620551109314,-0.11110052466392517,0.6010594367980957,0.39458805322647095,-0.1204545870423317,0.6055156588554382,0.4354914426803589,-0.11207206547260284,0.6693550944328308,0.3670559823513031,-0.06009668856859207,0.673145055770874,0.29310548305511475,-0.1190541684627533,0.6640042662620544,0.4020737409591675,-0.10054206103086472,0.6576570272445679,0.43863430619239807,-0.07342376559972763,0.7316313982009888,0.38721296191215515,-0.07629282772541046,0.7332329750061035,0.33768969774246216,-0.10855667293071747,0.7181383371353149,0.41425907611846924,-0.09078121930360794,0.7069830894470215,0.4454424977302551,-0.06916765868663788
0.6369852423667908,0.6306848526000977,-5.167161702956946e-07,0.561502993106842,0.6235737800598145,-0.04935314878821373,0.48733046650886536,0.5646569728851318,-0.08041347563266754,0.4644630551338196,0.48661795258522034,-0.1083090752363205,0.49538683891296387,0.43506431579589844,-0.1275106817483902,0.5272040963172913,0.3673360049724579,-0.03334342688322067,0.5189438462257385,0.28809189796447754,-0.08692759275436401,0.5252009034156799,0.35998114943504333,-0.11288034915924072,0.533069908618927,0.41275784373283386,-0.12190494686365128,0.5966395735740662,0.3502603769302368,-0.03466688096523285,0.5993241667747498,0.25528672337532043,-0.08683131635189056,0.6009135246276855,0.36848214268684387,-0.09169673919677734,0.6022469997406006,0.4149472713470459,-0.07987336814403534,0.6614159345626831,0.35898613929748535,-0.04625849053263664,0.6723462343215942,0.2776668071746826,-0.09499925374984741,0.6646003723144531,0.37347912788391113,-0.07735755294561386,0.6586065292358398,0.4117371141910553,-0.051785629242658615,0.723175585269928,0.38962942361831665,-0.0626295879483223,0.7284137010574341,0.3271745443344116,-0.08807957172393799,0.7163338661193848,0.3923848271369934,-0.0707579106092453,0.7073366045951843,0.42481762170791626,-0.04985561966896057
0.63787442445755,0.631775975227356,-1.6272473146727862e-07,0.5580807328224182,0.6263887286186218,-0.038724448531866074,0.4868265390396118,0.5474430918693542,-0.062119875103235245,0.47440773248672485,0.4474656581878662,-0.08621973544359207,0.5246860384941101,0.39104437828063965,-0.10502292960882187,0.5261980295181274,0.3669930398464203,-0.008885867893695831,0.5122559666633606,0.2725060284137726,-0.050421494990587234,0.5134982466697693,0.2772582173347473,-0.0788159891963005,0.5237107872962952,0.31321442127227783,-0.09230209141969681,0.5866265892982483,0.34529709815979004,-0.011786836199462414,0.5858598351478577,0.22998838126659393,-0.05287795886397362,0.587152361869812,0.281256765127182,-0.06914066523313522,0.5921010375022888,0.3339875340461731,-0.0684998407959938,0.64412522315979,0.3475935161113739,-0.023412827402353287,0.6506944894790649,0.24801023304462433,-0.059585750102996826,0.6431565880775452,0.30029022693634033,-0.057474881410598755,0.6394119262695312,0.3476109206676483,-0.04535610228776932,0.7009811401367188,0.3712448477745056,-0.0397670678794384,0.7067136168479919,0.2848118841648102,-0.06002016365528107,0.6932140588760376,0.31386902928352356,-0.05370928719639778,0.6814547777175903,0.353720486164093,-0.04279639944434166
0.6316732168197632,0.6405181288719177,-2.945747041849245e-07,0.5533983707427979,0.6273566484451294,-0.03737272694706917,0.48189711570739746,0.5476154088973999,-0.05989273265004158,0.46804332733154297,0.448042631149292,-0.08361415565013885,0.5081628561019897,0.3807288408279419,-0.10160082578659058,0.5149036645889282,0.36860835552215576,-0.010263404808938503,0.50065016746521,0.2621311545372009,-0.055244822055101395,0.5010260343551636,0.2861393094062805,-0.08664675801992416,0.5123796463012695,0.34141865372657776,-0.10074125230312347,0.5738040804862976,0.3472033143043518,-0.014162291772663593,0.5708359479904175,0.22144393622875214,-0.057874951511621475,0.5701001882553101,0.2716389000415802,-0.07805529236793518,0.5752925276756287,0.3337535262107849,-0.08020231872797012,0.6310380101203918,0.34923940896987915,-0.0267484188079834,0.6360196471214294,0.24254539608955383,-0.06540584564208984,0.6291203498840332,0.2891530990600586,-0.06839592754840851,0.6266657114028931,0.34524065256118774,-0.05958472937345505,0.6873059272766113,0.3703950345516205,-0.043662410229444504,0.6913788914680481,0.27857595682144165,-0.06680380553007126,0.679369330406189,0.3018431067466736,-0.06381004303693771,0.6704612970352173,0.34497249126434326,-0.05474034696817398
0.6404935717582703,0.652141273021698,-4.186141779882746e-07,0.5549010634422302,0.640893280506134,-0.031317759305238724,0.4782863259315491,0.5515610575675964,-0.048558417707681656,0.4623682200908661,0.4418109953403473,-0.0684908851981163,0.5065973997116089,0.3779515326023102,-0.08200741559267044,0.516409695148468,0.37062641978263855,-0.0018440921558067203,0.4985106885433197,0.25452157855033875,-0.04376061633229256,0.5006875395774841,0.2852303981781006,-0.0717640221118927,0.5143892765045166,0.3482029139995575,-0.08371329307556152,0.5767912268638611,0.3470865786075592,-0.007671422325074673,0.5698985457420349,0.2121828943490982,-0.04987971484661102,0.5701939463615417,0.275894433259964,-0.06509564071893692,0.5772683620452881,0.34579598903656006,-0.06260289996862411,0.6330047249794006,0.350516140460968,-0.021837245672941208,0.6348848938941956,0.23516565561294556,-0.058964356780052185,0.6292238235473633,0.30036070942878723,-0.053731851279735565,0.6305301785469055,0.3655281662940979,-0.03795946016907692,0.692510724067688,0.37343430519104004,-0.040302030742168427,0.6965667605400085,0.27928218245506287,-0.061086829751729965,0.6840656995773315,0.3073727488517761,-0.05362414941191673,0.6758803725242615,0.35108330845832825,-0.040717002004384995
0.640037477016449,0.6564611196517944,-4.495973087159655e-07,0.5538488626480103,0.6337370872497559,-0.037522122263908386,0.48180145025253296,0.5481452941894531,-0.06015307083725929,0.47471776604652405,0.44348254799842834,-0.08538484573364258,0.5251132845878601,0.3855920135974884,-0.10487467795610428,0.5184303522109985,0.36340293288230896,-0.008271251805126667,0.4994943141937256,0.2509775161743164,-0.05601932108402252,0.49972185492515564,0.3011484146118164,-0.08923321962356567,0.5144355297088623,0.36460211873054504,-0.1049431785941124,0.5771487355232239,0.3427360951900482,-0.014634604565799236,0.5732598900794983,0.21042323112487793,-0.06281377375125885,0.574493408203125,0.2824181914329529,-0.08418817818164825,0.5837804079055786,0.34833449125289917,-0.08581070601940155,0.633719801902771,0.34695637226104736,-0.030050162225961685,0.6374953985214233,0.23785312473773956,-0.07222182303667068,0.6338128447532654,0.3060306906700134,-0.07344745844602585,0.6356918215751648,0.3682318925857544,-0.06194230541586876,0.6917406320571899,0.370437353849411,-0.05014992877840996,0.6958084106445312,0.27850306034088135,-0.07265456765890121,0.6852692365646362,0.31651604175567627,-0.06704723089933395,0.6791020035743713,0.365245521068573,-0.05614247918128967
0.6429439783096313,0.6479167938232422,-4.703738625266851e-07,0.5595613718032837,0.6261188983917236,-0.032036032527685165,0.4871034324169159,0.5394310355186462,-0.05211913585662842,0.4755486845970154,0.4334062337875366,-0.0752117782831192,0.5237787365913391,0.3786361813545227,-0.09278964251279831,0.525156557559967,0.35524728894233704,-0.007206701673567295,0.504783034324646,0.24108457565307617,-0.05160415917634964,0.5059609413146973,0.2840815782546997,-0.08201346546411514,0.521791398525238,0.35067102313041687,-0.09564526379108429,0.5831579566001892,0.33285629749298096,-0.013865893706679344,0.5762885808944702,0.20142483711242676,-0.05641448125243187,0.5760920643806458,0.27093225717544556,-0.07186916470527649,0.5845738053321838,0.3386213183403015,-0.07034631818532944,0.6400071382522583,0.33570852875709534,-0.028734898194670677,0.6400546431541443,0.22470904886722565,-0.06556553393602371,0.6344881653785706,0.2945679724216461,-0.06083771958947182,0.6369941234588623,0.358455628156662,-0.046392448246479034,0.6987442374229431,0.3577016592025757,-0.047971006482839584,0.6997528076171875,0.26583901047706604,-0.06624405086040497,0.6855989098548889,0.3063177168369293,-0.05662495270371437,0.6791888475418091,0.35583069920539856,-0.04333209618926048
0.641089916229248,0.6388213634490967,-4.898968199995579e-07,0.5560555458068848,0.61579829454422,-0.03345213830471039,0.48328691720962524,0.5258951187133789,-0.05322672799229622,0.4727540612220764,0.42212358117103577,-0.0757361426949501,0.518001139163971,0.36854687333106995,-0.09219812601804733,0.5205975770950317,0.34459733963012695,-0.006235125940293074,0.502297043800354,0.23162826895713806,-0.049561429768800735,0.502277672290802,0.28713956475257874,-0.07900144904851913,0.5166436433792114,0.3512250483036041,-0.09270749241113663,0.5796434879302979,0.32480695843696594,-0.012791027314960957,0.5739781260490417,0.19136445224285126,-0.05482499301433563,0.5717586278915405,0.26426035165786743,-0.0717669278383255,0.5801005363464355,0.3273833692073822,-0.07203040271997452,0.6365159749984741,0.329617440700531,-0.027768807485699654,0.6373893618583679,0.21450437605381012,-0.06480927020311356,0.6310599446296692,0.2814039885997772,-0.06325557827949524,0.6338742971420288,0.34079688787460327,-0.05158887431025505,0.6938763856887817,0.35332950949668884,-0.0470823310315609,0.6945935487747192,0.25584736466407776,-0.06631705164909363,0.6813899278640747,0.2949918806552887,-0.059094078838825226,0.6764818429946899,0.34500402212142944,-0.04804656654596329
0.6343175172805786,0.6339712142944336,-5.569180530073936e-07,0.5525609850883484,0.6070383191108704,-0.031290821731090546,0.4844707250595093,0.517612099647522,-0.0509486123919487,0.4758981466293335,0.41718482971191406,-0.07387188822031021,0.5237092971801758,0.371954083442688,-0.09123869985342026,0.5247064232826233,0.33551087975502014,-0.00851129088550806,0.5077771544456482,0.22501803934574127,-0.05241120234131813,0.5046868324279785,0.27901870012283325,-0.08019552379846573,0.517475962638855,0.3410952389240265,-0.09269548207521439,0.5832657217979431,0.3188132047653198,-0.01671421155333519,0.5806204080581665,0.186410054564476,-0.06070267781615257,0.5749214291572571,0.2757992148399353,-0.07249593734741211,0.5821107029914856,0.3402906358242035,-0.0675310418009758,0.6408454179763794,0.32834309339523315,-0.03304802626371384,0.6442058682441711,0.21085253357887268,-0.07188047468662262,0.6320393681526184,0.2910049557685852,-0.06414596736431122,0.6325444579124451,0.3513621687889099,-0.04671234264969826,0.6987770795822144,0.35888218879699707,-0.05350109189748764,0.7046347260475159,0.2590489387512207,-0.07200048863887787,0.686438262462616,0.30078035593032837,-0.060443080961704254,0.6790250539779663,0.34784820675849915,-0.04550302028656006
0.6318787336349487,0.6180592179298401,-7.218166615530208e-07,0.554142951965332,0.5929644703865051,-0.042135048657655716,0.49158012866973877,0.5260083675384521,-0.07804861664772034,0.47636187076568604,0.4592176675796509,-0.11402709782123566,0.49521389603614807,0.41418054699897766,-0.14521244168281555,0.5440357327461243,0.35415011644363403,-0.046969641000032425,0.5356201529502869,0.2752809524536133,-0.1093759760260582,0.543569803237915,0.3570440709590912,-0.14939701557159424,0.5525606870651245,0.42724722623825073,-0.16877621412277222,0.6136801838874817,0.34138497710227966,-0.05485134944319725,0.6141951084136963,0.2625287175178528,-0.11744323372840881,0.61788409948349,0.3607800602912903,-0.13982531428337097,0.6163913011550903,0.4283577501773834,-0.14300787448883057,0.6783469915390015,0.34750205278396606,-0.07014928013086319,0.6826419234275818,0.2882550060749054,-0.12413538992404938,0.6784689426422119,0.3789815902709961,-0.11661648005247116,0.6693861484527588,0.4352858364582062,-0.10026387870311737,0.7373077869415283,0.3698270916938782,-0.08934184908866882,0.7448379993438721,0.32527855038642883,-0.11832921952009201,0.7327701449394226,0.39186686277389526,-0.10375511646270752,0.7213590741157532,0.43600863218307495,-0.08634977787733078
0.6593081951141357,0.6048182845115662,-6.028903385413287e-07,0.5804381370544434,0.5864933133125305,-0.047845445573329926,0.5082699656486511,0.522521436214447,-0.08027203381061554,0.4899657964706421,0.4537331461906433,-0.10984839498996735,0.5230401754379272,0.42498496174812317,-0.13101987540721893,0.5584620833396912,0.36697328090667725,-0.0483982115983963,0.5507789850234985,0.2881946563720703,-0.10351040214300156,0.5631705522537231,0.3809097707271576,-0.12839041650295258,0.5713227391242981,0.4328770935535431,-0.13799381256103516,0.6301335096359253,0.356885701417923,-0.04915669560432434,0.6289112567901611,0.2833714485168457,-0.10652320086956024,0.6314622759819031,0.4039615988731384,-0.11351004242897034,0.6286224126815796,0.447161465883255,-0.10570693016052246,0.695583164691925,0.3639248013496399,-0.058292239904403687,0.7026109099388123,0.2880544662475586,-0.11353157460689545,0.6931648850440979,0.39739707112312317,-0.0942404568195343,0.6817407608032227,0.4421832263469696,-0.06781972944736481,0.7550375461578369,0.3846050798892975,-0.07148879021406174,0.7640083432197571,0.32939887046813965,-0.10308857262134552,0.7459613680839539,0.40060222148895264,-0.0862736627459526,0.7281455993652344,0.4343582093715668,-0.0656617060303688
0.6508124470710754,0.6114356517791748,-5.981067943139351e-07,0.5782631635665894,0.5939373970031738,-0.05964483320713043,0.5066752433776855,0.5283675789833069,-0.09767746925354004,0.49033206701278687,0.4578414559364319,-0.13136865198612213,0.528035581111908,0.42106178402900696,-0.15625648200511932,0.5510624647140503,0.3699025809764862,-0.05702758580446243,0.5464233756065369,0.2999214231967926,-0.11991441994905472,0.5582225918769836,0.3981199264526367,-0.14824649691581726,0.565617024898529,0.44311830401420593,-0.15987665951251984,0.6270635724067688,0.35748589038848877,-0.05492744594812393,0.6283615827560425,0.2908703684806824,-0.11958983540534973,0.6287208199501038,0.4182814657688141,-0.12658165395259857,0.6244416832923889,0.451472669839859,-0.11764343827962875,0.6945561766624451,0.36436280608177185,-0.06332007050514221,0.7027363777160645,0.3032354712486267,-0.12771426141262054,0.6914269328117371,0.4202190339565277,-0.10859506577253342,0.6782962083816528,0.45517152547836304,-0.08068189024925232,0.7539979815483093,0.38497424125671387,-0.07667174935340881,0.7623979449272156,0.3442957401275635,-0.11356327682733536,0.7443477511405945,0.42212265729904175,-0.09717000275850296,0.7252727746963501,0.45317542552948,-0.07632996141910553
0.6454600095748901,0.6127861142158508,-6.013136726323864e-07,0.576725423336029,0.5979167222976685,-0.055955756455659866,0.5098143219947815,0.5394136905670166,-0.09264467656612396,0.4885993003845215,0.4771066904067993,-0.12535421550273895,0.514370322227478,0.43691977858543396,-0.15009182691574097,0.5499903559684753,0.3800677955150604,-0.056310106068849564,0.547488272190094,0.30917879939079285,-0.11709901690483093,0.5604637861251831,0.4036295711994171,-0.14602991938591003,0.5651842951774597,0.45658203959465027,-0.1573525369167328,0.6254159212112427,0.36762136220932007,-0.054364562034606934,0.6254534721374512,0.2996034622192383,-0.1160857230424881,0.6290594935417175,0.42386594414711,-0.12517662346363068,0.6239477396011353,0.4680134057998657,-0.11822111904621124,0.693560779094696,0.3742220997810364,-0.061764851212501526,0.6996605396270752,0.3069043755531311,-0.12390211969614029,0.6905198097229004,0.4230440855026245,-0.10614033788442612,0.6761725544929504,0.47066259384155273,-0.07934989035129547,0.7528977394104004,0.39510923624038696,-0.07344596832990646,0.7617092132568359,0.3478783667087555,-0.11112628132104874,0.7435159087181091,0.42504167556762695,-0.09511157125234604,0.7219504117965698,0.46462541818618774,-0.07397592067718506
0.6429249048233032,0.618188202381134,-5.846705448675493e-07,0.5764350891113281,0.6097133159637451,-0.05972857400774956,0.5053187608718872,0.5559419393539429,-0.10021568834781647,0.48291993141174316,0.49233323335647583,-0.13570398092269897,0.5172755718231201,0.4564914107322693,-0.16230972111225128,0.5486115217208862,0.3896919786930084,-0.0635066032409668,0.5404893159866333,0.3177332282066345,-0.12460459768772125,0.5548442006111145,0.41619744896888733,-0.15132717788219452,0.5662795305252075,0.4680786430835724,-0.16133366525173187,0.6233588457107544,0.37772807478904724,-0.06053205579519272,0.6205899715423584,0.30553287267684937,-0.12448704987764359,0.6244432330131531,0.43174871802330017,-0.13154278695583344,0.6240909099578857,0.4760993421077728,-0.12242555618286133,0.6899206042289734,0.38319146633148193,-0.06702770292758942,0.6938961744308472,0.31439048051834106,-0.129256010055542,0.6859573125839233,0.4301207661628723,-0.10920196026563644,0.676699697971344,0.47453123331069946,-0.08082826435565948,0.7491810321807861,0.4015994369983673,-0.07841498404741287,0.7548947930335999,0.35395383834838867,-0.11462517082691193,0.7385623455047607,0.43210262060165405,-0.09785919636487961,0.7218115925788879,0.46866703033447266,-0.07670451700687408
0.634673535823822,0.6314834356307983,-5.990581257719896e-07,0.565998911857605,0.6167241334915161,-0.05559435486793518,0.5000953078269958,0.5603696703910828,-0.09383117407560349,0.4836709499359131,0.497607946395874,-0.12860363721847534,0.5141634941101074,0.46049442887306213,-0.15533681213855743,0.545063853263855,0.4016997814178467,-0.061742015182971954,0.535886287689209,0.33293312788009644,-0.123864084482193,0.5529603958129883,0.4289846122264862,-0.15176531672477722,0.5631883144378662,0.4847751259803772,-0.1618489921092987,0.6180012822151184,0.3897359073162079,-0.06089610978960991,0.6161324381828308,0.32314276695251465,-0.12570808827877045,0.6237786412239075,0.44720691442489624,-0.13543753325939178,0.6215878129005432,0.494353324174881,-0.12850958108901978,0.6841093301773071,0.39515239000320435,-0.06889626383781433,0.6895526051521301,0.3263334333896637,-0.13304612040519714,0.6837628483772278,0.44245752692222595,-0.11546361446380615,0.671619176864624,0.49544280767440796,-0.088359534740448,0.7428061366081238,0.4138486981391907,-0.08123660087585449,0.7540979385375977,0.3672666549682617,-0.12046690285205841,0.7370973825454712,0.44171497225761414,-0.10551440715789795,0.71634840965271,0.48176348209381104,-0.08478397876024246
0.6467440724372864,0.62364262342453,-4.7470285835515824e-07,0.5724713802337646,0.612544059753418,-0.06615675985813141,0.5023184418678284,0.5565662384033203,-0.11091036349534988,0.48595130443573,0.4971776306629181,-0.15001873672008514,0.5183308124542236,0.4656282365322113,-0.18045802414417267,0.54288649559021,0.39769822359085083,-0.07324190437793732,0.5354840755462646,0.33109250664711,-0.1403847634792328,0.5504879951477051,0.4299289882183075,-0.17073188722133636,0.5590790510177612,0.47552698850631714,-0.18335595726966858,0.6170883178710938,0.3852307200431824,-0.06920873373746872,0.6152524948120117,0.32606327533721924,-0.13798387348651886,0.6187763214111328,0.44763487577438354,-0.14826349914073944,0.6149560809135437,0.4792543053627014,-0.14254170656204224,0.6848061084747314,0.3899908661842346,-0.07525607943534851,0.6871677041053772,0.32808029651641846,-0.14234447479248047,0.6781721115112305,0.44517481327056885,-0.12362957000732422,0.6656569838523865,0.48251232504844666,-0.0968598872423172,0.7434954643249512,0.40718597173690796,-0.08681189268827438,0.7501232624053955,0.370611310005188,-0.12773312628269196,0.7320491075515747,0.4490874111652374,-0.11274859309196472,0.7122625708580017,0.4807571470737457,-0.09287311881780624
0.6455551385879517,0.6283354759216309,-4.880928941020102e-07,0.5729557871818542,0.6169983744621277,-0.058675505220890045,0.4998131990432739,0.5629566311836243,-0.09661604464054108,0.4740789830684662,0.4954676926136017,-0.12954069674015045,0.49721506237983704,0.44095540046691895,-0.15274357795715332,0.5305270552635193,0.37321871519088745,-0.04824702441692352,0.5229213237762451,0.30240947008132935,-0.10952070355415344,0.5379307866096497,0.3958175778388977,-0.13951046764850616,0.5486335754394531,0.4509044587612152,-0.150630384683609,0.6029902696609497,0.3602251410484314,-0.04541274160146713,0.6016873121261597,0.28974342346191406,-0.10785224288702011,0.6095720529556274,0.41510292887687683,-0.11775307357311249,0.6102505922317505,0.45773017406463623,-0.10925048589706421,0.6710267066955566,0.3673367500305176,-0.05313565954566002,0.6771153807640076,0.3008032739162445,-0.11372945457696915,0.6733671426773071,0.414316326379776,-0.09579021483659744,0.6656519174575806,0.45479458570480347,-0.06813294440507889,0.7350829243659973,0.39103204011917114,-0.06570892781019211,0.7395713925361633,0.33962908387184143,-0.10114186257123947,0.7262674570083618,0.41625702381134033,-0.08411769568920135,0.7121642231941223,0.45049548149108887,-0.061470407992601395
0.6424180865287781,0.6337004899978638,-4.011318708307954e-07,0.5657268762588501,0.6282539367675781,-0.048661962151527405,0.49380621314048767,0.5626538395881653,-0.07826744765043259,0.4763011336326599,0.48262882232666016,-0.10476488620042801,0.5024322867393494,0.4227181673049927,-0.12335214763879776,0.5272159576416016,0.3608997166156769,-0.03125860542058945,0.5218333601951599,0.284760981798172,-0.08812066167593002,0.5306750535964966,0.34287136793136597,-0.12007728219032288,0.5370030403137207,0.3888879418373108,-0.13317134976387024,0.5976970195770264,0.3379920721054077,-0.033503297716379166,0.5991991758346558,0.24455226957798004,-0.0881061777472496,0.6032766103744507,0.3455853760242462,-0.09838645160198212,0.605922520160675,0.38875317573547363,-0.0903128907084465,0.6631608009338379,0.34195417165756226,-0.046129342168569565,0.669241189956665,0.27329206466674805,-0.09632959216833115,0.6643692255020142,0.3612048029899597,-0.08149764686822891,0.6628080010414124,0.39320695400238037,-0.057638317346572876,0.7269880175590515,0.36808323860168457,-0.06372189521789551,0.7278340458869934,0.31031492352485657,-0.08862189203500748,0.7170721888542175,0.37034356594085693,-0.07049522548913956,0.7119894027709961,0.4008881449699402,-0.048899728804826736
0.6229360103607178,0.6695212125778198,-4.5335005438573717e-07,0.5461428165435791,0.6615651845932007,-0.03483375534415245,0.4701686501502991,0.5806407928466797,-0.05478276312351227,0.4526277780532837,0.47910040616989136,-0.07546962052583694,0.5037572979927063,0.4331931471824646,-0.08930779248476028,0.5064223408699036,0.4039555788040161,-0.013041275553405285,0.49036359786987305,0.2933044731616974,-0.05392255634069443,0.4904692471027374,0.34116336703300476,-0.07642071694135666,0.49943357706069946,0.4033462405204773,-0.08477301150560379,0.5663143396377563,0.3818715810775757,-0.017217183485627174,0.5637375712394714,0.25418204069137573,-0.05560072511434555,0.5658631324768066,0.3345720171928406,-0.06281955540180206,0.571177065372467,0.3921135663986206,-0.055475179105997086,0.6248534321784973,0.3852086365222931,-0.029514845460653305,0.6259364485740662,0.27471351623535156,-0.0631130263209343,0.6230356693267822,0.3447191119194031,-0.051803361624479294,0.6231541037559509,0.39541783928871155,-0.03345796465873718,0.6836082339286804,0.40931904315948486,-0.04628398269414902,0.6863228678703308,0.318082720041275,-0.06356263905763626,0.6790822744369507,0.356421560049057,-0.05155297368764877,0.6739692687988281,0.3965655565261841,-0.03654125705361366
0.6257858276367188,0.6656919121742249,-5.156165912012511e-07,0.54456627368927,0.6473143100738525,-0.030952665954828262,0.47288382053375244,0.5695194005966187,-0.04997469484806061,0.4587402045726776,0.47162047028541565,-0.07125955075025558,0.5020389556884766,0.4142225682735443,-0.08576428890228271,0.5030487775802612,0.3893052339553833,-0.005838179495185614,0.4844965636730194,0.28365957736968994,-0.04944545030593872,0.4888089895248413,0.33553072810173035,-0.07585885375738144,0.5011978149414062,0.3954960107803345,-0.08694968372583389,0.5640356540679932,0.3664165437221527,-0.013436594046652317,0.5606668591499329,0.24373769760131836,-0.054511211812496185,0.5637630820274353,0.33085232973098755,-0.06343437731266022,0.5670398473739624,0.3863741159439087,-0.05738816782832146,0.6223012208938599,0.3695725202560425,-0.029629388824105263,0.6279310584068298,0.2612789273262024,-0.06642941385507584,0.6244341135025024,0.34006834030151367,-0.05378192663192749,0.6220172643661499,0.3883246183395386,-0.034387171268463135,0.6809976100921631,0.39500418305397034,-0.05008603259921074,0.689488410949707,0.30825546383857727,-0.06822798401117325,0.6786208152770996,0.35529327392578125,-0.05380227044224739,0.6687066555023193,0.3943456709384918,-0.03727484121918678
0.6291796565055847,0.6589308977127075,-4.987835495740001e-07,0.5475853085517883,0.6381582021713257,-0.03586839884519577,0.4768369197845459,0.5625514984130859,-0.060021497309207916,0.46175745129585266,0.46373653411865234,-0.08598951995372772,0.5084760785102844,0.4012567400932312,-0.10455932468175888,0.5071295499801636,0.3795316219329834,-0.014283736236393452,0.48960474133491516,0.2699195146560669,-0.06022738665342331,0.4971931576728821,0.32672977447509766,-0.08805237710475922,0.5108802318572998,0.3910074830055237,-0.0998433530330658,0.5673233270645142,0.3580712378025055,-0.020033536478877068,0.5657103657722473,0.23059207201004028,-0.06148410588502884,0.5706542134284973,0.3211550712585449,-0.06990630179643631,0.5735880732536316,0.3811468183994293,-0.06394217908382416,0.6256298422813416,0.36319297552108765,-0.03454329073429108,0.6310932636260986,0.24654319882392883,-0.07061147689819336,0.6284345388412476,0.3238566815853119,-0.05745379999279976,0.626366376876831,0.37775325775146484,-0.03803215175867081,0.6840102672576904,0.3914000988006592,-0.05377990007400513,0.6915645003318787,0.29449379444122314,-0.07137539237737656,0.6802710294723511,0.3355816602706909,-0.05693565309047699,0.6699956655502319,0.3789104223251343,-0.04040486738085747
0.6362073421478271,0.6632643938064575,-5.090589638712117e-07,0.5520380735397339,0.637803852558136,-0.032834503799676895,0.48415589332580566,0.5561104416847229,-0.054844167083501816,0.47989970445632935,0.4552864730358124,-0.07909079641103745,0.527515709400177,0.39657527208328247,-0.0974382683634758,0.5236855149269104,0.3766728639602661,-0.013066304847598076,0.5104254484176636,0.2673952281475067,-0.05716628581285477,0.5167367458343506,0.31311291456222534,-0.08484487980604172,0.5275494456291199,0.37814050912857056,-0.0969005674123764,0.5820998549461365,0.35846492648124695,-0.019904738292098045,0.5815333724021912,0.2345929592847824,-0.0621274933218956,0.5900465846061707,0.31759995222091675,-0.07395009696483612,0.5938425064086914,0.3843842148780823,-0.07060715556144714,0.6385574340820312,0.36386606097221375,-0.0347156748175621,0.6441227197647095,0.25621870160102844,-0.07240421324968338,0.6444723606109619,0.33170124888420105,-0.06318866461515427,0.6407856941223145,0.39298999309539795,-0.046237342059612274,0.6940985918045044,0.3904595673084259,-0.053774405270814896,0.7034615278244019,0.2986139953136444,-0.074429951608181,0.6949862837791443,0.34182775020599365,-0.06269653141498566,0.6831050515174866,0.39007753133773804,-0.047772184014320374
0.6417627334594727,0.6657172441482544,-4.872921977039368e-07,0.5544735193252563,0.644418478012085,-0.037435244768857956,0.4821305274963379,0.5577865839004517,-0.06099150702357292,0.47598975896835327,0.45638662576675415,-0.08606082946062088,0.5241290330886841,0.39955347776412964,-0.10439283400774002,0.523607075214386,0.38258370757102966,-0.017768189311027527,0.5105308294296265,0.265777587890625,-0.06481719017028809,0.519158661365509,0.3182506859302521,-0.09388509392738342,0.5298616290092468,0.38204285502433777,-0.1065027043223381,0.5846787095069885,0.36263611912727356,-0.02262176014482975,0.5855152606964111,0.23404769599437714,-0.06651945412158966,0.5928112864494324,0.31913238763809204,-0.0784604549407959,0.5950446724891663,0.3830229640007019,-0.07515920698642731,0.6419450640678406,0.36709877848625183,-0.036171942949295044,0.649425745010376,0.25088977813720703,-0.0749131292104721,0.6487970352172852,0.32803937792778015,-0.06578513979911804,0.6445544958114624,0.3899059295654297,-0.048721931874752045,0.697676420211792,0.3919745683670044,-0.05444703623652458,0.7082600593566895,0.2973054051399231,-0.07556567341089249,0.6987912654876709,0.33745965361595154,-0.06487469375133514,0.686783492565155,0.384194940328598,-0.05067006126046181
0.6375353932380676,0.6615685224533081,-5.393442279455485e-07,0.5541309714317322,0.6409690380096436,-0.034786272794008255,0.4818483293056488,0.5521414279937744,-0.055895786732435226,0.4732280671596527,0.44593149423599243,-0.07901012152433395,0.5204587578773499,0.3935043513774872,-0.09536972641944885,0.5243418216705322,0.37734630703926086,-0.01441805250942707,0.5095648765563965,0.262412965297699,-0.059997837990522385,0.521683394908905,0.3232812285423279,-0.08778997510671616,0.5355973243713379,0.38900917768478394,-0.09980267286300659,0.5836275815963745,0.35671472549438477,-0.019893113523721695,0.5808714032173157,0.22985151410102844,-0.06166331097483635,0.5886350870132446,0.3183719217777252,-0.07143289595842361,0.5930160284042358,0.37980273365974426,-0.06702110171318054,0.6410039663314819,0.3610451817512512,-0.03394085168838501,0.6447880268096924,0.24096982181072235,-0.07160782068967819,0.6434559226036072,0.32409021258354187,-0.05963023751974106,0.6412350535392761,0.38524436950683594,-0.04080459848046303,0.6977483034133911,0.38677820563316345,-0.05256697162985802,0.7057004570960999,0.2927709221839905,-0.0730937272310257,0.6939101815223694,0.337209016084671,-0.060926198959350586,0.6833351254463196,0.3832716941833496,-0.04573261737823486
0.6321715116500854,0.6519015431404114,-4.440590828380664e-07,0.550174355506897,0.6247602701187134,-0.039652492851018906,0.4825116991996765,0.5496803522109985,-0.06924907863140106,0.4686671197414398,0.4593719244003296,-0.1007336676120758,0.5047235488891602,0.39786800742149353,-0.12575441598892212,0.5234918594360352,0.3677740693092346,-0.023729296401143074,0.5088058710098267,0.25518959760665894,-0.07580011337995529,0.5098344683647156,0.3036313056945801,-0.10559259355068207,0.5207726359367371,0.37197309732437134,-0.1169426441192627,0.5836260914802551,0.3527300953865051,-0.029532335698604584,0.5841591954231262,0.22239205241203308,-0.07741393148899078,0.5846131443977356,0.31646066904067993,-0.08615826815366745,0.5871259570121765,0.37723296880722046,-0.0788668692111969,0.6413426995277405,0.3604002892971039,-0.044529467821121216,0.6482980847358704,0.24193516373634338,-0.08673299103975296,0.6432855725288391,0.3253365159034729,-0.07221917062997818,0.6412258744239807,0.3839469850063324,-0.050435006618499756,0.6978105902671814,0.3896368741989136,-0.06437287479639053,0.7079049944877625,0.29315534234046936,-0.08620438724756241,0.6962295770645142,0.33892256021499634,-0.07078831642866135,0.6869896054267883,0.38422125577926636,-0.05256538465619087
0.6458564400672913,0.6341506838798523,-1.2109947533645027e-07,0.5614021420478821,0.6044888496398926,-0.03816738352179527,0.49546509981155396,0.5366464853286743,-0.0638519823551178,0.4739818274974823,0.47197213768959045,-0.088228739798069,0.483627051115036,0.41147124767303467,-0.10946989059448242,0.5434226393699646,0.36747559905052185,-0.02349979057908058,0.529660165309906,0.30054953694343567,-0.059002261608839035,0.5208076238632202,0.29007863998413086,-0.08944186568260193,0.5150958299636841,0.27834463119506836,-0.11064808070659637,0.6027576923370361,0.3514415919780731,-0.02785373665392399,0.6015519499778748,0.28041738271713257,-0.05966188758611679,0.5944993495941162,0.27807527780532837,-0.07962577044963837,0.5863919854164124,0.266385018825531,-0.09265776723623276,0.6585975289344788,0.3579317331314087,-0.03942812979221344,0.667838990688324,0.30336639285087585,-0.07012370973825455,0.6589447855949402,0.312369704246521,-0.0710475817322731,0.645753800868988,0.3063470125198364,-0.0700775682926178,0.7136974334716797,0.3832426965236664,-0.05596950277686119,0.723345160484314,0.3357931971549988,-0.0763416737318039,0.7135003805160522,0.3518562316894531,-0.07137306034564972,0.6990483403205872,0.3599633574485779,-0.06634624302387238
0.6354897022247314,0.632117748260498,-5.968493610453152e-07,0.569054126739502,0.6142711043357849,-0.05461754649877548,0.5042005777359009,0.5585673451423645,-0.09313509613275528,0.48561710119247437,0.49898475408554077,-0.12812840938568115,0.5199115872383118,0.46538063883781433,-0.1557956486940384,0.5425786375999451,0.41024112701416016,-0.05676576495170593,0.5364741086959839,0.3493506610393524,-0.11503857374191284,0.5522493124008179,0.4398517608642578,-0.1444345861673355,0.5598567128181458,0.48517265915870667,-0.1583639234304428,0.6124244332313538,0.3991698920726776,-0.05680033564567566,0.6133661270141602,0.34085291624069214,-0.11785423755645752,0.618568480014801,0.45545244216918945,-0.13009127974510193,0.6119524836540222,0.4946938157081604,-0.1271432787179947,0.6770480871200562,0.406309574842453,-0.06549377739429474,0.6850168704986572,0.3463955521583557,-0.12631160020828247,0.6775720715522766,0.4550054967403412,-0.11245191842317581,0.661605715751648,0.4955230951309204,-0.09020647406578064,0.7345273494720459,0.42660588026046753,-0.07847592979669571,0.7470349073410034,0.3826874792575836,-0.11596716940402985,0.7307723164558411,0.4571591913700104,-0.10266862064599991,0.7082820534706116,0.49282747507095337,-0.08505293726921082
0.6397451162338257,0.6264244914054871,-4.1456979715803755e-07,0.5784745812416077,0.6223040223121643,-0.06976976245641708,0.5085408687591553,0.57942134141922,-0.117551289498806,0.47990599274635315,0.5213222503662109,-0.15878011286258698,0.5061135292053223,0.4674632251262665,-0.19127652049064636,0.5399012565612793,0.41608017683029175,-0.0772961750626564,0.5298733115196228,0.3471929430961609,-0.1469377726316452,0.5432026982307434,0.4284413158893585,-0.17893435060977936,0.5538674592971802,0.48062413930892944,-0.19126151502132416,0.6117907166481018,0.4006808400154114,-0.07085452228784561,0.6091744899749756,0.33980652689933777,-0.14073866605758667,0.6135359406471252,0.4541543126106262,-0.1513070911169052,0.6130986213684082,0.4892963171005249,-0.1451800912618637,0.6772395968437195,0.4048895537853241,-0.07508334517478943,0.6819352507591248,0.34841322898864746,-0.1429726779460907,0.6735786199569702,0.454976350069046,-0.1259293109178543,0.6624159812927246,0.4899022579193115,-0.10005243867635727,0.7356261610984802,0.42209160327911377,-0.08485521376132965,0.7419548034667969,0.38374343514442444,-0.12561629712581635,0.7257571816444397,0.45718738436698914,-0.11137749254703522,0.7073946595191956,0.48790737986564636,-0.09209385514259338
0.6344833970069885,0.6398442983627319,-5.651478431900614e-07,0.5695562362670898,0.6236205697059631,-0.056040432304143906,0.5024802684783936,0.5671701431274414,-0.09436743706464767,0.4838143587112427,0.504708468914032,-0.12911666929721832,0.5212376713752747,0.4708111584186554,-0.1561126410961151,0.53769451379776,0.41026023030281067,-0.05768832936882973,0.5302627682685852,0.348490834236145,-0.11825907230377197,0.5445672273635864,0.44038236141204834,-0.1462726593017578,0.5536479949951172,0.48924797773361206,-0.15766161680221558,0.6104020476341248,0.3987191319465637,-0.05725729465484619,0.6090879440307617,0.3428318202495575,-0.12037301063537598,0.6133670806884766,0.4627460539340973,-0.13051748275756836,0.6106854677200317,0.5014673471450806,-0.12450726330280304,0.6771634817123413,0.4069948196411133,-0.06599275022745132,0.6828609108924866,0.3498322069644928,-0.13055431842803955,0.6753882765769958,0.46410953998565674,-0.11526668816804886,0.66268390417099,0.5070361495018005,-0.08998517692089081,0.7366427779197693,0.42952755093574524,-0.07893601804971695,0.7462273836135864,0.38958004117012024,-0.11867113411426544,0.7288208603858948,0.46718743443489075,-0.10438436269760132,0.7069813013076782,0.5048200488090515,-0.0844721868634224
0.6324254274368286,0.6333580017089844,-5.778290983471379e-07,0.5680125951766968,0.621461808681488,-0.05069323629140854,0.500206470489502,0.5689584016799927,-0.08628305792808533,0.48122304677963257,0.5074122548103333,-0.1187581792473793,0.5131964683532715,0.4683910012245178,-0.14365902543067932,0.5391619801521301,0.4126468002796173,-0.05184242129325867,0.5312501788139343,0.3466728627681732,-0.10978192836046219,0.5450657606124878,0.4330040514469147,-0.1381717473268509,0.5540496110916138,0.48167070746421814,-0.14989785850048065,0.6106353998184204,0.3999725580215454,-0.052246756851673126,0.6101561188697815,0.34463170170783997,-0.10995341092348099,0.6122444868087769,0.45981547236442566,-0.11888352781534195,0.6079868078231812,0.49605509638786316,-0.11342832446098328,0.6761859059333801,0.4069731533527374,-0.06144347041845322,0.6834740042686462,0.3509267270565033,-0.11961539089679718,0.6736955642700195,0.4600776433944702,-0.10307599604129791,0.6604113578796387,0.49905329942703247,-0.07886166125535965,0.7351611256599426,0.4280501902103424,-0.07468196749687195,0.7437106370925903,0.390598863363266,-0.11018859595060349,0.7260443568229675,0.46588706970214844,-0.09487228840589523,0.7061750888824463,0.49905627965927124,-0.07520946860313416
0.6433413624763489,0.6269639730453491,-4.6321500235535495e-07,0.5758795738220215,0.6154136061668396,-0.059019509702920914,0.502531886100769,0.566911518573761,-0.0997217446565628,0.4766401946544647,0.5035017728805542,-0.1351170688867569,0.5103097558021545,0.46223533153533936,-0.1617594063282013,0.5338101983070374,0.3976055085659027,-0.06049928814172745,0.5241234302520752,0.3424721956253052,-0.12213817238807678,0.5389075875282288,0.43661394715309143,-0.1512751430273056,0.5515350699424744,0.484098345041275,-0.1635228544473648,0.6054341793060303,0.3850596845149994,-0.05832449346780777,0.5995631217956543,0.3266417384147644,-0.12228848040103912,0.6065638065338135,0.445158988237381,-0.13173694908618927,0.6102355718612671,0.4827888011932373,-0.12476222217082977,0.6714977025985718,0.391187846660614,-0.06574173271656036,0.6734866499900818,0.33849814534187317,-0.1275842934846878,0.6685777902603149,0.44738858938217163,-0.10969854146242142,0.6608860492706299,0.4826927185058594,-0.0836569294333458,0.7308055758476257,0.4115968942642212,-0.07808736711740494,0.733763575553894,0.37867483496665955,-0.1139509305357933,0.7189028859138489,0.45622894167900085,-0.09818105399608612,0.7027221322059631,0.48708629608154297,-0.07816760241985321
0.6348145008087158,0.6347984671592712,-5.500191377905139e-07,0.567182183265686,0.6235060095787048,-0.05243662744760513,0.497096449136734,0.5706889629364014,-0.08686191588640213,0.4715995788574219,0.5057509541511536,-0.11764262616634369,0.49589163064956665,0.46465232968330383,-0.14003029465675354,0.5279306173324585,0.3967437446117401,-0.044898681342601776,0.5170262455940247,0.3316321074962616,-0.10319188237190247,0.5285778045654297,0.42470619082450867,-0.1321873813867569,0.5404499173164368,0.47596099972724915,-0.14375118911266327,0.598044753074646,0.3822163939476013,-0.044565726071596146,0.5920412540435791,0.31315428018569946,-0.10556637495756149,0.5953242182731628,0.43339216709136963,-0.11511707305908203,0.5989431142807007,0.4756942391395569,-0.1067066490650177,0.663014829158783,0.38795143365859985,-0.05386093258857727,0.6657101511955261,0.32845762372016907,-0.11227342486381531,0.6571100950241089,0.4373982846736908,-0.0961800292134285,0.6497860550880432,0.4770493507385254,-0.07012282311916351,0.7238606214523315,0.4081432819366455,-0.06766370683908463,0.7272076606750488,0.36755964159965515,-0.10030266642570496,0.710101842880249,0.4413182735443115,-0.08482085913419724,0.6946361660957336,0.4743015766143799,-0.06430064886808395
0.6398605704307556,0.6311894655227661,-4.738724328490207e-07,0.5645653605461121,0.6201980113983154,-0.048393093049526215,0.49171608686447144,0.5643360018730164,-0.07771825790405273,0.46956801414489746,0.49087414145469666,-0.10369464755058289,0.49149566888809204,0.44023653864860535,-0.12120140343904495,0.5228029489517212,0.3759497106075287,-0.03064134158194065,0.5171267986297607,0.30662864446640015,-0.0842805728316307,0.5277000665664673,0.3818129599094391,-0.11329547315835953,0.5364136695861816,0.43028977513313293,-0.12525567412376404,0.5913164615631104,0.36223700642585754,-0.03161822631955147,0.5925122499465942,0.2828901410102844,-0.08607891947031021,0.5959914922714233,0.3942486345767975,-0.09585178643465042,0.5971459150314331,0.4400739073753357,-0.08782958984375,0.6557589769363403,0.37158203125,-0.04260989651083946,0.6647769808769226,0.30413180589675903,-0.09490013867616653,0.6567831635475159,0.40257927775382996,-0.08064527809619904,0.6491171717643738,0.4428069591522217,-0.05650870129466057,0.7179244756698608,0.40013638138771057,-0.05799272656440735,0.7228657007217407,0.34247446060180664,-0.0873282328248024,0.7087479829788208,0.40884989500045776,-0.07181509584188461,0.6964627504348755,0.44235464930534363,-0.05134517699480057
0.6335433125495911,0.6257612109184265,-2.949464033008553e-07,0.5530349016189575,0.6178924441337585,-0.02621060237288475,0.48373186588287354,0.5293576121330261,-0.03692026808857918,0.4784259498119354,0.4323906898498535,-0.050121378153562546,0.5291693806648254,0.39307764172554016,-0.05802252143621445,0.5167717933654785,0.3590530753135681,0.010371907614171505,0.5055195093154907,0.2716537415981293,-0.021427063271403313,0.5088495016098022,0.30086183547973633,-0.04209871217608452,0.5163805484771729,0.3373652398586273,-0.05148058012127876,0.5783330202102661,0.3370753228664398,0.003103204071521759,0.5748525261878967,0.23004749417304993,-0.031112419441342354,0.5762323141098022,0.298820436000824,-0.04226654767990112,0.581281840801239,0.34878575801849365,-0.03709001839160919,0.6378769874572754,0.3385600447654724,-0.012095618061721325,0.6407907009124756,0.24747556447982788,-0.04261888936161995,0.6357356905937195,0.31402188539505005,-0.03599395230412483,0.636099636554718,0.35500913858413696,-0.020132388919591904,0.6972255706787109,0.3625842332839966,-0.03106537088751793,0.6975283026695251,0.2846646308898926,-0.04365317150950432,0.6868640184402466,0.3240194022655487,-0.03127589076757431,0.6836137771606445,0.35794728994369507,-0.016248727217316628
0.6305816769599915,0.6440587639808655,-4.878082222603553e-07,0.5527545213699341,0.6350480318069458,-0.03290129452943802,0.4775872230529785,0.5517162084579468,-0.05210048332810402,0.4601763188838959,0.4498533010482788,-0.07337380200624466,0.5049019455909729,0.4038461148738861,-0.08819910138845444,0.5173947811126709,0.372351735830307,-0.010476906783878803,0.5021420121192932,0.261610746383667,-0.05327833816409111,0.5090348720550537,0.30863335728645325,-0.07832370698451996,0.5234690308570862,0.37138280272483826,-0.08816143870353699,0.5774580240249634,0.3532445430755615,-0.016223512589931488,0.5735967755317688,0.22706586122512817,-0.05828411504626274,0.5783935785293579,0.3124227225780487,-0.06658471375703812,0.5847340822219849,0.37389513850212097,-0.0591585636138916,0.6346074342727661,0.35692811012268066,-0.030456265434622765,0.6378248333930969,0.2441859096288681,-0.06726790219545364,0.6339766383171082,0.3195022940635681,-0.056161899119615555,0.633348286151886,0.3766799867153168,-0.036849960684776306,0.6905823945999146,0.3799712359905243,-0.04916805401444435,0.6975531578063965,0.2857312560081482,-0.06853818148374557,0.6851422786712646,0.3264833092689514,-0.0570865198969841,0.6757308840751648,0.37204429507255554,-0.04195162653923035
0.6332063674926758,0.6519150733947754,-3.9219918335220427e-07,0.5499632954597473,0.6333423852920532,-0.039910439401865005,0.47725987434387207,0.5587543845176697,-0.06625939160585403,0.4646896719932556,0.458302766084671,-0.09357243776321411,0.5147104263305664,0.3963589072227478,-0.11463379859924316,0.5141575336456299,0.37281733751296997,-0.015481516718864441,0.5017075538635254,0.2665889263153076,-0.06175626441836357,0.5073741674423218,0.3043273389339447,-0.09170636534690857,0.5194828510284424,0.3648889660835266,-0.10507642477750778,0.5755996108055115,0.3506622910499573,-0.01951425150036812,0.5762864947319031,0.22356243431568146,-0.06289663165807724,0.5809004902839661,0.29984527826309204,-0.07608411461114883,0.5837446451187134,0.3648754358291626,-0.07289405912160873,0.6338576674461365,0.35465526580810547,-0.032591983675956726,0.6409803032875061,0.24722212553024292,-0.07099704444408417,0.6383358240127563,0.3149096965789795,-0.06433647871017456,0.6341222524642944,0.3719114661216736,-0.04854440689086914,0.6913453340530396,0.3810155391693115,-0.05045696720480919,0.699326753616333,0.2884737551212311,-0.07089022547006607,0.6891037821769714,0.3254128098487854,-0.06057935580611229,0.6764078140258789,0.3706152141094208,-0.04652785882353783
0.6292206048965454,0.6581404209136963,-4.94543769491429e-07,0.5481281280517578,0.6345267295837402,-0.03274863213300705,0.47901272773742676,0.5529182553291321,-0.054731156677007675,0.47179073095321655,0.4515215754508972,-0.07927288860082626,0.5217016935348511,0.39504608511924744,-0.09752750396728516,0.5166822671890259,0.3659530580043793,-0.008818687871098518,0.5030807852745056,0.25892430543899536,-0.05420440807938576,0.5056143999099731,0.30461710691452026,-0.08228962868452072,0.5181127190589905,0.3720610737800598,-0.09406625479459763,0.5775919556617737,0.34726420044898987,-0.0161920003592968,0.5786227583885193,0.2199408859014511,-0.05784057453274727,0.5809442400932312,0.3073617219924927,-0.06659538298845291,0.5847476720809937,0.36998993158340454,-0.06002812832593918,0.6354693174362183,0.3549213409423828,-0.03233664855360985,0.6428214907646179,0.24476686120033264,-0.06923305243253708,0.6382272839546204,0.3248772621154785,-0.0557410754263401,0.6363691091537476,0.38157981634140015,-0.03530793637037277,0.6946492791175842,0.38558000326156616,-0.05307995155453682,0.7031044960021973,0.29420632123947144,-0.07154727727174759,0.6918637752532959,0.3379041850566864,-0.056835953146219254,0.6823027729988098,0.38054656982421875,-0.0395820215344429
0.6306403875350952,0.6613355875015259,-5.075775675322802e-07,0.5492162704467773,0.6345602869987488,-0.037025973200798035,0.4805011749267578,0.5507694482803345,-0.06169990450143814,0.4735845625400543,0.4484435021877289,-0.08841845393180847,0.5240233540534973,0.38713860511779785,-0.10868072509765625,0.5208054780960083,0.36836108565330505,-0.013332252390682697,0.5066174268722534,0.2547285854816437,-0.059781353920698166,0.5094432234764099,0.3055402636528015,-0.08906096965074539,0.5220395922660828,0.37011101841926575,-0.10211135447025299,0.5808090567588806,0.35067421197891235,-0.018995387479662895,0.5827841758728027,0.22026854753494263,-0.06283757835626602,0.5843505263328552,0.3094756603240967,-0.07465865463018417,0.5883709192276001,0.3756241798400879,-0.07057750970125198,0.6384709477424622,0.35769525170326233,-0.03350604325532913,0.6466212272644043,0.24241749942302704,-0.07191421091556549,0.6413933038711548,0.3226691484451294,-0.06169296056032181,0.6386690139770508,0.3837657570838928,-0.04366457462310791,0.6955925226211548,0.3863762617111206,-0.052779752761125565,0.7050142884254456,0.29204079508781433,-0.07254114747047424,0.692481517791748,0.3365766108036041,-0.06004929915070534,0.6816853284835815,0.38409513235092163,-0.044684309512376785
0.6418954133987427,0.6545054316520691,-4.932867909701599e-07,0.5561375021934509,0.6264051198959351,-0.033560339361429214,0.487295538187027,0.5445493459701538,-0.05572725459933281,0.4788849949836731,0.4474288523197174,-0.07986201345920563,0.5217821598052979,0.39004820585250854,-0.09778154641389847,0.5278468132019043,0.3561267554759979,-0.00829267967492342,0.5134469270706177,0.2500588893890381,-0.05186181142926216,0.5148893594741821,0.29704275727272034,-0.08030190318822861,0.5263151526451111,0.36125361919403076,-0.09301318228244781,0.5891942381858826,0.3377232253551483,-0.014788653701543808,0.5886744856834412,0.21739792823791504,-0.05572650954127312,0.5875862240791321,0.2967466711997986,-0.06808366626501083,0.5903711915016174,0.3580673635005951,-0.06527981907129288,0.646876335144043,0.3445231318473816,-0.02982047013938427,0.6534438729286194,0.2418714165687561,-0.06564971804618835,0.6460852026939392,0.31466805934906006,-0.05668160319328308,0.6436668634414673,0.36897629499435425,-0.040641818195581436,0.7047294974327087,0.3724769651889801,-0.04930001497268677,0.7097840905189514,0.2880110740661621,-0.06701263040304184,0.6964868903160095,0.3330608606338501,-0.05410391837358475,0.6873201131820679,0.3756924867630005,-0.038906026631593704
0.6357836723327637,0.6470096707344055,-5.032498506807315e-07,0.5538671612739563,0.618186891078949,-0.030880631878972054,0.48791807889938354,0.5318604707717896,-0.05211424455046654,0.48359715938568115,0.434991717338562,-0.07608997821807861,0.5269789099693298,0.3789743483066559,-0.0940885841846466,0.5321187973022461,0.35040950775146484,-0.01284218579530716,0.517217218875885,0.23849590122699738,-0.05749056115746498,0.5185907483100891,0.2900646924972534,-0.0864173099398613,0.5308034420013428,0.3554331660270691,-0.09903416037559509,0.5919111371040344,0.33521968126296997,-0.020316533744335175,0.5919539928436279,0.20732273161411285,-0.06268380582332611,0.5906953811645508,0.28760474920272827,-0.07575725764036179,0.5945032238960266,0.35286587476730347,-0.07324898988008499,0.6492242217063904,0.3446944057941437,-0.03547195717692375,0.6562519073486328,0.2288627177476883,-0.07236872613430023,0.6489281058311462,0.30232828855514526,-0.06486885249614716,0.6468012928962708,0.3641659915447235,-0.049081359058618546,0.7055635452270508,0.37448227405548096,-0.05467747896909714,0.7168096899986267,0.2773255407810211,-0.07436387240886688,0.7015895843505859,0.3133901059627533,-0.06407264620065689,0.6902495622634888,0.35906732082366943,-0.050093285739421844
0.6495543718338013,0.6319110989570618,-1.8482217001292156e-07,0.565556526184082,0.602156937122345,-0.03851933032274246,0.4994108974933624,0.5348995923995972,-0.0644882544875145,0.4770636260509491,0.46173810958862305,-0.09029243886470795,0.48973172903060913,0.39512398838996887,-0.1113073006272316,0.5442556142807007,0.3461122214794159,-0.013523166999220848,0.5294151306152344,0.2540636956691742,-0.05188202112913132,0.5260590314865112,0.2607629597187042,-0.08427835255861282,0.5292225480079651,0.28969621658325195,-0.1028631329536438,0.6036025881767273,0.32840439677238464,-0.01613500714302063,0.6012905836105347,0.23153606057167053,-0.0495709553360939,0.5977072715759277,0.25034499168395996,-0.07182309031486511,0.592909574508667,0.27981051802635193,-0.08271031826734543,0.6592287421226501,0.334099680185318,-0.026607979089021683,0.6642091274261475,0.2640215754508972,-0.055737536400556564,0.6586520075798035,0.2993326783180237,-0.056258995085954666,0.6508724689483643,0.3341802656650543,-0.05207505822181702,0.7141618728637695,0.35898134112358093,-0.042057450860738754,0.7177018523216248,0.2992642819881439,-0.058251507580280304,0.7078619599342346,0.32910388708114624,-0.050680872052907944,0.6963396668434143,0.36150527000427246,-0.041923198848962784
0.6691420078277588,0.6297332048416138,-7.539585453741893e-07,0.5903411507606506,0.6067354083061218,-0.044455599039793015,0.5195783376693726,0.5363016128540039,-0.07673382759094238,0.5067827701568604,0.4728829860687256,-0.10769511759281158,0.5435047745704651,0.4475356936454773,-0.1320292055606842,0.5709476470947266,0.371883749961853,-0.04401450976729393,0.561812698841095,0.30997011065483093,-0.10177270323038101,0.5729472041130066,0.40471065044403076,-0.13314197957515717,0.5822064280509949,0.4551008939743042,-0.14783698320388794,0.6433799266815186,0.3632272183895111,-0.04995523393154144,0.6414158940315247,0.2978847026824951,-0.11234646290540695,0.6421340703964233,0.4130122661590576,-0.12657621502876282,0.639766275882721,0.4619162678718567,-0.12251203507184982,0.7085660099983215,0.37290072441101074,-0.06398282200098038,0.713887631893158,0.31958702206611633,-0.12094204127788544,0.7045656442642212,0.42227691411972046,-0.10804145038127899,0.6924426555633545,0.46305567026138306,-0.08580025285482407,0.7658916711807251,0.397193968296051,-0.08201875537633896,0.7742189168930054,0.36248108744621277,-0.1114482581615448,0.7581334114074707,0.43376481533050537,-0.09504543244838715,0.7430795431137085,0.4657067060470581,-0.07555330544710159
0.6742119789123535,0.6257338523864746,-5.11139148784423e-07,0.6030797958374023,0.6044186353683472,-0.060966309159994125,0.5353001356124878,0.5426234602928162,-0.10051968693733215,0.5137386322021484,0.47369149327278137,-0.13475048542022705,0.5378744602203369,0.4243163466453552,-0.16003938019275665,0.5793034434318542,0.37983107566833496,-0.06268523633480072,0.5729119777679443,0.29976776242256165,-0.12708483636379242,0.5848209857940674,0.38972118496894836,-0.15778958797454834,0.5918244123458862,0.4527820944786072,-0.16942298412322998,0.6530002951622009,0.36786818504333496,-0.05945955961942673,0.6565905213356018,0.29279375076293945,-0.12683331966400146,0.6580363512039185,0.41541019082069397,-0.13956989347934723,0.6518996357917786,0.46452149748802185,-0.1336452066898346,0.7199168801307678,0.3777875006198883,-0.06577747315168381,0.7318678498268127,0.3090443015098572,-0.13167059421539307,0.7198102474212646,0.4225899875164032,-0.11631614714860916,0.7028577327728271,0.4720042943954468,-0.09032846987247467,0.7787666320800781,0.40363556146621704,-0.07677244395017624,0.7942209243774414,0.35928207635879517,-0.11912873387336731,0.7735321521759033,0.43295371532440186,-0.10600962489843369,0.748485803604126,0.4707035422325134,-0.0857800617814064
0.6626673936843872,0.6344919204711914,-6.274815405049594e-07,0.5942521095275879,0.6107752323150635,-0.05266384035348892,0.5295166373252869,0.5456796288490295,-0.08816355466842651,0.5121089220046997,0.47651976346969604,-0.12028425931930542,0.5412702560424805,0.4375191926956177,-0.14441229403018951,0.5729933977127075,0.3829609155654907,-0.05074847489595413,0.5715358853340149,0.31262603402137756,-0.110275998711586,0.5828807950019836,0.4062577486038208,-0.139138326048851,0.587642252445221,0.46010202169418335,-0.15078257024288177,0.6483363509178162,0.3741718530654907,-0.05122483894228935,0.6512727737426758,0.30555459856987,-0.11269240081310272,0.6510617733001709,0.43023020029067993,-0.1226760596036911,0.6439938545227051,0.4747329354286194,-0.11598914116621017,0.7163385152816772,0.38587480783462524,-0.060851775109767914,0.7267268896102905,0.3197900056838989,-0.12232095748186111,0.7146313190460205,0.4334030747413635,-0.10605845600366592,0.6984124183654785,0.47768527269363403,-0.08038055896759033,0.776645839214325,0.41321179270744324,-0.0745183601975441,0.7883110642433167,0.3679589033126831,-0.11144163459539413,0.7691394686698914,0.4438568353652954,-0.09570726752281189,0.7472463250160217,0.4798801839351654,-0.07489044219255447
0.6633918285369873,0.6355260014533997,-5.923523644923989e-07,0.5936239361763,0.6160343885421753,-0.05449086055159569,0.5238254070281982,0.5461828708648682,-0.09130492061376572,0.5068167448043823,0.47448182106018066,-0.12424127757549286,0.5442732572555542,0.44601526856422424,-0.14862072467803955,0.572752058506012,0.3863987922668457,-0.05585150420665741,0.5669223666191101,0.3137582540512085,-0.11789186298847198,0.5763578414916992,0.4145071804523468,-0.1478152573108673,0.5839918851852417,0.4708327054977417,-0.16013330221176147,0.64702308177948,0.37820079922676086,-0.055905863642692566,0.6462929844856262,0.30811432003974915,-0.12080366164445877,0.6446388959884644,0.4315301179885864,-0.13105061650276184,0.641707718372345,0.4768303334712982,-0.12357696145772934,0.7139621376991272,0.38931939005851746,-0.06531202793121338,0.7206681966781616,0.32646644115448,-0.1267731785774231,0.7075525522232056,0.4376760423183441,-0.11022159457206726,0.6939846873283386,0.479748398065567,-0.08434446156024933,0.7737120389938354,0.414069265127182,-0.07944291085004807,0.7839758396148682,0.377401202917099,-0.1163419857621193,0.7638381123542786,0.45102110505104065,-0.10237062722444534,0.7434542179107666,0.483519971370697,-0.08287025988101959
0.6634063720703125,0.6325899362564087,-4.797944939127774e-07,0.5906966924667358,0.6136759519577026,-0.06485509872436523,0.5203949213027954,0.551009476184845,-0.1073073148727417,0.4984726905822754,0.4848858714103699,-0.1441538780927658,0.5237051248550415,0.4446692168712616,-0.17285895347595215,0.5630972385406494,0.38457998633384705,-0.07178763300180435,0.5559620261192322,0.31249985098838806,-0.13993768393993378,0.5661237239837646,0.4099794030189514,-0.17166626453399658,0.5721166133880615,0.46882569789886475,-0.18352113664150238,0.6380387544631958,0.37706345319747925,-0.06834246218204498,0.6366876363754272,0.30702918767929077,-0.14148613810539246,0.6374221444129944,0.4287654459476471,-0.1553700566291809,0.6352310180664062,0.4777476489543915,-0.14900381863117218,0.706142008304596,0.3877309560775757,-0.07464724034070969,0.7108762264251709,0.32417169213294983,-0.14622488617897034,0.7010247707366943,0.4395059049129486,-0.13200128078460693,0.690061628818512,0.49131307005882263,-0.10531710088253021,0.7657998204231262,0.4110562205314636,-0.08585929125547409,0.7743033766746521,0.37230992317199707,-0.13169726729393005,0.7547914385795593,0.45161914825439453,-0.11938944458961487,0.7351714372634888,0.4946073293685913,-0.09902971237897873
0.6502944827079773,0.6384625434875488,-5.913720997341443e-07,0.578574538230896,0.6135836839675903,-0.05090956762433052,0.5140719413757324,0.5455857515335083,-0.08456025272607803,0.4994416832923889,0.48001790046691895,-0.11528695374727249,0.5288195610046387,0.4435831904411316,-0.13874566555023193,0.5568923354148865,0.3910991847515106,-0.04817237704992294,0.5533283948898315,0.3179144263267517,-0.10696236044168472,0.5638765096664429,0.41190361976623535,-0.1367720365524292,0.5698844790458679,0.4679901599884033,-0.1491304486989975,0.6319968700408936,0.3811832070350647,-0.04932495579123497,0.630902886390686,0.30894753336906433,-0.11099745333194733,0.6319738030433655,0.43116024136543274,-0.12216868251562119,0.6285293102264404,0.4807840585708618,-0.11559559404850006,0.6996020674705505,0.3912547528743744,-0.05947715416550636,0.7066813707351685,0.324937641620636,-0.12031927704811096,0.6959528923034668,0.4375707805156708,-0.10492607951164246,0.681866466999054,0.4858660101890564,-0.07940514385700226,0.7596752643585205,0.4158141016960144,-0.07361692190170288,0.7678377628326416,0.3748457133769989,-0.10961486399173737,0.7481508255004883,0.4518126845359802,-0.09371069818735123,0.7268013954162598,0.4909258782863617,-0.07270222157239914
0.6544154286384583,0.6400140523910522,-5.076434490547399e-07,0.5805827379226685,0.6253063082695007,-0.04954028129577637,0.5067284107208252,0.5666369199752808,-0.08281514793634415,0.4822967052459717,0.49489742517471313,-0.11314526945352554,0.5114693641662598,0.4536593556404114,-0.1354539692401886,0.5487797856330872,0.38903719186782837,-0.04098023474216461,0.536648154258728,0.31839972734451294,-0.09620726108551025,0.5412607789039612,0.40303757786750793,-0.12421023845672607,0.5519143342971802,0.4535125494003296,-0.13572774827480316,0.6182107329368591,0.3785102367401123,-0.041982121765613556,0.6114231944084167,0.3037734031677246,-0.09820442646741867,0.6087478399276733,0.41538551449775696,-0.10807280242443085,0.614789605140686,0.460671991109848,-0.10110989212989807,0.6835559010505676,0.38893434405326843,-0.052392516285181046,0.6863327622413635,0.31617751717567444,-0.10680894553661346,0.6747946739196777,0.41779837012290955,-0.09235462546348572,0.6713969707489014,0.4619096517562866,-0.06849034875631332,0.7458699941635132,0.41610196232795715,-0.06722424179315567,0.7490272521972656,0.362858384847641,-0.10001647472381592,0.7305631041526794,0.42931514978408813,-0.08689223229885101,0.7189446687698364,0.4637523293495178,-0.06808691471815109
0.6602136492729187,0.6352710723876953,-2.8589178668880777e-07,0.5826917886734009,0.6292580366134644,-0.047618791460990906,0.5075001120567322,0.5604812502861023,-0.07750062644481659,0.4874246120452881,0.48081862926483154,-0.10420108586549759,0.5192109942436218,0.43304744362831116,-0.12372440099716187,0.5484853982925415,0.36716291308403015,-0.03248205408453941,0.5401259064674377,0.2921859920024872,-0.08285464346408844,0.5468029975891113,0.3413805365562439,-0.11468350887298584,0.5504491925239563,0.3751327097415924,-0.13031189143657684,0.6147715449333191,0.34850865602493286,-0.033775318413972855,0.616181492805481,0.2593003809452057,-0.08203160017728806,0.6185877919197083,0.33521533012390137,-0.09644751995801926,0.6187174916267395,0.37525808811187744,-0.09442299604415894,0.6766469478607178,0.35573652386665344,-0.04402913525700569,0.6865146160125732,0.28418028354644775,-0.08612818270921707,0.6824418306350708,0.35054683685302734,-0.07674011588096619,0.6779993176460266,0.3828541338443756,-0.05967264622449875,0.7342684268951416,0.384123295545578,-0.05945884808897972,0.7409911751747131,0.3279256522655487,-0.08038893342018127,0.7334169149398804,0.37212109565734863,-0.06687694787979126,0.7280939817428589,0.40072697401046753,-0.05041525140404701
0.6437008380889893,0.6222306489944458,-1.3927034103744518e-07,0.5670908689498901,0.6128396391868591,-0.03742093965411186,0.5000773668289185,0.530102014541626,-0.059194859117269516,0.48988234996795654,0.43431714177131653,-0.08054062724113464,0.5331602096557617,0.39702364802360535,-0.09705520421266556,0.5410389304161072,0.3543589413166046,-0.016970261931419373,0.5273388624191284,0.2615400552749634,-0.055972080677747726,0.5306412577629089,0.2727370262145996,-0.07990169525146484,0.540123462677002,0.30784469842910767,-0.09093844145536423,0.6038227081298828,0.3322080671787262,-0.02106436714529991,0.6028004884719849,0.2216435670852661,-0.059824563562870026,0.6038082838058472,0.27674996852874756,-0.07180187106132507,0.6082421541213989,0.31903135776519775,-0.06881442666053772,0.6631905436515808,0.3359721601009369,-0.03287110477685928,0.6695075631141663,0.24301986396312714,-0.06797146052122116,0.6630041003227234,0.2978540360927582,-0.06201379746198654,0.6615724563598633,0.3331708312034607,-0.04816887527704239,0.7203445434570312,0.36161595582962036,-0.049156952649354935,0.724338173866272,0.28763675689697266,-0.06827044486999512,0.7120392918586731,0.32205039262771606,-0.05819325894117355,0.7050798535346985,0.3522699177265167,-0.044898346066474915
0.635532557964325,0.6329572796821594,-3.6322833807389543e-07,0.5572275519371033,0.6128005981445312,-0.03311064839363098,0.4864821434020996,0.5343582630157471,-0.05531933531165123,0.48011744022369385,0.43184781074523926,-0.07967635989189148,0.5311857461929321,0.37510594725608826,-0.09819170832633972,0.529292643070221,0.3577967882156372,-0.008951758965849876,0.5189940929412842,0.2505829334259033,-0.054018571972846985,0.5240008234977722,0.2826356589794159,-0.08278102427721024,0.5358720421791077,0.34796571731567383,-0.0946548581123352,0.590616762638092,0.34032556414604187,-0.01514509692788124,0.5932026505470276,0.21585434675216675,-0.05672251805663109,0.5954832434654236,0.28527000546455383,-0.06922444701194763,0.5986295342445374,0.34874656796455383,-0.06585700809955597,0.6468418836593628,0.3478652834892273,-0.029851388186216354,0.6556801199913025,0.2436109334230423,-0.06558585911989212,0.6514668464660645,0.3128931522369385,-0.055124834179878235,0.6475086212158203,0.36969196796417236,-0.037305500358343124,0.7028397917747498,0.3760964274406433,-0.048983581364154816,0.7097276449203491,0.28839170932769775,-0.06729520857334137,0.7006926536560059,0.3304455578327179,-0.05385147035121918,0.6912921667098999,0.3757280707359314,-0.03768112510442734
0.6351423859596252,0.6374238133430481,-4.806391302736301e-07,0.5539757013320923,0.6097472310066223,-0.028788739815354347,0.4898940920829773,0.5244706869125366,-0.0477011613547802,0.4841417968273163,0.4268026053905487,-0.06970565021038055,0.5305585861206055,0.37083908915519714,-0.08561491221189499,0.5325018763542175,0.3538530170917511,-0.007701064459979534,0.5191469192504883,0.24059848487377167,-0.04872368648648262,0.5245915651321411,0.28574562072753906,-0.07499265670776367,0.5375760793685913,0.34547173976898193,-0.08639314025640488,0.5913437008857727,0.3382267653942108,-0.015068990178406239,0.5919326543807983,0.20993691682815552,-0.05457501858472824,0.594541072845459,0.28800535202026367,-0.06611961126327515,0.5999438762664795,0.35397544503211975,-0.06261320412158966,0.6479931473731995,0.34656015038490295,-0.03000744618475437,0.654363751411438,0.23159299790859222,-0.0648321807384491,0.6490818858146667,0.3031952977180481,-0.05667642876505852,0.6480807662010193,0.3647465705871582,-0.040266744792461395,0.7041694521903992,0.3749307692050934,-0.04883246496319771,0.7149286866188049,0.2768462896347046,-0.06719575822353363,0.7005044221878052,0.31093573570251465,-0.05677506700158119,0.6891611218452454,0.3583727180957794,-0.04278949648141861
0.6391478776931763,0.6403635740280151,-4.514452598414209e-07,0.5549518465995789,0.6115130186080933,-0.03502052649855614,0.4885351061820984,0.5208913087844849,-0.05644736811518669,0.4878494143486023,0.41950300335884094,-0.08020687848329544,0.5398246645927429,0.37093138694763184,-0.09830769151449203,0.5350082516670227,0.34782731533050537,-0.009278710000216961,0.5254653692245483,0.23840127885341644,-0.05289236828684807,0.5318480730056763,0.2854061722755432,-0.08309054374694824,0.5447466373443604,0.3487628102302551,-0.09755204617977142,0.5950204730033875,0.331836074590683,-0.015012585557997227,0.599275529384613,0.2074861228466034,-0.0586223229765892,0.6026740074157715,0.28480178117752075,-0.07588794082403183,0.6065405607223511,0.35595500469207764,-0.07590210437774658,0.6513437628746033,0.3411412239074707,-0.02912246622145176,0.6609492897987366,0.2345098853111267,-0.06679676473140717,0.6562163233757019,0.3033387064933777,-0.06453369557857513,0.6517103910446167,0.36789700388908386,-0.05199074745178223,0.7067182064056396,0.37041282653808594,-0.04767551273107529,0.7165375351905823,0.280154287815094,-0.06805799901485443,0.7042059898376465,0.3162952959537506,-0.060871560126543045,0.6916458010673523,0.36592426896095276,-0.049372874200344086
0.6436678171157837,0.6426829695701599,-4.936679260936216e-07,0.5598501563072205,0.6132716536521912,-0.03342859074473381,0.4926129877567291,0.5199036598205566,-0.05326534062623978,0.4916333854198456,0.41269731521606445,-0.0756208747625351,0.5471757650375366,0.3584955036640167,-0.09169117361307144,0.5348562598228455,0.3503032922744751,-0.004723135847598314,0.525646448135376,0.23588894307613373,-0.04746269807219505,0.5343666076660156,0.28749874234199524,-0.07627832889556885,0.5481531620025635,0.3496854901313782,-0.08985525369644165,0.5936186909675598,0.33136436343193054,-0.010020372457802296,0.597816526889801,0.2051602005958557,-0.05070503428578377,0.6037272214889526,0.2862493097782135,-0.064644455909729,0.6080610752105713,0.3518384099006653,-0.06308095902204514,0.6491360068321228,0.3367909789085388,-0.023982472717761993,0.6577584743499756,0.22604282200336456,-0.059183958917856216,0.6563484072685242,0.3016083538532257,-0.05210338532924652,0.6542202830314636,0.36396095156669617,-0.03702833130955696,0.704834520816803,0.36268824338912964,-0.04256855323910713,0.7126122713088989,0.27392497658729553,-0.061014141887426376,0.701816201210022,0.31826674938201904,-0.05114555358886719,0.6913080215454102,0.36712682247161865,-0.03823721408843994
0.6411616206169128,0.6384261846542358,-4.288424122478318e-07,0.5598692893981934,0.6070492267608643,-0.03432731702923775,0.49382513761520386,0.5216185450553894,-0.057366035878658295,0.49318620562553406,0.42279988527297974,-0.08299582451581955,0.543294370174408,0.36780601739883423,-0.1033647432923317,0.53733891248703,0.3451959490776062,-0.013599412515759468,0.5246430039405823,0.23367935419082642,-0.059667885303497314,0.5251418948173523,0.27425771951675415,-0.09022270888090134,0.5356305837631226,0.336345911026001,-0.10397189110517502,0.5960285663604736,0.3289678692817688,-0.01950581930577755,0.5974339246749878,0.20431795716285706,-0.06447508931159973,0.5981181263923645,0.2790103554725647,-0.08078586310148239,0.6026466488838196,0.347028911113739,-0.07995656877756119,0.6518866419792175,0.3371686339378357,-0.03353237360715866,0.6598909497261047,0.230626180768013,-0.07339411228895187,0.6537052989006042,0.30388835072517395,-0.06985138356685638,0.6504001021385193,0.36958199739456177,-0.055622488260269165,0.7069036364555359,0.36400502920150757,-0.05177007615566254,0.7153677344322205,0.2723037600517273,-0.07355841249227524,0.7026655673980713,0.30972039699554443,-0.06557412445545197,0.6920554637908936,0.3576531410217285,-0.05277372896671295
0.6416919231414795,0.634131908416748,-2.890183736781182e-07,0.5607718229293823,0.603203535079956,-0.03536772355437279,0.49576032161712646,0.5130070447921753,-0.057278335094451904,0.49071404337882996,0.41193604469299316,-0.08130545169115067,0.5394099950790405,0.3560085594654083,-0.10007130354642868,0.5367220044136047,0.3407965302467346,-0.004847070202231407,0.5229848027229309,0.23139061033725739,-0.04695498198270798,0.5262967944145203,0.25894004106521606,-0.0784442275762558,0.5384834408760071,0.3154240846633911,-0.09348385035991669,0.5942480564117432,0.3226741552352905,-0.008866742253303528,0.5936830639839172,0.2020881175994873,-0.0464923195540905,0.595959484577179,0.24930439889431,-0.06533460319042206,0.6012707948684692,0.30732646584510803,-0.06903183460235596,0.6492692828178406,0.327216774225235,-0.021580135449767113,0.6561320424079895,0.22319726645946503,-0.05321648716926575,0.6523606181144714,0.27343493700027466,-0.05286842957139015,0.6505184769630432,0.32936927676200867,-0.04435070604085922,0.7035384774208069,0.3507359027862549,-0.03921401873230934,0.7101930379867554,0.26663440465927124,-0.05573030933737755,0.7004217505455017,0.2982999086380005,-0.04906105250120163,0.6926301717758179,0.34409299492836,-0.03929830342531204
0.6383310556411743,0.6351292133331299,-4.825022870136308e-07,0.5555683970451355,0.6113359928131104,-0.03251839429140091,0.48556655645370483,0.526525616645813,-0.05279939994215965,0.4784480929374695,0.421677827835083,-0.07511786371469498,0.5263486504554749,0.36472395062446594,-0.09157659113407135,0.5273820161819458,0.35190489888191223,-0.007793727796524763,0.5147424936294556,0.23870670795440674,-0.05031180754303932,0.5230889320373535,0.2853327691555023,-0.07851308584213257,0.5378568768501282,0.34547919034957886,-0.09126118570566177,0.5872889757156372,0.33274590969085693,-0.01308050099760294,0.5875732898712158,0.21210096776485443,-0.0546017624437809,0.5929824113845825,0.2890215516090393,-0.06873003393411636,0.5986120104789734,0.35381197929382324,-0.06682662665843964,0.6438899040222168,0.3349045217037201,-0.026420123875141144,0.6491578221321106,0.2335994690656662,-0.06235624849796295,0.6480045914649963,0.3074854910373688,-0.05498127639293671,0.6468396186828613,0.3664129376411438,-0.03928308188915253,0.6997579336166382,0.356105774641037,-0.04400332272052765,0.7035523653030396,0.2751774787902832,-0.06193811073899269,0.6953802108764648,0.3210568130016327,-0.05026710033416748,0.6889438033103943,0.3659535348415375,-0.03560784086585045
0.6407146453857422,0.6285225749015808,-1.9182354549229785e-07,0.5566034913063049,0.5926799774169922,-0.034975118935108185,0.49405330419540405,0.5167750120162964,-0.06159692257642746,0.47813305258750916,0.44455060362815857,-0.08945409953594208,0.5013267993927002,0.39160358905792236,-0.11319949477910995,0.5450955033302307,0.3377145528793335,-0.013100378215312958,0.5340155363082886,0.25097668170928955,-0.058926235884428024,0.5261355042457581,0.2683323919773102,-0.09702853858470917,0.5255770683288574,0.3079565763473511,-0.11844450980424881,0.6019614338874817,0.32739362120628357,-0.019355155527591705,0.6021148562431335,0.23814770579338074,-0.0591651052236557,0.5942509174346924,0.2537810802459717,-0.08471747487783432,0.5860756039619446,0.27680453658103943,-0.0973685085773468,0.656603991985321,0.33800795674324036,-0.03385685011744499,0.6636344194412231,0.27050477266311646,-0.06723323464393616,0.655818521976471,0.3016369342803955,-0.06882308423519135,0.6450329422950745,0.3299836218357086,-0.06490936875343323,0.7107969522476196,0.36610648036003113,-0.05327789857983589,0.7185844779014587,0.3065508008003235,-0.07111378014087677,0.7095465064048767,0.33191394805908203,-0.06374756991863251,0.6966327428817749,0.35724306106567383,-0.055177055299282074
0.6524044871330261,0.6342727541923523,-6.830395022916491e-07,0.5811201930046082,0.615537703037262,-0.060296785086393356,0.5160115361213684,0.5528886914253235,-0.10021417587995529,0.501525342464447,0.48556721210479736,-0.13569067418575287,0.5373185873031616,0.44705960154533386,-0.16232313215732574,0.5672354102134705,0.37865373492240906,-0.055703889578580856,0.571853518486023,0.31520548462867737,-0.11620443314313889,0.5844712853431702,0.408572256565094,-0.14651523530483246,0.589711606502533,0.4610859155654907,-0.16008801758289337,0.6385511159896851,0.36644819378852844,-0.05419090390205383,0.6471357941627502,0.2937922477722168,-0.11938139796257019,0.6504884958267212,0.41420072317123413,-0.13253794610500336,0.6458492875099182,0.4595983326435089,-0.1273527890443802,0.7019000053405762,0.37403497099876404,-0.06247842684388161,0.7146040201187134,0.31078076362609863,-0.12281475961208344,0.7080071568489075,0.4138632118701935,-0.10883583873510361,0.6955509781837463,0.45055916905403137,-0.08518041670322418,0.7575982809066772,0.3967728614807129,-0.07612954080104828,0.7711915373802185,0.35141029953956604,-0.10885043442249298,0.7567514777183533,0.41934898495674133,-0.09431912004947662,0.7385072112083435,0.4496542811393738,-0.07571493834257126
0.6548892259597778,0.625922679901123,-4.806986453331774e-07,0.5852986574172974,0.6115762591362,-0.05217461287975311,0.516400933265686,0.5537788271903992,-0.08736813068389893,0.4971579909324646,0.4832105040550232,-0.11851541697978973,0.5273277759552002,0.4493628442287445,-0.14034058153629303,0.5627058744430542,0.37437763810157776,-0.05198002606630325,0.5610297322273254,0.2940046787261963,-0.10651116073131561,0.573447585105896,0.38075000047683716,-0.12857085466384888,0.5791423320770264,0.4409281015396118,-0.13482631742954254,0.6326164603233337,0.3651081323623657,-0.05110077187418938,0.6401702165603638,0.2747478485107422,-0.10754865407943726,0.6460109353065491,0.3915913701057434,-0.11283984035253525,0.6420141458511353,0.4384540021419525,-0.10243412852287292,0.6941009759902954,0.37538474798202515,-0.059013593941926956,0.7082664966583252,0.2938464879989624,-0.11236974596977234,0.7038708925247192,0.39736640453338623,-0.09459792822599411,0.6919163465499878,0.4403698742389679,-0.06883378326892853,0.7492836117744446,0.40340304374694824,-0.0713677853345871,0.7643241286277771,0.34150218963623047,-0.1024753674864769,0.7514809966087341,0.4078722894191742,-0.08797132223844528,0.7321773171424866,0.4424704611301422,-0.06882916390895844
0.6502698063850403,0.631928563117981,-4.491036520448688e-07,0.5809186100959778,0.6177778244018555,-0.0642693042755127,0.5117149949073792,0.5612860918045044,-0.10708708316087723,0.4927304983139038,0.4889303743839264,-0.144632488489151,0.5285940170288086,0.45231571793556213,-0.17276109755039215,0.5568134188652039,0.38008150458335876,-0.060127146542072296,0.5584593415260315,0.30067694187164307,-0.1224861741065979,0.5705189108848572,0.3868139088153839,-0.1508249044418335,0.5760678648948669,0.44863197207450867,-0.16117477416992188,0.6286940574645996,0.3692648410797119,-0.05616055428981781,0.639264702796936,0.2829497158527374,-0.12191678583621979,0.6426404714584351,0.40775159001350403,-0.13104625046253204,0.6357649564743042,0.45601698756217957,-0.12167199701070786,0.6916651725769043,0.3782772719860077,-0.06273482739925385,0.7083938121795654,0.3005542755126953,-0.124018095433712,0.699529767036438,0.40739044547080994,-0.10707119107246399,0.6836212873458862,0.4520936608314514,-0.0803128182888031,0.7465960383415222,0.4040662348270416,-0.07491768896579742,0.7624797821044922,0.3473820388317108,-0.11014307290315628,0.7477608919143677,0.4159528315067291,-0.09570296853780746,0.7270581722259521,0.45038002729415894,-0.07597113400697708
0.6492772102355957,0.635073184967041,-3.66002240070884e-07,0.5807284116744995,0.6231803894042969,-0.07404891401529312,0.5128328800201416,0.5690849423408508,-0.1232479140162468,0.488891065120697,0.5002768635749817,-0.16517196595668793,0.520924985408783,0.45827555656433105,-0.19693860411643982,0.5543109774589539,0.3877595365047455,-0.07393619418144226,0.5564374327659607,0.30735838413238525,-0.14117202162742615,0.5693264603614807,0.3950980007648468,-0.16995812952518463,0.5750483870506287,0.45343175530433655,-0.17998556792736053,0.6275267601013184,0.3763728439807892,-0.06666164100170135,0.6355957388877869,0.28931814432144165,-0.1374785453081131,0.6409875154495239,0.410068541765213,-0.14820964634418488,0.6360926032066345,0.45336267352104187,-0.13965387642383575,0.6918599009513855,0.38302522897720337,-0.07049956172704697,0.7024039030075073,0.3045576214790344,-0.13566340506076813,0.6974982023239136,0.4099171757698059,-0.11818239092826843,0.6862813830375671,0.4491734206676483,-0.0909113883972168,0.7478667497634888,0.4042913317680359,-0.08061306923627853,0.7571015954017639,0.3461555540561676,-0.11709964275360107,0.7466033697128296,0.4151519536972046,-0.10194791108369827,0.7324069142341614,0.4461831748485565,-0.08181124180555344
0.6457704305648804,0.6360663175582886,-4.721049151612533e-07,0.5728330612182617,0.6205567717552185,-0.0601138100028038,0.5017768144607544,0.5582284331321716,-0.09811446070671082,0.48488306999206543,0.4790690541267395,-0.1305866837501526,0.5252487659454346,0.43981796503067017,-0.15328632295131683,0.5494558811187744,0.3820260465145111,-0.054083190858364105,0.5530487298965454,0.30660393834114075,-0.11185558885335922,0.5662953853607178,0.39678025245666504,-0.13687273859977722,0.5708731412887573,0.4501533806324005,-0.14625340700149536,0.6226035356521606,0.3704221844673157,-0.050672177225351334,0.630183219909668,0.289429247379303,-0.11169520020484924,0.6356802582740784,0.409272700548172,-0.119941845536232,0.631141185760498,0.44733691215515137,-0.11136184632778168,0.6865847706794739,0.37833401560783386,-0.0571666918694973,0.6996676921844482,0.3059527277946472,-0.11579377204179764,0.69341641664505,0.410645991563797,-0.09857435524463654,0.6808890700340271,0.4440585672855377,-0.07253177464008331,0.742965042591095,0.402426540851593,-0.06871700286865234,0.7526472210884094,0.3499487042427063,-0.10181615501642227,0.7405915856361389,0.4199069142341614,-0.08628375828266144,0.7250999212265015,0.4477243423461914,-0.06630067527294159
0.6453635096549988,0.6359215378761292,-5.246485557108826e-07,0.5753576159477234,0.6276072859764099,-0.05925982445478439,0.5050501227378845,0.5709657073020935,-0.09777852147817612,0.48524385690689087,0.49648746848106384,-0.1310017704963684,0.515228807926178,0.4502151608467102,-0.15457871556282043,0.5514979958534241,0.39033880829811096,-0.05839230492711067,0.55274897813797,0.31432273983955383,-0.11700987070798874,0.5627894997596741,0.4031381905078888,-0.14165371656417847,0.5661214590072632,0.45469075441360474,-0.15024696290493011,0.6235670447349548,0.37930411100387573,-0.0552276112139225,0.6271357536315918,0.2972705662250519,-0.11602305620908737,0.6307615637779236,0.4155530631542206,-0.12291198968887329,0.627853512763977,0.453512042760849,-0.11376786231994629,0.6871686577796936,0.3863498270511627,-0.06171582266688347,0.6962771415710449,0.30945196747779846,-0.11988447606563568,0.6900385618209839,0.4140540659427643,-0.10114683955907822,0.6801909804344177,0.45000582933425903,-0.0744122639298439,0.7436580657958984,0.4088232219219208,-0.07319673150777817,0.7525708079338074,0.3482134938240051,-0.10652927309274673,0.7403258681297302,0.4178147614002228,-0.09061673283576965,0.7263645529747009,0.4485091269016266,-0.07029810547828674
0.6490821242332458,0.6366978287696838,-5.009704864278319e-07,0.5779210925102234,0.6303682327270508,-0.05443383380770683,0.5040199160575867,0.5750267505645752,-0.09102709591388702,0.48009324073791504,0.5000332593917847,-0.12378280609846115,0.5129558444023132,0.45587244629859924,-0.14810852706432343,0.5470836758613586,0.4047715365886688,-0.05278735235333443,0.5401394367218018,0.3155338168144226,-0.11433057487010956,0.5519459247589111,0.3940161168575287,-0.14400938153266907,0.5611324310302734,0.45347437262535095,-0.15499940514564514,0.6178590059280396,0.3908223509788513,-0.05205788090825081,0.6170811653137207,0.2978662848472595,-0.114564910531044,0.623613178730011,0.4100280702114105,-0.12478049844503403,0.6235927939414978,0.4599418044090271,-0.11716708540916443,0.6810078620910645,0.3953150808811188,-0.06096405163407326,0.6867272853851318,0.31136173009872437,-0.12090644240379333,0.6813386082649231,0.4151865839958191,-0.1053110659122467,0.6706663966178894,0.4623517394065857,-0.07953478395938873,0.7388755083084106,0.4149240553379059,-0.0743950828909874,0.7461892366409302,0.3519851863384247,-0.11066491901874542,0.7337253093719482,0.42069149017333984,-0.09706228971481323,0.7173843383789062,0.4588381350040436,-0.07760746031999588
0.6492836475372314,0.649084746837616,-4.913670181849739e-07,0.5722323060035706,0.6321940422058105,-0.048973992466926575,0.5001382827758789,0.5676451921463013,-0.08126779645681381,0.48283281922340393,0.49386128783226013,-0.11055897176265717,0.5138120651245117,0.4553861916065216,-0.13222964107990265,0.5444889664649963,0.38324618339538574,-0.037140507251024246,0.5384206771850586,0.32034507393836975,-0.09266600012779236,0.5455908179283142,0.4032818675041199,-0.12292355298995972,0.554712176322937,0.448811799287796,-0.1367185115814209,0.6103494167327881,0.3689998984336853,-0.03959982469677925,0.6075853705406189,0.29418593645095825,-0.09697237610816956,0.6080522537231445,0.4003652334213257,-0.10869548469781876,0.6123069524765015,0.44441595673561096,-0.10265874862670898,0.6723307371139526,0.37566888332366943,-0.05168901011347771,0.6751517653465271,0.3158315122127533,-0.10427715629339218,0.6695135831832886,0.41007938981056213,-0.09051232784986496,0.6673039197921753,0.4477045238018036,-0.06789000332355499,0.7311545014381409,0.40061870217323303,-0.06868619471788406,0.7340929508209229,0.3569037914276123,-0.09680964797735214,0.7230179309844971,0.42264828085899353,-0.08181813359260559,0.7159470319747925,0.4522799849510193,-0.06283234059810638
0.6379390954971313,0.6677831411361694,-4.061302831814828e-07,0.5584177374839783,0.6687187552452087,-0.03637264668941498,0.4783416986465454,0.5893739461898804,-0.05494038760662079,0.45638102293014526,0.4934377372264862,-0.07407929748296738,0.49907737970352173,0.43610280752182007,-0.08493143320083618,0.5115741491317749,0.42004406452178955,-0.007036857772618532,0.4891764521598816,0.3179745078086853,-0.04757323116064072,0.48798254132270813,0.37150004506111145,-0.07091653347015381,0.5018072128295898,0.4118211567401886,-0.08095357567071915,0.5705216526985168,0.3962416350841522,-0.009072146378457546,0.554840624332428,0.27652060985565186,-0.050111331045627594,0.5449085235595703,0.34640389680862427,-0.06085049360990524,0.5552687048912048,0.3908231556415558,-0.055543430149555206,0.6287157535552979,0.3969406187534332,-0.0201780553907156,0.6202904582023621,0.28590279817581177,-0.054752252995967865,0.6039411425590515,0.3448278605937958,-0.04774130880832672,0.6069517135620117,0.3851134777069092,-0.031668923795223236,0.6904770135879517,0.41700783371925354,-0.03607025370001793,0.68580162525177,0.32895970344543457,-0.054373666644096375,0.6593143343925476,0.34825873374938965,-0.04884001985192299,0.6456516981124878,0.3736417889595032,-0.03810087591409683
0.6354604959487915,0.7084870338439941,-5.497902293427614e-07,0.558853268623352,0.7045367956161499,-0.025957953184843063,0.47589021921157837,0.6226505637168884,-0.03885398432612419,0.4549108147621155,0.5266892313957214,-0.05507170036435127,0.4916863739490509,0.4690559506416321,-0.0651535838842392,0.49807116389274597,0.4481099247932434,0.0035504731349647045,0.46941107511520386,0.33952760696411133,-0.03673970326781273,0.45713433623313904,0.3808954060077667,-0.06080542504787445,0.4642961621284485,0.4412749111652374,-0.06959126144647598,0.5544133186340332,0.4232443869113922,-0.0042696925811469555,0.5317762494087219,0.3035106360912323,-0.04182332009077072,0.5260224342346191,0.37760862708091736,-0.051033519208431244,0.5369815826416016,0.4313553273677826,-0.044587306678295135,0.6123327016830444,0.4217078983783722,-0.020508237183094025,0.5990235805511475,0.31494343280792236,-0.053691402077674866,0.5893238186836243,0.38489511609077454,-0.042880915105342865,0.5946087837219238,0.4317466616630554,-0.0248654056340456,0.6740562319755554,0.44006991386413574,-0.040730010718107224,0.6659947633743286,0.351323664188385,-0.05522071197628975,0.6524596810340881,0.39747825264930725,-0.04027380421757698,0.6520645618438721,0.43803179264068604,-0.023580331355333328
0.6415998935699463,0.7405529022216797,-4.916275315736129e-07,0.5603165626525879,0.7317730188369751,-0.02660464495420456,0.47859010100364685,0.6469252705574036,-0.04228080436587334,0.4601694643497467,0.5418785810470581,-0.062141526490449905,0.5080015063285828,0.4885239601135254,-0.07634469121694565,0.5035269260406494,0.47160035371780396,-0.0009214471210725605,0.4720956087112427,0.36389848589897156,-0.039957351982593536,0.4603608548641205,0.3946903347969055,-0.06312981992959976,0.4732585549354553,0.4579804241657257,-0.07166418433189392,0.5606850981712341,0.4471791386604309,-0.00921531580388546,0.5449630618095398,0.3160713315010071,-0.04743993654847145,0.5381515026092529,0.38672205805778503,-0.054861314594745636,0.5495022535324097,0.4514448940753937,-0.046452466398477554,0.6184138059616089,0.4475265443325043,-0.025511974468827248,0.6072790026664734,0.3296947479248047,-0.0572429858148098,0.5986682772636414,0.39217114448547363,-0.04596937075257301,0.6056818962097168,0.4494866132736206,-0.027214497327804565,0.678321123123169,0.4672049283981323,-0.04617537185549736,0.6732063293457031,0.36641696095466614,-0.06149544566869736,0.6579110026359558,0.39800208806991577,-0.0496087409555912,0.6551320552825928,0.44480082392692566,-0.03459580987691879
0.6506965756416321,0.7518600225448608,-6.233581757442153e-07,0.5665156841278076,0.7354121804237366,-0.0280411709100008,0.4846748411655426,0.6473870277404785,-0.04252498224377632,0.46714869141578674,0.5390304327011108,-0.06084650754928589,0.5218340754508972,0.49020659923553467,-0.07306213676929474,0.5095388293266296,0.47457125782966614,0.0018806398147717118,0.4788071811199188,0.3645437955856323,-0.0369066521525383,0.4807816743850708,0.42151936888694763,-0.060923583805561066,0.4992198348045349,0.4778701663017273,-0.07147885859012604,0.5661376714706421,0.4483444392681122,-0.0055787223391234875,0.5479923486709595,0.3243946433067322,-0.045884616672992706,0.5494588017463684,0.4137611985206604,-0.05535053461790085,0.5641632676124573,0.4764757752418518,-0.0484776645898819,0.6247966289520264,0.4463563859462738,-0.02124815247952938,0.6150915622711182,0.33339810371398926,-0.057331059128046036,0.6110681295394897,0.41718482971191406,-0.04793955385684967,0.619758129119873,0.47751861810684204,-0.02905423566699028,0.6866257786750793,0.46447062492370605,-0.04105079174041748,0.682614803314209,0.3663163185119629,-0.05848494917154312,0.6681259870529175,0.41490691900253296,-0.04691564664244652,0.666796088218689,0.4652196764945984,-0.031788479536771774
0.6603538393974304,0.7483632564544678,-5.96580321143847e-07,0.5714818835258484,0.7334061861038208,-0.028627241030335426,0.48897191882133484,0.6487700939178467,-0.04414011538028717,0.4705345034599304,0.5399395227432251,-0.0632200688123703,0.5170366764068604,0.48353898525238037,-0.07625601440668106,0.5136008858680725,0.4780823588371277,0.0002428987791063264,0.4839300215244293,0.3641815185546875,-0.03939245268702507,0.48611515760421753,0.41750043630599976,-0.06464127451181412,0.5052822232246399,0.47629043459892273,-0.07565735280513763,0.5690779089927673,0.450323224067688,-0.006480667274445295,0.5508478879928589,0.3233383297920227,-0.047203123569488525,0.5543791651725769,0.41057372093200684,-0.05824359133839607,0.5706359148025513,0.4767289459705353,-0.052823569625616074,0.6258414387702942,0.4453693628311157,-0.021394554525613785,0.6152359843254089,0.33030402660369873,-0.05719431862235069,0.6119175553321838,0.4095947742462158,-0.05001366510987282,0.6219400763511658,0.47271013259887695,-0.03309259191155434,0.686100959777832,0.457898885011673,-0.040339644998311996,0.6778512001037598,0.35916802287101746,-0.057899218052625656,0.6640199422836304,0.4073165953159332,-0.047674551606178284,0.6641973853111267,0.4619995355606079,-0.033752504736185074
0.6563385128974915,0.7418460845947266,-5.61341892080236e-07,0.5716087818145752,0.7183458805084229,-0.027289973571896553,0.4920370578765869,0.632303774356842,-0.04313845932483673,0.4678150713443756,0.530692458152771,-0.06302782148122787,0.5127421617507935,0.4804351329803467,-0.07678786665201187,0.5148218870162964,0.46453866362571716,0.0008500982658006251,0.48983803391456604,0.3541552424430847,-0.03919466957449913,0.4896719753742218,0.4157049059867859,-0.06446339190006256,0.5061560273170471,0.47191932797431946,-0.07593046873807907,0.5694605708122253,0.4413224458694458,-0.00731936888769269,0.5547753572463989,0.316486120223999,-0.047422755509614944,0.5532366633415222,0.4032585322856903,-0.05764562636613846,0.5661606788635254,0.46144527196884155,-0.05277705937623978,0.6259559988975525,0.439569890499115,-0.023688821122050285,0.6193761229515076,0.3235289454460144,-0.05862918496131897,0.611734926700592,0.40388721227645874,-0.050257742404937744,0.619069516658783,0.46424978971481323,-0.03352614492177963,0.6857525110244751,0.4561455249786377,-0.04411187022924423,0.6824581027030945,0.3550054728984833,-0.05918673798441887,0.6679346561431885,0.40194788575172424,-0.04742978885769844,0.6677697896957397,0.45227688550949097,-0.0334191620349884
0.6487436294555664,0.7131636142730713,-5.379938556870911e-07,0.5642440915107727,0.6830644607543945,-0.024328211322426796,0.49343764781951904,0.601274847984314,-0.04031989723443985,0.4728716015815735,0.5065321922302246,-0.06143544614315033,0.5072064399719238,0.44769859313964844,-0.07691141217947006,0.5210078358650208,0.4302871823310852,0.008591991849243641,0.4986118972301483,0.3277636170387268,-0.033085376024246216,0.48951730132102966,0.38294583559036255,-0.06110251322388649,0.49998190999031067,0.43930792808532715,-0.07340715825557709,0.5735758543014526,0.4112858474254608,-0.0013592805480584502,0.5566224455833435,0.29647570848464966,-0.043324872851371765,0.5478341579437256,0.38149818778038025,-0.05676346272230148,0.559578537940979,0.44314491748809814,-0.053049780428409576,0.6287907361984253,0.4106560945510864,-0.019731560721993446,0.617411196231842,0.30485498905181885,-0.05506967753171921,0.6063060760498047,0.38342225551605225,-0.04687311872839928,0.6152504682540894,0.44340482354164124,-0.02968374453485012,0.6870654225349426,0.4273848831653595,-0.04201975837349892,0.6792489290237427,0.3346577286720276,-0.056220363825559616,0.6625363826751709,0.38344335556030273,-0.042720504105091095,0.6632463932037354,0.43299537897109985,-0.026781395077705383
0.6682904362678528,0.6865593194961548,-8.36268327475409e-07,0.587449848651886,0.6553335189819336,-0.04993448033928871,0.5181072950363159,0.5779866576194763,-0.08355202525854111,0.50345778465271,0.5099174380302429,-0.1156952977180481,0.5481454133987427,0.4809376895427704,-0.14103731513023376,0.5701429843902588,0.4368025064468384,-0.047153230756521225,0.5691379308700562,0.3682299256324768,-0.10482614487409592,0.5842330455780029,0.46748942136764526,-0.13279201090335846,0.5925422310829163,0.5171089172363281,-0.14564430713653564,0.645169198513031,0.4291476905345917,-0.050135668367147446,0.6473250985145569,0.36794033646583557,-0.11337529867887497,0.6482886672019958,0.4892217218875885,-0.12484553456306458,0.6433461904525757,0.5311471223831177,-0.11943919956684113,0.7129650115966797,0.4382915794849396,-0.06189803406596184,0.7197046875953674,0.3889322578907013,-0.12129868566989899,0.7103495001792908,0.4982675611972809,-0.10641785711050034,0.6978552937507629,0.5331096649169922,-0.08278695493936539,0.7719039916992188,0.46089309453964233,-0.07804392278194427,0.7806768417358398,0.4275704622268677,-0.10675600916147232,0.7651870250701904,0.503987193107605,-0.0883760079741478,0.7513594627380371,0.534275472164154,-0.06833463907241821
0.6713756322860718,0.6752403378486633,-5.406753871284309e-07,0.5982645750045776,0.6536415815353394,-0.05782480537891388,0.5268230438232422,0.5875263214111328,-0.09559381008148193,0.5103017687797546,0.5094507932662964,-0.1284092664718628,0.5516247153282166,0.4702860713005066,-0.15192683041095734,0.5739865303039551,0.4262015223503113,-0.05833038315176964,0.5701166987419128,0.3625639081001282,-0.11862853169441223,0.5850884914398193,0.4576113224029541,-0.144853413105011,0.5926225781440735,0.5024697780609131,-0.1554466336965561,0.6478253602981567,0.4204240143299103,-0.056793857365846634,0.6497114896774292,0.3583452105522156,-0.12167982757091522,0.6532841920852661,0.4814580976963043,-0.13006038963794708,0.6477617025375366,0.5157162547111511,-0.1222834661602974,0.7139331102371216,0.43091851472854614,-0.06470415741205215,0.7223586440086365,0.3732772469520569,-0.12916430830955505,0.7124226689338684,0.4866906702518463,-0.11105313897132874,0.696234941482544,0.5217122435569763,-0.08409571647644043,0.7715083360671997,0.4544292390346527,-0.07724155485630035,0.7814538478851318,0.4140458106994629,-0.11580406874418259,0.7643447518348694,0.4897948205471039,-0.10067034512758255,0.7434090375900269,0.5191159248352051,-0.08047889918088913
0.6681270003318787,0.673519492149353,-4.824621555599151e-07,0.5971259474754333,0.652861475944519,-0.06482572108507156,0.5253656506538391,0.5874860286712646,-0.1051674410700798,0.5087388753890991,0.5079069137573242,-0.13914774358272552,0.5525507926940918,0.46138331294059753,-0.16393351554870605,0.5630850195884705,0.41782262921333313,-0.059691816568374634,0.566741943359375,0.36209481954574585,-0.12169136106967926,0.5814867615699768,0.457830548286438,-0.15019921958446503,0.586402952671051,0.5015016198158264,-0.16226650774478912,0.6393124461174011,0.4061243236064911,-0.05509614199399948,0.6449718475341797,0.3538115620613098,-0.1217559427022934,0.6485986709594727,0.4786509573459625,-0.1322835087776184,0.64230877161026,0.514218270778656,-0.12510155141353607,0.707444429397583,0.41447728872299194,-0.060833100229501724,0.7165341377258301,0.373307466506958,-0.1274441033601761,0.7075330018997192,0.48721805214881897,-0.11206398159265518,0.6913241147994995,0.5219281315803528,-0.08613046258687973,0.766319751739502,0.4370729327201843,-0.07163354009389877,0.7749918699264526,0.41438841819763184,-0.11110562086105347,0.75844806432724,0.4929599165916443,-0.09703586995601654,0.7375578880310059,0.5218061804771423,-0.07702306658029556
0.6552581191062927,0.6676819324493408,-5.613674716187234e-07,0.5894663333892822,0.6501232981681824,-0.055993132293224335,0.5205271244049072,0.5904831886291504,-0.09158232063055038,0.4979698359966278,0.5178957581520081,-0.12271631509065628,0.529845654964447,0.4688948690891266,-0.14498896896839142,0.5584712028503418,0.42232581973075867,-0.048464953899383545,0.5532804131507874,0.35483068227767944,-0.10643409937620163,0.565098226070404,0.4479740262031555,-0.13377000391483307,0.5737528204917908,0.4998808801174164,-0.1443059742450714,0.6310699582099915,0.41138026118278503,-0.04601523280143738,0.6311307549476624,0.3482416868209839,-0.1061951145529747,0.632885217666626,0.47167038917541504,-0.11472570151090622,0.6313511729240417,0.5122755169868469,-0.10659027099609375,0.6965857744216919,0.4217489957809448,-0.0534348338842392,0.7053273916244507,0.3602980673313141,-0.11430197954177856,0.6953548192977905,0.4732787013053894,-0.09818616509437561,0.683806836605072,0.5143933296203613,-0.0720411166548729,0.7561208605766296,0.4476918876171112,-0.06525672227144241,0.7654281854629517,0.4056028127670288,-0.10289391130208969,0.7472028136253357,0.48140189051628113,-0.08917363733053207,0.726882815361023,0.5170241594314575,-0.06920784711837769
0.6575172543525696,0.6658786535263062,-5.526896416085947e-07,0.5867677927017212,0.6431135535240173,-0.05667837709188461,0.5165011286735535,0.5748266577720642,-0.09219595789909363,0.5001993775367737,0.49555349349975586,-0.12341553717851639,0.5428245067596436,0.45047950744628906,-0.14567017555236816,0.5545586347579956,0.4158437252044678,-0.04741166532039642,0.5504588484764099,0.35197028517723083,-0.10780565440654755,0.5627570152282715,0.44672006368637085,-0.13600292801856995,0.5698390603065491,0.49304354190826416,-0.1471671760082245,0.6277652978897095,0.4071762263774872,-0.045276571065187454,0.6266355514526367,0.34838753938674927,-0.10871610790491104,0.6295688152313232,0.4719725549221039,-0.11789309233427048,0.6274319887161255,0.5069761872291565,-0.10970412194728851,0.6941572427749634,0.4153669476509094,-0.05338439345359802,0.6993465423583984,0.36103522777557373,-0.11746875941753387,0.6899667382240295,0.47790834307670593,-0.09986931085586548,0.6779869794845581,0.5148252248764038,-0.0719674602150917,0.7535347938537598,0.436706006526947,-0.06606399267911911,0.758450448513031,0.3988136351108551,-0.10364639014005661,0.7422804832458496,0.47807610034942627,-0.08744242042303085,0.7252979278564453,0.5095998644828796,-0.06558775156736374
0.6520376205444336,0.6619485020637512,-5.566972163251194e-07,0.5818683505058289,0.6429088711738586,-0.056046538054943085,0.5122576951980591,0.5779370665550232,-0.09034919738769531,0.492618203163147,0.5017396807670593,-0.1199060007929802,0.5313020944595337,0.4630286991596222,-0.14033469557762146,0.5492527484893799,0.4203484356403351,-0.04636174812912941,0.5454065799713135,0.360181987285614,-0.10274019837379456,0.5612832307815552,0.4564453363418579,-0.1288738250732422,0.5692800879478455,0.49724912643432617,-0.13998332619667053,0.6203561425209045,0.4111495614051819,-0.04418405517935753,0.6216936111450195,0.35415613651275635,-0.10414987057447433,0.6264424920082092,0.47552239894866943,-0.11273768544197083,0.622475266456604,0.5048408508300781,-0.10526874661445618,0.6852918863296509,0.4196714758872986,-0.051853857934474945,0.6929566264152527,0.366574764251709,-0.11168226599693298,0.6852980256080627,0.4775078594684601,-0.09456893801689148,0.6727110147476196,0.5064185261726379,-0.06864623725414276,0.7442257404327393,0.44174686074256897,-0.06420786678791046,0.7519506216049194,0.40418729186058044,-0.09892556816339493,0.7382723093032837,0.48059824109077454,-0.08309224992990494,0.7211517691612244,0.508594274520874,-0.06270609050989151
0.6497995257377625,0.6692566871643066,-5.964374167888309e-07,0.5799137353897095,0.6477992534637451,-0.05149369686841965,0.5102728605270386,0.5831527709960938,-0.08370959758758545,0.4888080358505249,0.5069090127944946,-0.11227580159902573,0.5230423808097839,0.46027877926826477,-0.1325160562992096,0.5458165407180786,0.4288288652896881,-0.04637473076581955,0.5407133102416992,0.3580418527126312,-0.10247164964675903,0.5524434447288513,0.4517613351345062,-0.1286231130361557,0.5588229894638062,0.5007430911064148,-0.13904227316379547,0.6178799271583557,0.41926640272140503,-0.04551565647125244,0.6158537864685059,0.3570346236228943,-0.10345815867185593,0.617682158946991,0.4762863516807556,-0.11204873770475388,0.614956259727478,0.5110651850700378,-0.10522352904081345,0.6841536164283752,0.428144633769989,-0.05371920391917229,0.6891505122184753,0.3663507401943207,-0.11331316083669662,0.6789100170135498,0.47934821248054504,-0.09648875892162323,0.6670321226119995,0.5180037617683411,-0.07071381062269211,0.7439393997192383,0.4509930908679962,-0.06582363694906235,0.7502976059913635,0.40596139430999756,-0.10246280580759048,0.7326557636260986,0.4825117290019989,-0.08683554083108902,0.7140562534332275,0.517734169960022,-0.06593826413154602
0.6482170820236206,0.6728658676147461,-6.025429684086703e-07,0.5747001767158508,0.6546152830123901,-0.04625319316983223,0.5042524933815002,0.5885524153709412,-0.07683905214071274,0.482635498046875,0.5140742063522339,-0.1042826846241951,0.5118388533592224,0.46793869137763977,-0.12367560714483261,0.5421468615531921,0.4321272075176239,-0.04249555617570877,0.5357767939567566,0.36790621280670166,-0.09510812908411026,0.5487954616546631,0.46020621061325073,-0.11987070739269257,0.5569173693656921,0.504813551902771,-0.13010859489440918,0.611865758895874,0.42233163118362427,-0.044279471039772034,0.6097843050956726,0.3586009740829468,-0.09854267537593842,0.6130068898200989,0.4731420576572418,-0.10613301396369934,0.6124066114425659,0.511150598526001,-0.09920910000801086,0.6770194172859192,0.4298411011695862,-0.05445867404341698,0.6828893423080444,0.3698905408382416,-0.10849137604236603,0.6751538515090942,0.4770742952823639,-0.09078580141067505,0.6655701994895935,0.5166745185852051,-0.06608282774686813,0.7366824150085449,0.4515993595123291,-0.06848751753568649,0.7437513470649719,0.41030919551849365,-0.10068561881780624,0.7288844585418701,0.4853554368019104,-0.08439607173204422,0.7141839265823364,0.5195494890213013,-0.06421608477830887
0.6145492792129517,0.6627150774002075,1.2764056123160117e-07,0.5322604775428772,0.6296525001525879,-0.02374374121427536,0.4683661162853241,0.5428518056869507,-0.032131295651197433,0.45680421590805054,0.44957852363586426,-0.041373759508132935,0.5016145706176758,0.4120033383369446,-0.04791251942515373,0.5157971382141113,0.4044119715690613,0.015747934579849243,0.5026411414146423,0.3332229256629944,0.00221043499186635,0.4948103725910187,0.3093506693840027,-0.015566600486636162,0.49162718653678894,0.29067254066467285,-0.029377102851867676,0.5702288150787354,0.3884788751602173,0.012983453460037708,0.5630908012390137,0.3099820017814636,0.0012574149295687675,0.5512791872024536,0.29222381114959717,-0.012004496529698372,0.5421873331069946,0.28006500005722046,-0.01987205445766449,0.6229026913642883,0.3916515111923218,0.003623977303504944,0.6217706799507141,0.31841546297073364,-0.009595967829227448,0.6058959364891052,0.3041538596153259,-0.011751078069210052,0.5922417044639587,0.29703420400619507,-0.010843334719538689,0.6781452298164368,0.41089755296707153,-0.009872323833405972,0.6761778593063354,0.3380541205406189,-0.018281802535057068,0.6586430072784424,0.3259342908859253,-0.014788148924708366,0.6402353644371033,0.324844092130661,-0.010570933111011982
0.6090366840362549,0.6377426981925964,-3.763708775750274e-07,0.5392504930496216,0.628280520439148,-0.03041774407029152,0.47140809893608093,0.5501622557640076,-0.046735771000385284,0.45352089405059814,0.45637500286102295,-0.06492926925420761,0.49472618103027344,0.4020599126815796,-0.07637915760278702,0.49865609407424927,0.3857508897781372,-0.0013029793044552207,0.4856048822402954,0.2882961630821228,-0.038737278431653976,0.4862928092479706,0.33348655700683594,-0.061541598290205,0.4935632050037384,0.39171695709228516,-0.07023441046476364,0.553943932056427,0.3669508695602417,-0.005282176658511162,0.5474309325218201,0.26018643379211426,-0.041385237127542496,0.5459700226783752,0.3347718119621277,-0.051295578479766846,0.550827145576477,0.39339855313301086,-0.04606704041361809,0.6091771125793457,0.3696887195110321,-0.017343102023005486,0.6078523397445679,0.2720576524734497,-0.05014519393444061,0.5999279022216797,0.3412967324256897,-0.04237302020192146,0.6004276871681213,0.3951721489429474,-0.025823915377259254,0.6653160452842712,0.3901865482330322,-0.033221036195755005,0.6665806174278259,0.3048921823501587,-0.050364479422569275,0.6519676446914673,0.3422233760356903,-0.0403277724981308,0.6447502374649048,0.3849547505378723,-0.026084568351507187
0.6055505871772766,0.6492012739181519,-5.439345613922342e-07,0.5297914147377014,0.6271740198135376,-0.025678280740976334,0.4638898968696594,0.539844810962677,-0.040700074285268784,0.45629215240478516,0.4431692063808441,-0.059314507991075516,0.5031271576881409,0.40270185470581055,-0.07203562557697296,0.49910837411880493,0.37967830896377563,0.0012331815669313073,0.48499274253845215,0.28492826223373413,-0.038199733942747116,0.49193164706230164,0.3432619273662567,-0.063695028424263,0.506065845489502,0.40751126408576965,-0.07421447336673737,0.5552086234092712,0.3630247712135315,-0.0061088972724974155,0.5496214628219604,0.25234782695770264,-0.045828886330127716,0.5500857830047607,0.33748531341552734,-0.05643302574753761,0.5550011396408081,0.4054063856601715,-0.05066831782460213,0.6099371910095215,0.36738622188568115,-0.021274814382195473,0.6097986102104187,0.2697126865386963,-0.05619011074304581,0.6028711795806885,0.3501085340976715,-0.047814011573791504,0.6023051142692566,0.41417160630226135,-0.029663212597370148,0.6659334301948547,0.38972917199134827,-0.04017309099435806,0.6688174605369568,0.30294108390808105,-0.05684792250394821,0.6537288427352905,0.3430018424987793,-0.04590066894888878,0.6447009444236755,0.3886679410934448,-0.03100578859448433
0.6155797243118286,0.6563733220100403,-4.6592592184424575e-07,0.5362350344657898,0.6340771913528442,-0.027604006230831146,0.46824386715888977,0.5526865720748901,-0.04476898908615112,0.4501422941684723,0.45723089575767517,-0.06489109247922897,0.4899848997592926,0.40417227149009705,-0.0787157267332077,0.49933841824531555,0.38923370838165283,0.0001229298795806244,0.48183441162109375,0.2839179039001465,-0.037481144070625305,0.4836164116859436,0.3294096291065216,-0.062266699969768524,0.49741697311401367,0.385793000459671,-0.07311311364173889,0.5546477437019348,0.37084418535232544,-0.006250446196645498,0.5488295555114746,0.252674400806427,-0.041318412870168686,0.5484129190444946,0.32319629192352295,-0.05139300599694252,0.555607795715332,0.37990468740463257,-0.04776892438530922,0.6085190773010254,0.3732459545135498,-0.02043192647397518,0.6070436835289001,0.26761388778686523,-0.049891628324985504,0.6031922698020935,0.3320680558681488,-0.04041539505124092,0.6069707870483398,0.38547664880752563,-0.024738255888223648,0.6629260182380676,0.3928813934326172,-0.03882644698023796,0.6639549732208252,0.3020979166030884,-0.05227044224739075,0.6527559161186218,0.34030312299728394,-0.03982917591929436,0.6490018367767334,0.3850162625312805,-0.02555394358932972
0.6157078742980957,0.6584557294845581,-5.199145221013168e-07,0.5345056653022766,0.6351243853569031,-0.028043480589985847,0.4676729440689087,0.5499770045280457,-0.044092632830142975,0.4503072202205658,0.45170313119888306,-0.06318457424640656,0.48954740166664124,0.40396648645401,-0.07592730224132538,0.5024715065956116,0.39614570140838623,-0.0018967794021591544,0.4853958487510681,0.2851752042770386,-0.04080844298005104,0.4898776412010193,0.3375779986381531,-0.06648504734039307,0.503560483455658,0.3989967107772827,-0.07784052938222885,0.5564552545547485,0.3746810257434845,-0.007514407392591238,0.546940803527832,0.25168389081954956,-0.04495205357670784,0.5489376783370972,0.32586342096328735,-0.05643288046121597,0.5574503540992737,0.3891235888004303,-0.0534716434776783,0.6089755296707153,0.37508267164230347,-0.02094035968184471,0.6052985787391663,0.2648499608039856,-0.052524469792842865,0.6016886234283447,0.3303982615470886,-0.04519789293408394,0.6065413951873779,0.3895476758480072,-0.030213771387934685,0.6641161441802979,0.39245909452438354,-0.03852792829275131,0.6667736768722534,0.29911619424819946,-0.05332310125231743,0.6539122462272644,0.33257198333740234,-0.04379884898662567,0.648371160030365,0.37823808193206787,-0.03149433061480522
0.6081433892250061,0.6552005410194397,-5.144615897734184e-07,0.5310859084129333,0.6259454488754272,-0.022490454837679863,0.46631646156311035,0.5364747643470764,-0.03553333505988121,0.4543701708316803,0.4407428205013275,-0.05298810452222824,0.49423399567604065,0.4030798375606537,-0.0652754008769989,0.49773645401000977,0.3804349899291992,0.004210330545902252,0.4823058843612671,0.27884191274642944,-0.031707096844911575,0.48263993859291077,0.33157894015312195,-0.056081656366586685,0.4953169524669647,0.39083611965179443,-0.06704430282115936,0.5516347289085388,0.3638671934604645,-0.004532140679657459,0.5447232127189636,0.24557408690452576,-0.040107958018779755,0.5399478077888489,0.31786882877349854,-0.0518772155046463,0.5471599102020264,0.38084834814071655,-0.04891359061002731,0.6050071120262146,0.3694041967391968,-0.020549073815345764,0.6022483110427856,0.2650792896747589,-0.051258254796266556,0.5918464064598083,0.33003345131874084,-0.046583160758018494,0.5943247079849243,0.3892260193824768,-0.03318805620074272,0.6603596806526184,0.391655832529068,-0.04006770998239517,0.6592468619346619,0.2986461818218231,-0.05353707820177078,0.6432225704193115,0.3316701352596283,-0.04415515437722206,0.6382563710212708,0.377925843000412,-0.032061610370874405
0.6229503750801086,0.6585483551025391,-3.0556896035704995e-07,0.5363581776618958,0.6266497373580933,-0.022534701973199844,0.47411125898361206,0.544282078742981,-0.038137298077344894,0.46118009090423584,0.4654674530029297,-0.05622212216258049,0.47298818826675415,0.40942493081092834,-0.07138286530971527,0.5104631185531616,0.3934704065322876,-0.0019492730498313904,0.4974672794342041,0.3015573024749756,-0.03796813264489174,0.48564082384109497,0.3126390874385834,-0.06806876510381699,0.48093244433403015,0.3449423611164093,-0.08475952595472336,0.5638132691383362,0.3769158124923706,-0.01145141664892435,0.5551812052726746,0.27778512239456177,-0.04176568612456322,0.5437739491462708,0.29456576704978943,-0.061378274112939835,0.5356439352035522,0.32397404313087463,-0.07033667713403702,0.6159263849258423,0.3811269998550415,-0.0275726281106472,0.6108994483947754,0.29258623719215393,-0.053695302456617355,0.597567617893219,0.31060591340065,-0.05436675623059273,0.5865442752838135,0.33657771348953247,-0.051309745758771896,0.6697487235069275,0.4044229984283447,-0.04712909832596779,0.6597510576248169,0.3407410681247711,-0.06162559986114502,0.6470253467559814,0.3590714633464813,-0.053557511419057846,0.6367678642272949,0.385425329208374,-0.04518740996718407
0.6448500156402588,0.6886319518089294,-7.802685217939143e-07,0.5735965967178345,0.6671547889709473,-0.06314467638731003,0.5054281949996948,0.6036704778671265,-0.10283539444208145,0.4884311556816101,0.5279458165168762,-0.1372530609369278,0.5299833416938782,0.4772662818431854,-0.16165758669376373,0.5393438339233398,0.4398314654827118,-0.05802879109978676,0.5377110242843628,0.37630295753479004,-0.11702645570039749,0.5540453195571899,0.47288352251052856,-0.1411055624485016,0.5607991218566895,0.5134787559509277,-0.1510034054517746,0.6089189052581787,0.4262496531009674,-0.05418242886662483,0.6109565496444702,0.3713432848453522,-0.12008967995643616,0.6167465448379517,0.49570590257644653,-0.12863540649414062,0.6125911474227905,0.5255971550941467,-0.12053589522838593,0.6734451055526733,0.4333615303039551,-0.06036834046244621,0.6820224523544312,0.38313835859298706,-0.1263931542634964,0.6748976707458496,0.49620503187179565,-0.11064676940441132,0.6623754501342773,0.5256965160369873,-0.08482330292463303,0.7314154505729675,0.45514434576034546,-0.07156061381101608,0.7415643334388733,0.416936993598938,-0.10982844233512878,0.725399374961853,0.49346598982810974,-0.09594577550888062,0.706079363822937,0.523734986782074,-0.07671131193637848
0.64633709192276,0.6715719699859619,-5.464642072183779e-07,0.5757673382759094,0.6543385982513428,-0.04617990553379059,0.5088164806365967,0.5968074202537537,-0.07580860704183578,0.49145790934562683,0.5253292322158813,-0.10247845947742462,0.5196670293807983,0.4798264503479004,-0.1213977262377739,0.5438610911369324,0.43796175718307495,-0.03756816312670708,0.5367857217788696,0.37281060218811035,-0.08750433474779129,0.5525118112564087,0.4562908709049225,-0.11233948916196823,0.5626484155654907,0.5062661170959473,-0.12226104736328125,0.6116209626197815,0.4251236319541931,-0.03752130642533302,0.6090924739837646,0.3613954782485962,-0.0889076516032219,0.6150050163269043,0.47521844506263733,-0.0972023755311966,0.6131504774093628,0.518259584903717,-0.09078102558851242,0.6741418242454529,0.4318678081035614,-0.045888300985097885,0.6799185276031494,0.3652518093585968,-0.09824281930923462,0.6725811958312988,0.4715396761894226,-0.0831952691078186,0.6609253287315369,0.5170449018478394,-0.05964642018079758,0.7314053773880005,0.45505955815315247,-0.05784687399864197,0.7387523651123047,0.40552809834480286,-0.09032444655895233,0.7228328585624695,0.47578325867652893,-0.07619663327932358,0.7039973139762878,0.5126965045928955,-0.05688917636871338
0.6394233107566833,0.6596134901046753,-5.004151262255618e-07,0.5736234784126282,0.6433326005935669,-0.05409785732626915,0.5057960152626038,0.5905629992485046,-0.08789969980716705,0.4853145480155945,0.5174110531806946,-0.11703480780124664,0.5153664350509644,0.46146270632743835,-0.13707824051380157,0.5310837030410767,0.4273983836174011,-0.044922422617673874,0.5262923240661621,0.358484148979187,-0.1000560000538826,0.5418720245361328,0.4471840262413025,-0.1250845342874527,0.5496751070022583,0.4990469515323639,-0.13407349586486816,0.5991860628128052,0.41241300106048584,-0.042201586067676544,0.5965098142623901,0.3468156158924103,-0.09971419721841812,0.6046551465988159,0.466839075088501,-0.1080230250954628,0.6035028100013733,0.5053384900093079,-0.09989921748638153,0.6627591252326965,0.41738927364349365,-0.04893629997968674,0.6688364148139954,0.3539770543575287,-0.10691466182470322,0.6645538806915283,0.4658053517341614,-0.09026144444942474,0.6541125178337097,0.5046038031578064,-0.0643731951713562,0.721625030040741,0.43879950046539307,-0.05988205969333649,0.7272950410842896,0.39540767669677734,-0.09593300521373749,0.7130246162414551,0.47093164920806885,-0.08140406757593155,0.6949754357337952,0.5053273439407349,-0.061031490564346313
0.6462500691413879,0.6667309999465942,-6.228317488421453e-07,0.5730447173118591,0.6533990502357483,-0.04340657964348793,0.5020113587379456,0.5890494585037231,-0.06950438022613525,0.4860536456108093,0.5073479413986206,-0.0928279235959053,0.5182619690895081,0.45557960867881775,-0.10843878239393234,0.5313968658447266,0.438664048910141,-0.034617967903614044,0.526321530342102,0.373916357755661,-0.08493751287460327,0.5398181676864624,0.4607584774494171,-0.10870640724897385,0.5479021668434143,0.5076097249984741,-0.11819811165332794,0.5985792279243469,0.42493611574172974,-0.03601635619997978,0.5958588719367981,0.36382851004600525,-0.08773040771484375,0.6009712815284729,0.4778585731983185,-0.09455592185258865,0.6005081534385681,0.514715850353241,-0.08721993863582611,0.6622379422187805,0.42906492948532104,-0.0459570474922657,0.664888322353363,0.36788952350616455,-0.09902547299861908,0.6584975123405457,0.4743593633174896,-0.08263803273439407,0.6492401957511902,0.5118289589881897,-0.05861043557524681,0.7220181226730347,0.4477326571941376,-0.059355754405260086,0.7241413593292236,0.40157872438430786,-0.09183365106582642,0.7089401483535767,0.47637468576431274,-0.07647949457168579,0.6934415698051453,0.5105887055397034,-0.056753452867269516
0.638014018535614,0.6594504714012146,-5.318256626196671e-07,0.5698578357696533,0.6469173431396484,-0.04828481003642082,0.50105881690979,0.5907688736915588,-0.07713335007429123,0.4808112382888794,0.5183841586112976,-0.10251913964748383,0.5134062767028809,0.47210878133773804,-0.12001834064722061,0.5265399217605591,0.4311096966266632,-0.034521035850048065,0.519763708114624,0.36745548248291016,-0.08539513498544693,0.5357688665390015,0.4503730535507202,-0.11024916917085648,0.5456943511962891,0.5019720792770386,-0.1197919249534607,0.5939759016036987,0.4141524136066437,-0.03328146040439606,0.5895653367042542,0.3551445007324219,-0.08669565618038177,0.5982682108879089,0.47162699699401855,-0.09476089477539062,0.5994595885276794,0.5120853185653687,-0.08660415560007095,0.6577578783035278,0.41874614357948303,-0.04119378328323364,0.6596073508262634,0.3627247214317322,-0.09492302685976028,0.6561844348907471,0.4691907465457916,-0.08025168627500534,0.6484835147857666,0.5080549120903015,-0.05581110715866089,0.7178088426589966,0.4393653869628906,-0.052929021418094635,0.7185123562812805,0.3975706696510315,-0.08449600636959076,0.7055516839027405,0.4675169587135315,-0.07017359137535095,0.691444456577301,0.49897390604019165,-0.0504474937915802
0.6405757665634155,0.6626827716827393,-5.889908720746462e-07,0.5709728598594666,0.652395486831665,-0.0463019423186779,0.49861615896224976,0.5949904918670654,-0.07364288717508316,0.47588062286376953,0.516717791557312,-0.09742392599582672,0.5085756182670593,0.4667568802833557,-0.11251769959926605,0.527186393737793,0.43526512384414673,-0.035365067422389984,0.5218984484672546,0.36719414591789246,-0.08417203277349472,0.536486804485321,0.4551801085472107,-0.10549476742744446,0.5455374717712402,0.5014796853065491,-0.11328360438346863,0.594547688961029,0.42133381962776184,-0.0349031463265419,0.5919639468193054,0.35391589999198914,-0.08691555261611938,0.599269449710846,0.4725983142852783,-0.0919884443283081,0.601570188999176,0.5110264420509338,-0.08217201381921768,0.6575005054473877,0.42572149634361267,-0.043306510895490646,0.661719024181366,0.36297768354415894,-0.0959225744009018,0.6561009883880615,0.4698176383972168,-0.07895824313163757,0.6487413644790649,0.508400559425354,-0.053390271961688995,0.716573178768158,0.44487178325653076,-0.05540914461016655,0.7176005840301514,0.39691072702407837,-0.08621639013290405,0.7042809724807739,0.46844586730003357,-0.07115751504898071,0.6916459202766418,0.5013648867607117,-0.051335521042346954
0.637591540813446,0.6599186062812805,-4.6169191136868903e-07,0.5666179656982422,0.6536546945571899,-0.05441264435648918,0.49979203939437866,0.5964118242263794,-0.08873570710420609,0.48479530215263367,0.5283395051956177,-0.11789926141500473,0.5071699619293213,0.47802555561065674,-0.13848727941513062,0.5247836112976074,0.42359471321105957,-0.045430708676576614,0.5147242546081543,0.36488571763038635,-0.10192561149597168,0.5283568501472473,0.45033371448516846,-0.13043898344039917,0.5395001173019409,0.49142026901245117,-0.1420963704586029,0.5891755223274231,0.40628230571746826,-0.043125443160533905,0.5852921605110168,0.3435744643211365,-0.0987681970000267,0.592505693435669,0.4514012336730957,-0.10710692405700684,0.5960447788238525,0.48735588788986206,-0.09944949299097061,0.6495736241340637,0.4090195894241333,-0.05076758563518524,0.6514163017272949,0.3573552370071411,-0.10197438299655914,0.65088951587677,0.45191872119903564,-0.08571674674749374,0.649146556854248,0.4838307499885559,-0.062248945236206055,0.7071053981781006,0.42668402194976807,-0.06347177177667618,0.7046819925308228,0.39023739099502563,-0.09036672860383987,0.6972549557685852,0.4574807584285736,-0.0743606835603714,0.6915394067764282,0.48511195182800293,-0.054999250918626785
0.6008829474449158,0.6446809768676758,-2.920249357885041e-07,0.5394622683525085,0.643052875995636,-0.04322237893939018,0.47292330861091614,0.568793535232544,-0.06503000110387802,0.4514097273349762,0.4872261881828308,-0.08434230089187622,0.4775164723396301,0.436102956533432,-0.0958201214671135,0.5025485754013062,0.4001500606536865,-0.01939794234931469,0.48991847038269043,0.3195226788520813,-0.06365826725959778,0.49589478969573975,0.37890124320983887,-0.08922780305147171,0.5057806372642517,0.4197191298007965,-0.10022995620965958,0.5581916570663452,0.382822185754776,-0.018962711095809937,0.5538068413734436,0.2931651771068573,-0.06172308325767517,0.5541948080062866,0.36989474296569824,-0.07238484174013138,0.5583438277244568,0.40739861130714417,-0.06810276210308075,0.6124958395957947,0.388332337141037,-0.027803292497992516,0.6171109676361084,0.30354857444763184,-0.06695082783699036,0.6113088726997375,0.3741913139820099,-0.05768642574548721,0.6099474430084229,0.4087281823158264,-0.04064400866627693,0.6677107810974121,0.41140514612197876,-0.04141594469547272,0.6722846627235413,0.34455162286758423,-0.06392529606819153,0.6606478691101074,0.38905301690101624,-0.05440190061926842,0.6532581448554993,0.4197019338607788,-0.040442414581775665
0.5971835255622864,0.6545530557632446,-4.809460278920596e-07,0.5317152142524719,0.6404170989990234,-0.02886330895125866,0.4679534137248993,0.561359703540802,-0.0441194549202919,0.4470115602016449,0.47719091176986694,-0.06158547103404999,0.4770398437976837,0.4308413863182068,-0.07213841378688812,0.49634984135627747,0.40253937244415283,-0.0018195748561993241,0.4807473421096802,0.31119072437286377,-0.038676001131534576,0.4828490614891052,0.3669635057449341,-0.060622941702604294,0.49563634395599365,0.416215717792511,-0.0696101263165474,0.550474226474762,0.3862360417842865,-0.0063890088349580765,0.5417942404747009,0.2821473479270935,-0.0439726822078228,0.5377082228660583,0.36060845851898193,-0.052743177860975266,0.544677734375,0.4110615849494934,-0.046841349452733994,0.6042190194129944,0.3905903100967407,-0.018958698958158493,0.6036554574966431,0.2904200553894043,-0.05169757828116417,0.5926116704940796,0.3587329089641571,-0.04284044727683067,0.5931594371795654,0.407548725605011,-0.025960326194763184,0.6579757928848267,0.41380414366722107,-0.0355021208524704,0.6632829904556274,0.33058661222457886,-0.052109476178884506,0.6428195834159851,0.36165034770965576,-0.043496664613485336,0.631472647190094,0.39594340324401855,-0.030836334452033043
0.6046790480613708,0.6497197151184082,-4.7117575263655453e-07,0.5333014130592346,0.6331771016120911,-0.020794151350855827,0.4651026725769043,0.5543896555900574,-0.03036445751786232,0.4448879361152649,0.46880683302879333,-0.04405241459608078,0.47635048627853394,0.4268001317977905,-0.05245983228087425,0.4924992620944977,0.40499112010002136,0.010459034703671932,0.46889469027519226,0.3095536530017853,-0.02036767080426216,0.4607946574687958,0.35098379850387573,-0.04041944444179535,0.4735245108604431,0.39889460802078247,-0.04913715645670891,0.5414198637008667,0.38572385907173157,0.0031420367304235697,0.5253750085830688,0.2751867175102234,-0.029491709545254707,0.5154157280921936,0.33571523427963257,-0.039882976561784744,0.5260862708091736,0.38681721687316895,-0.036263544112443924,0.5912331342697144,0.3841738700866699,-0.01133010908961296,0.5798367857933044,0.2846144139766693,-0.03937342390418053,0.568524181842804,0.34048110246658325,-0.03371283784508705,0.5765811800956726,0.38712912797927856,-0.020482147112488747,0.6437320709228516,0.39733415842056274,-0.029273705556988716,0.6368845105171204,0.3123716115951538,-0.0411442331969738,0.6210911273956299,0.3450154662132263,-0.03170519694685936,0.6212850213050842,0.3840539753437042,-0.02007199078798294
0.6106694936752319,0.6476929187774658,-5.068290533927211e-07,0.5321205258369446,0.6303428411483765,-0.020216643810272217,0.4608979821205139,0.5501719117164612,-0.029634760692715645,0.4460289180278778,0.4507710933685303,-0.043563563376665115,0.49435144662857056,0.41303181648254395,-0.052236296236515045,0.4915633797645569,0.40326353907585144,0.012096787802875042,0.4694724977016449,0.3066818118095398,-0.018143292516469955,0.4652032256126404,0.3524799346923828,-0.03817468881607056,0.47981640696525574,0.4033333361148834,-0.04661544784903526,0.5390114188194275,0.3813096582889557,0.006252629216760397,0.5231003761291504,0.2759382724761963,-0.02581154555082321,0.5136485695838928,0.33998531103134155,-0.03599698469042778,0.5248075723648071,0.3994945287704468,-0.031471382826566696,0.5872635245323181,0.37570542097091675,-0.006786572281271219,0.5738051533699036,0.2881588339805603,-0.03313354775309563,0.5604268908500671,0.346778929233551,-0.03035941906273365,0.5677446722984314,0.4017763137817383,-0.017966240644454956,0.6397980451583862,0.3836379647254944,-0.023319439962506294,0.6286934018135071,0.3025549054145813,-0.03245408087968826,0.6105428338050842,0.33118873834609985,-0.02545980177819729,0.6096254587173462,0.37320688366889954,-0.015305065549910069
0.6159497499465942,0.6425257921218872,-4.373708861749037e-07,0.5390965342521667,0.6241022944450378,-0.021343110129237175,0.47364330291748047,0.544952392578125,-0.03305589407682419,0.4592316746711731,0.45174917578697205,-0.048785723745822906,0.5013656616210938,0.40777838230133057,-0.059366416186094284,0.4975125789642334,0.39291995763778687,0.007214197423309088,0.4773280620574951,0.29612499475479126,-0.025705881416797638,0.46614426374435425,0.3379356265068054,-0.048718661069869995,0.4750436544418335,0.3920966684818268,-0.05902993306517601,0.5459785461425781,0.37385088205337524,-0.0001226332678925246,0.5349373817443848,0.26176196336746216,-0.032855380326509476,0.5243514180183411,0.31840553879737854,-0.04495552182197571,0.5334574580192566,0.3748302459716797,-0.042956553399562836,0.5956702828407288,0.37400761246681213,-0.014445921406149864,0.5920282006263733,0.2752085328102112,-0.041266195476055145,0.5771347284317017,0.32552483677864075,-0.038805268704891205,0.5807258486747742,0.3772262930870056,-0.028257472440600395,0.6497024297714233,0.3890867531299591,-0.03232695907354355,0.6473206877708435,0.30157265067100525,-0.04300016537308693,0.6282973885536194,0.32606369256973267,-0.035648513585329056,0.6230105757713318,0.3664652705192566,-0.02583690918982029
0.6242542266845703,0.6465991139411926,-5.025850668971543e-07,0.5446224808692932,0.6261842846870422,-0.02064770646393299,0.47583845257759094,0.5427589416503906,-0.03043634444475174,0.45825666189193726,0.4450185298919678,-0.04485065117478371,0.49741607904434204,0.4008703827857971,-0.054389648139476776,0.5061925649642944,0.3966551125049591,0.011889440938830376,0.4853303134441376,0.29535916447639465,-0.020719008520245552,0.48281610012054443,0.34086838364601135,-0.04356016218662262,0.4962645173072815,0.3955181837081909,-0.05350838229060173,0.5555436611175537,0.3756861090660095,0.0043635256588459015,0.5429955124855042,0.26325151324272156,-0.029407888650894165,0.5400320291519165,0.3287022113800049,-0.042096883058547974,0.5523849725723267,0.3879271447658539,-0.0392804853618145,0.6050027012825012,0.37306448817253113,-0.01031436212360859,0.5988083481788635,0.2771548926830292,-0.03851849213242531,0.5915868282318115,0.3394908308982849,-0.03448820486664772,0.5989766716957092,0.3961173892021179,-0.021442731842398643,0.6582924723625183,0.38445669412612915,-0.028539683669805527,0.6524875164031982,0.2997976243495941,-0.03963132202625275,0.6395159959793091,0.3361661434173584,-0.030106771737337112,0.639864444732666,0.3820388615131378,-0.01792839914560318
0.6235138177871704,0.6432144045829773,-5.191372451918141e-07,0.5453345775604248,0.6218398213386536,-0.02195466309785843,0.4760117828845978,0.5364359617233276,-0.0331098735332489,0.4630143344402313,0.4370904266834259,-0.048607904464006424,0.5086986422538757,0.4018097519874573,-0.05892138555645943,0.5030844211578369,0.3889297842979431,0.009782114066183567,0.4849078953266144,0.2962597608566284,-0.023797277361154556,0.4845889210700989,0.35469716787338257,-0.04686311259865761,0.49913281202316284,0.40798503160476685,-0.05748140066862106,0.5529400706291199,0.367123544216156,0.0026465808041393757,0.5409797430038452,0.25863170623779297,-0.03262222930788994,0.535642683506012,0.3286663591861725,-0.04458405077457428,0.5465476512908936,0.38776370882987976,-0.04091332107782364,0.6033760905265808,0.362103670835495,-0.01186125073581934,0.594623863697052,0.2705342173576355,-0.04023662954568863,0.5847356915473938,0.3346690535545349,-0.03591018542647362,0.5908423662185669,0.3904634416103363,-0.02250298671424389,0.6568487286567688,0.37239307165145874,-0.030187107622623444,0.648894190788269,0.2926572561264038,-0.04041697457432747,0.6333377361297607,0.32942765951156616,-0.03150815889239311,0.6326963901519775,0.3735698163509369,-0.019972030073404312
0.6248806715011597,0.6287132501602173,-4.6640573714284983e-07,0.5455809831619263,0.6031409502029419,-0.02153976634144783,0.4795478582382202,0.5255481004714966,-0.0327032096683979,0.4626880884170532,0.42695415019989014,-0.048482369631528854,0.5049842596054077,0.3917447030544281,-0.05968637764453888,0.5082341432571411,0.3782147765159607,0.01620788499712944,0.49336445331573486,0.28500574827194214,-0.016627619042992592,0.48916059732437134,0.3282584249973297,-0.039708808064460754,0.4997604787349701,0.37504878640174866,-0.050271593034267426,0.5565251111984253,0.3580135405063629,0.009003309532999992,0.5459978580474854,0.2519665062427521,-0.02583620324730873,0.541864275932312,0.3179462254047394,-0.03878874331712723,0.5525197982788086,0.3720383644104004,-0.036204297095537186,0.6067487001419067,0.3542329668998718,-0.005961714778095484,0.600303590297699,0.26232844591140747,-0.03575867414474487,0.5917975306510925,0.3237234950065613,-0.03282858431339264,0.5973813533782959,0.3759678304195404,-0.02026282250881195,0.6602241396903992,0.3651612401008606,-0.02441675215959549,0.652722954750061,0.2854405343532562,-0.03537851199507713,0.6402820944786072,0.32245108485221863,-0.026489032432436943,0.6404556632041931,0.364187091588974,-0.015044706873595715
0.624699056148529,0.619170069694519,-4.1983224718933343e-07,0.5446878671646118,0.592426061630249,-0.018824391067028046,0.4843376576900482,0.5141665935516357,-0.029670560732483864,0.47270557284355164,0.4238051176071167,-0.04549054801464081,0.5065186023712158,0.3751506805419922,-0.05729088559746742,0.5154993534088135,0.36686110496520996,0.014421895146369934,0.499563068151474,0.2763887345790863,-0.017965087667107582,0.4938386380672455,0.30621904134750366,-0.04157174751162529,0.5034782886505127,0.3496832251548767,-0.05222047120332718,0.5639314651489258,0.3477453291416168,0.005476697348058224,0.5534613728523254,0.23907209932804108,-0.029061678797006607,0.5479114055633545,0.2984215021133423,-0.043528962880373,0.5575850009918213,0.3569701015949249,-0.04206635057926178,0.61403489112854,0.3458188772201538,-0.010433175601065159,0.6075518727302551,0.24951082468032837,-0.03991182893514633,0.5970398783683777,0.3067544102668762,-0.03763563558459282,0.602017879486084,0.36224421858787537,-0.02568625472486019,0.6673110127449036,0.359666645526886,-0.029425015673041344,0.6621394157409668,0.27558302879333496,-0.04184839874505997,0.6454270482063293,0.3082737326622009,-0.03333699703216553,0.6410989165306091,0.3534785509109497,-0.021649116650223732
0.6521791219711304,0.6345361471176147,-7.049230248412641e-07,0.5772104859352112,0.6106006503105164,-0.043458472937345505,0.5136703252792358,0.5472999811172485,-0.07500707358121872,0.5040466785430908,0.47550415992736816,-0.1045917421579361,0.540152907371521,0.4376821219921112,-0.12833993136882782,0.5593898296356201,0.38711369037628174,-0.04122989624738693,0.5545691251754761,0.3202597498893738,-0.09142710268497467,0.5624058842658997,0.4012112021446228,-0.12161392718553543,0.5715633630752563,0.45314767956733704,-0.13722634315490723,0.6224839687347412,0.3785223066806793,-0.044720519334077835,0.6206644773483276,0.3031722605228424,-0.09782528877258301,0.6216424703598022,0.40348049998283386,-0.11200324445962906,0.6235083341598511,0.45627692341804504,-0.11079882830381393,0.6816847920417786,0.38668954372406006,-0.055295173078775406,0.6879283785820007,0.31505802273750305,-0.10180008411407471,0.680267870426178,0.40501829981803894,-0.08915653824806213,0.673701286315918,0.4520682394504547,-0.07035790383815765,0.736872673034668,0.40910857915878296,-0.0701846107840538,0.7439385652542114,0.3589613735675812,-0.09471075981855392,0.7298184633255005,0.42240601778030396,-0.07933284342288971,0.718957781791687,0.4569164216518402,-0.06232988089323044
0.6583367586135864,0.6372885704040527,-5.760256840403599e-07,0.5880203247070312,0.6165875792503357,-0.04189677909016609,0.5248854160308838,0.5473788976669312,-0.06528326123952866,0.5110386610031128,0.46308663487434387,-0.08597172051668167,0.5443735122680664,0.41678181290626526,-0.09793583303689957,0.5623939633369446,0.3971253037452698,-0.027425196021795273,0.5595565438270569,0.3215870261192322,-0.07384264469146729,0.568964958190918,0.3998904824256897,-0.09423468261957169,0.5739172697067261,0.447876513004303,-0.10090381652116776,0.6257888674736023,0.3853437900543213,-0.02768714539706707,0.6268383860588074,0.30729418992996216,-0.07361769676208496,0.629012405872345,0.4164530336856842,-0.07704144716262817,0.6272488236427307,0.4536609947681427,-0.06703008711338043,0.6856009364128113,0.3939024806022644,-0.03674957528710365,0.6936371326446533,0.32092979550361633,-0.08270200341939926,0.6846209168434143,0.41749075055122375,-0.06562501192092896,0.6754779815673828,0.45396268367767334,-0.04156448319554329,0.7417206764221191,0.41940826177597046,-0.04953878000378609,0.7472654581069946,0.3617296814918518,-0.0764378160238266,0.7321565747261047,0.4232582449913025,-0.061854902654886246,0.718566358089447,0.45406100153923035,-0.0429854542016983
0.6548790335655212,0.639056921005249,-5.560715976571373e-07,0.5853350758552551,0.6237218379974365,-0.037585318088531494,0.5205510854721069,0.5513875484466553,-0.05986246094107628,0.510795533657074,0.47242969274520874,-0.08097199350595474,0.5448838472366333,0.4381006360054016,-0.09427794069051743,0.5606880784034729,0.3987601101398468,-0.02590535767376423,0.5556758046150208,0.3232632577419281,-0.07318053394556046,0.5641021132469177,0.4061794877052307,-0.09563179314136505,0.5729239583015442,0.45393896102905273,-0.10368801653385162,0.6234078407287598,0.3894656300544739,-0.029552653431892395,0.622397780418396,0.30327606201171875,-0.0777704119682312,0.6225512623786926,0.4089396297931671,-0.08330244570970535,0.6247822642326355,0.4514892101287842,-0.07380743324756622,0.6822535395622253,0.39908307790756226,-0.04165865108370781,0.6881846785545349,0.31620490550994873,-0.08836738020181656,0.6801848411560059,0.41115593910217285,-0.07308442890644073,0.6759961843490601,0.4539262354373932,-0.049351129680871964,0.7386981844902039,0.424681156873703,-0.0573863759636879,0.7467556595802307,0.35863494873046875,-0.08498881757259369,0.7321195006370544,0.4173423647880554,-0.07177400588989258,0.7206752896308899,0.453860878944397,-0.05360473319888115
0.6591759920120239,0.6468409299850464,-5.602544774774287e-07,0.5880304574966431,0.6314497590065002,-0.043655894696712494,0.5226595997810364,0.561812698841095,-0.06767205893993378,0.5097121596336365,0.48207321763038635,-0.08945335447788239,0.542431652545929,0.4352610111236572,-0.10312436521053314,0.5590944290161133,0.4032084047794342,-0.023573359474539757,0.5521621108055115,0.33124521374702454,-0.07235118001699448,0.5585991144180298,0.4061657190322876,-0.09646495431661606,0.5671262741088867,0.4579596221446991,-0.10506600886583328,0.6222087144851685,0.3883739113807678,-0.023222746327519417,0.6208385229110718,0.31068292260169983,-0.07239624112844467,0.620225191116333,0.42209458351135254,-0.07802075147628784,0.6232584118843079,0.46613702178001404,-0.06760268658399582,0.6811062097549438,0.39518433809280396,-0.03256608173251152,0.6858600378036499,0.32606539130210876,-0.08083450049161911,0.6759538650512695,0.42512694001197815,-0.06586858630180359,0.6718514561653137,0.4657789170742035,-0.04143092781305313,0.7377901077270508,0.4193834960460663,-0.04599463939666748,0.7425729036331177,0.36501505970954895,-0.07391425967216492,0.7261581420898438,0.42679911851882935,-0.060754116624593735,0.7147116661071777,0.45923659205436707,-0.04201142117381096
0.654426097869873,0.6478850841522217,-5.509747893484018e-07,0.5844612717628479,0.6268318891525269,-0.04219719395041466,0.5222697854042053,0.5635116100311279,-0.06635261327028275,0.5071202516555786,0.4860585331916809,-0.08799217641353607,0.5364966988563538,0.4377000629901886,-0.10164175182580948,0.5565384030342102,0.40313494205474854,-0.025321047753095627,0.5510213375091553,0.3374609351158142,-0.07193384319543839,0.5586467385292053,0.41586437821388245,-0.09429091215133667,0.5667786598205566,0.4631774127483368,-0.1025063544511795,0.6210736632347107,0.3907749056816101,-0.02634384110569954,0.6205708384513855,0.31344854831695557,-0.07490894943475723,0.6208293437957764,0.42097195982933044,-0.0815076157450676,0.6223505735397339,0.4635288715362549,-0.07239562273025513,0.6814944744110107,0.39862269163131714,-0.03618399426341057,0.6874917149543762,0.330600380897522,-0.08454418927431107,0.6774014830589294,0.4276055097579956,-0.07031171768903732,0.6702483296394348,0.46859318017959595,-0.046667810529470444,0.7392509579658508,0.42430055141448975,-0.049721382558345795,0.7418904304504395,0.37046119570732117,-0.07797368615865707,0.7260028719902039,0.43279746174812317,-0.06450304388999939,0.7132063508033752,0.4660596251487732,-0.0456608310341835
0.6571294665336609,0.6508468389511108,-5.979815114187659e-07,0.5865338444709778,0.63454270362854,-0.03787457197904587,0.5188074111938477,0.5680317282676697,-0.06047070398926735,0.5025469660758972,0.4902923107147217,-0.08145774155855179,0.5320640206336975,0.44330254197120667,-0.09508964419364929,0.5564402341842651,0.4151242673397064,-0.026221415027976036,0.548302948474884,0.3430609405040741,-0.07366431504487991,0.5556393265724182,0.42420411109924316,-0.0974893569946289,0.5643683075904846,0.47292542457580566,-0.10685956478118896,0.6204070448875427,0.4052671194076538,-0.028908688575029373,0.61551833152771,0.3291947841644287,-0.07765351980924606,0.6150686740875244,0.4376254081726074,-0.08480822294950485,0.617397665977478,0.4794135093688965,-0.07676035910844803,0.6805038452148438,0.4139527678489685,-0.039803218096494675,0.6830316781997681,0.34141984581947327,-0.08807473629713058,0.6720621585845947,0.4411627948284149,-0.07321834564208984,0.6652343273162842,0.4826052188873291,-0.0497589148581028,0.7382038235664368,0.4378657042980194,-0.05397067219018936,0.7404136657714844,0.3839106559753418,-0.0828324630856514,0.7238276600837708,0.44897356629371643,-0.06892139464616776,0.7117183804512024,0.4821736514568329,-0.049996376037597656
0.651777982711792,0.6471309661865234,-5.526872541850025e-07,0.5858501195907593,0.6313495635986328,-0.03878988325595856,0.5199322700500488,0.5633555054664612,-0.06097513437271118,0.49770137667655945,0.49017226696014404,-0.08129341155290604,0.5164339542388916,0.43913108110427856,-0.09373066574335098,0.5499650239944458,0.4058067202568054,-0.022181883454322815,0.54294353723526,0.33698928356170654,-0.0679832175374031,0.5498926639556885,0.41734206676483154,-0.0917564257979393,0.559575080871582,0.4652860164642334,-0.10119733214378357,0.6128034591674805,0.39551135897636414,-0.02450595796108246,0.6093745231628418,0.31946736574172974,-0.0714901015162468,0.6080302000045776,0.4269922077655792,-0.07788687199354172,0.6113372445106506,0.4702317416667938,-0.06917865574359894,0.6722015142440796,0.40567097067832947,-0.03556416183710098,0.6765835285186768,0.3357408046722412,-0.08164025098085403,0.6668844223022461,0.43024134635925293,-0.06698977947235107,0.6631128787994385,0.4711497724056244,-0.04406868666410446,0.730139970779419,0.431896835565567,-0.05020929127931595,0.7353026866912842,0.3744790852069855,-0.0777115523815155,0.7175133228302002,0.4358060359954834,-0.06423202157020569,0.7044115662574768,0.47105783224105835,-0.045810919255018234
0.6459760069847107,0.6283233165740967,-5.301692453940632e-07,0.5790979862213135,0.6174070835113525,-0.03573093190789223,0.5127384066581726,0.5422047972679138,-0.05318203568458557,0.4939730763435364,0.4620019793510437,-0.06994248926639557,0.5139368176460266,0.40907782316207886,-0.0786641463637352,0.5461073517799377,0.3827349841594696,-0.013027017936110497,0.5343149900436401,0.3083338737487793,-0.05802735313773155,0.5346786379814148,0.38214874267578125,-0.08052165061235428,0.5404982566833496,0.42286795377731323,-0.08870051056146622,0.6057298183441162,0.36898085474967957,-0.016147125512361526,0.5998438596725464,0.2850646376609802,-0.06002556160092354,0.5923005938529968,0.38146933913230896,-0.06543941050767899,0.59568190574646,0.41459375619888306,-0.056335415691137314,0.6644725203514099,0.3781101703643799,-0.02846303954720497,0.6684356927871704,0.29844754934310913,-0.07206325232982635,0.6545099020004272,0.3864494860172272,-0.058298029005527496,0.6528609991073608,0.4200690984725952,-0.036124058067798615,0.7234613299369812,0.40504297614097595,-0.04451783746480942,0.7292966246604919,0.33828866481781006,-0.06919420510530472,0.7096737027168274,0.3929423689842224,-0.056449249386787415,0.700549840927124,0.42485642433166504,-0.03889598324894905
0.6517798900604248,0.6049148440361023,-5.557873237194144e-07,0.5801791548728943,0.5918346643447876,-0.03185732290148735,0.513630211353302,0.5125465393066406,-0.04915934428572655,0.4981813430786133,0.4304738938808441,-0.06695256382226944,0.5188513398170471,0.37616604566574097,-0.07783466577529907,0.5499401092529297,0.34209251403808594,-0.006209148094058037,0.5390164852142334,0.2721967101097107,-0.054308291524648666,0.5385292172431946,0.34935036301612854,-0.08288935571908951,0.5453050136566162,0.40183889865875244,-0.09470778703689575,0.6066976189613342,0.3282122313976288,-0.01166753750294447,0.5998320579528809,0.24854789674282074,-0.060141414403915405,0.5920668840408325,0.3440341353416443,-0.07221280783414841,0.5923266410827637,0.3940746486186981,-0.06621962785720825,0.6615777015686035,0.33530789613723755,-0.02608427219092846,0.6590976119041443,0.280703067779541,-0.07025085389614105,0.6461766362190247,0.37212127447128296,-0.0593673437833786,0.6414945721626282,0.41571539640426636,-0.03882823884487152,0.7163580060005188,0.36049920320510864,-0.04411064460873604,0.7122053503990173,0.3137226104736328,-0.06597896665334702,0.6972332000732422,0.37722381949424744,-0.05193769931793213,0.692058265209198,0.411218523979187,-0.03379075974225998
0.6554661989212036,0.6201412081718445,-4.6226506356106256e-07,0.5691350698471069,0.6007879972457886,-0.01748192124068737,0.49487292766571045,0.5308792591094971,-0.024506865069270134,0.4790574312210083,0.43477827310562134,-0.0362904816865921,0.5290000438690186,0.3954103887081146,-0.043375104665756226,0.5232887268066406,0.40168043971061707,0.022846855223178864,0.4996921718120575,0.3107144832611084,-0.0023392103612422943,0.49731165170669556,0.34447577595710754,-0.022794872522354126,0.5107714533805847,0.39030882716178894,-0.032930295914411545,0.5703327059745789,0.3754737973213196,0.017387421801686287,0.5506201982498169,0.27901673316955566,-0.0067225852981209755,0.5466190576553345,0.3249337673187256,-0.01954537071287632,0.5594421625137329,0.3744352459907532,-0.020746001973748207,0.6180979013442993,0.36226627230644226,0.004715543240308762,0.6023039221763611,0.27480363845825195,-0.0148044154047966,0.5944766402244568,0.31743431091308594,-0.014386490918695927,0.603463888168335,0.3657156229019165,-0.007110964972525835,0.6699946522712708,0.362659215927124,-0.011536123231053352,0.6547735929489136,0.28815793991088867,-0.01825043186545372,0.6413794755935669,0.3141568899154663,-0.012501245364546776,0.6429921388626099,0.3551141619682312,-0.005041853059083223
0.6454311609268188,0.6196547150611877,-4.1621561308602395e-07,0.561922550201416,0.6088616847991943,-0.018325604498386383,0.48919811844825745,0.5371935963630676,-0.02540368214249611,0.4744088649749756,0.44115689396858215,-0.03696161136031151,0.518325686454773,0.3954111337661743,-0.044024061411619186,0.5216253995895386,0.4016794264316559,0.01724143698811531,0.4994189143180847,0.31166377663612366,-0.009922675788402557,0.49501800537109375,0.351522296667099,-0.030675645917654037,0.5080083012580872,0.3976639211177826,-0.040477100759744644,0.566497802734375,0.37389370799064636,0.01170309167355299,0.5515812039375305,0.273942232131958,-0.015750326216220856,0.5430682897567749,0.3250967264175415,-0.027791474014520645,0.5540451407432556,0.3786733150482178,-0.026966989040374756,0.6126193404197693,0.36078953742980957,-0.0009465792099945247,0.6029558777809143,0.274452805519104,-0.0214238278567791,0.5908997058868408,0.32120171189308167,-0.02005639672279358,0.5973228812217712,0.37170538306236267,-0.01168691273778677,0.6638091206550598,0.3614097833633423,-0.01741655357182026,0.6564861536026001,0.28276610374450684,-0.02384195290505886,0.6410324573516846,0.30911654233932495,-0.017961259931325912,0.6395624876022339,0.350010484457016,-0.010298766195774078
0.6510156393051147,0.6174519062042236,-3.616700041675358e-07,0.5613311529159546,0.6011795997619629,-0.014617770910263062,0.49142685532569885,0.532049834728241,-0.019885437563061714,0.48052728176116943,0.4367115795612335,-0.030389126390218735,0.5205994844436646,0.38340771198272705,-0.03674442693591118,0.5203913450241089,0.40720686316490173,0.02533358335494995,0.5003699064254761,0.3136850595474243,0.00016900879563763738,0.4923667311668396,0.3430340886116028,-0.021772444248199463,0.5002514123916626,0.38939711451530457,-0.03233616426587105,0.566519558429718,0.380756139755249,0.019183102995157242,0.5509948134422302,0.2764829397201538,-0.006096303462982178,0.5418058037757874,0.3164623975753784,-0.02164282836019993,0.5493338108062744,0.3708009719848633,-0.024211764335632324,0.6119113564491272,0.3691481649875641,0.006295185536146164,0.6007927060127258,0.276719331741333,-0.012660373002290726,0.5878360867500305,0.31334424018859863,-0.013891207054257393,0.5916663408279419,0.3652670681476593,-0.008003146387636662,0.6639813184738159,0.3705427646636963,-0.009948663413524628,0.6555493474006653,0.289878249168396,-0.016354171559214592,0.6375107169151306,0.30894073843955994,-0.011402253992855549,0.6313274502754211,0.3494766354560852,-0.004649218171834946
0.6443228125572205,0.6139153242111206,-4.074680646226625e-07,0.5576812624931335,0.6015799045562744,-0.015493286773562431,0.48741817474365234,0.5317564010620117,-0.02076028846204281,0.4794819951057434,0.44177305698394775,-0.030962131917476654,0.5215953588485718,0.3996923565864563,-0.03718803822994232,0.5175038576126099,0.40792110562324524,0.019835922867059708,0.49584418535232544,0.3198646903038025,-0.004872257821261883,0.49170318245887756,0.3631264865398407,-0.02436213381588459,0.5033227205276489,0.4062613248825073,-0.03411417454481125,0.5616862773895264,0.38127633929252625,0.013515963219106197,0.5435734987258911,0.28198695182800293,-0.010260998271405697,0.5386112928390503,0.3302943706512451,-0.021460754796862602,0.5504965782165527,0.3747366964817047,-0.022044356912374496,0.6064106225967407,0.3693317770957947,0.00040660734521225095,0.5939432978630066,0.2786770462989807,-0.01806064136326313,0.5854422450065613,0.32051634788513184,-0.015532626770436764,0.593500018119812,0.3638179302215576,-0.008153500035405159,0.6568890810012817,0.37018537521362305,-0.016169143840670586,0.6471282243728638,0.28836357593536377,-0.021647673100233078,0.6338712573051453,0.31519651412963867,-0.013971828855574131,0.6333558559417725,0.3540876805782318,-0.006146002095192671
0.6420604586601257,0.6136362552642822,-4.522298411302472e-07,0.5569374561309814,0.6008896827697754,-0.016267424449324608,0.4850960969924927,0.529674768447876,-0.021987400949001312,0.47259438037872314,0.43500638008117676,-0.03272469714283943,0.5199904441833496,0.39428478479385376,-0.03843289613723755,0.5170753002166748,0.3953169286251068,0.022686952725052834,0.4975471794605255,0.309387743473053,-0.003362349234521389,0.49483147263526917,0.3597590923309326,-0.023331282660365105,0.5078257918357849,0.4069023132324219,-0.03273404762148857,0.5628082752227783,0.3706722557544708,0.016852615401148796,0.5477513074874878,0.27481457591056824,-0.009046322666108608,0.5408724546432495,0.3316158652305603,-0.019755784422159195,0.5526915788650513,0.38275372982025146,-0.018243875354528427,0.6094816327095032,0.35984259843826294,0.0037289001047611237,0.5994997620582581,0.27383822202682495,-0.016499951481819153,0.587041437625885,0.32402265071868896,-0.013226049020886421,0.5930730104446411,0.37452128529548645,-0.003403963055461645,0.6617873907089233,0.36228740215301514,-0.012999608181416988,0.6518884897232056,0.280905157327652,-0.018815308809280396,0.6355620622634888,0.3103771209716797,-0.01106136105954647,0.6335101127624512,0.3527647852897644,-0.0019888647366315126
0.6327047944068909,0.6263173818588257,-4.217744375978327e-08,0.5544737577438354,0.5802411437034607,-0.019324883818626404,0.5001910924911499,0.5014833807945251,-0.031123019754886627,0.48599618673324585,0.4270152449607849,-0.04391106963157654,0.4999074339866638,0.37261271476745605,-0.05543515831232071,0.5467050671577454,0.3780026137828827,0.0013579986989498138,0.5369760990142822,0.3129202425479889,-0.021083157509565353,0.5229234099388123,0.28400546312332153,-0.04581523314118385,0.5063848495483398,0.2624761462211609,-0.06447888910770416,0.5927693843841553,0.3681652545928955,-0.004926387686282396,0.5858755707740784,0.29735708236694336,-0.024733511731028557,0.5713906288146973,0.2714536190032959,-0.04332892224192619,0.551389217376709,0.2532429099082947,-0.05697137117385864,0.6379349231719971,0.37414854764938354,-0.01633916050195694,0.6355696320533752,0.3021237850189209,-0.036836571991443634,0.6198142766952515,0.27721863985061646,-0.041578639298677444,0.5987592935562134,0.26555153727531433,-0.04398171976208687,0.6877932548522949,0.39419618248939514,-0.030862199142575264,0.6858219504356384,0.3267481327056885,-0.046616461127996445,0.6712289452552795,0.308020681142807,-0.04585704579949379,0.6479976177215576,0.3032422661781311,-0.04423607513308525
0.6417560577392578,0.6089866161346436,-4.818722345589777e-07,0.5713513493537903,0.5917660593986511,-0.03908650204539299,0.5103736519813538,0.5395364761352539,-0.06801119446754456,0.4912869334220886,0.48887181282043457,-0.09314674139022827,0.4989023506641388,0.4506601095199585,-0.11382484436035156,0.5537105202674866,0.39848771691322327,-0.05361082777380943,0.5390672087669373,0.37507864832878113,-0.09715530276298523,0.5456797480583191,0.43635988235473633,-0.12058287858963013,0.551837146282196,0.46531492471694946,-0.1330900341272354,0.6154619455337524,0.38904744386672974,-0.056459665298461914,0.6037473678588867,0.3615468144416809,-0.10382091999053955,0.6066462993621826,0.4338793158531189,-0.11644056439399719,0.6109989881515503,0.46776145696640015,-0.11702833324670792,0.6728228330612183,0.39783358573913574,-0.06386712938547134,0.6644629240036011,0.389689177274704,-0.10694973915815353,0.6615158319473267,0.4574008882045746,-0.0978868305683136,0.659956693649292,0.48614534735679626,-0.0838518813252449,0.723403811454773,0.42020708322525024,-0.07448037713766098,0.7210445404052734,0.42073044180870056,-0.09988850355148315,0.7111184597015381,0.47256022691726685,-0.08871103078126907,0.7066360712051392,0.4933663010597229,-0.07490427047014236
0.6363396644592285,0.6183929443359375,-5.10836116518476e-07,0.5780892968177795,0.6118602752685547,-0.06368756294250488,0.522970974445343,0.5655844211578369,-0.10314123332500458,0.5011960864067078,0.5275991559028625,-0.13562652468681335,0.5171525478363037,0.4985305666923523,-0.16200347244739532,0.5501630902290344,0.40463414788246155,-0.07009842991828918,0.5480257868766785,0.41952401399612427,-0.13307595252990723,0.564870297908783,0.5131206512451172,-0.16814808547496796,0.5714388489723206,0.5480597019195557,-0.18645893037319183,0.6162030100822449,0.38217392563819885,-0.06551157683134079,0.6193723678588867,0.39895692467689514,-0.13306355476379395,0.6236045360565186,0.5105869770050049,-0.1501862108707428,0.6201164126396179,0.5441999435424805,-0.14998234808444977,0.6772698760032654,0.38994160294532776,-0.06947372108697891,0.6812483668327332,0.4011363387107849,-0.1385302096605301,0.6736908555030823,0.5062705278396606,-0.13016492128372192,0.6634361743927002,0.5363643765449524,-0.11051425337791443,0.7286646366119385,0.41342106461524963,-0.0782041996717453,0.7419610023498535,0.4371769428253174,-0.1263713240623474,0.7247791290283203,0.510003924369812,-0.12035829573869705,0.708134114742279,0.5282636880874634,-0.10554313659667969
0.6464555859565735,0.6107087731361389,-5.322235097082739e-07,0.5851997137069702,0.6091466546058655,-0.06372137367725372,0.5246780514717102,0.5654481649398804,-0.10328172892332077,0.505440890789032,0.52584308385849,-0.13581973314285278,0.5228307247161865,0.4978555738925934,-0.16137836873531342,0.5501225590705872,0.4094574451446533,-0.07344037294387817,0.549376368522644,0.40781474113464355,-0.13508984446525574,0.5679184198379517,0.5043564438819885,-0.165501207113266,0.5761498212814331,0.5454245209693909,-0.17971530556678772,0.6182166934013367,0.3888174295425415,-0.06732682138681412,0.6224415302276611,0.38658007979393005,-0.1297679841518402,0.6283134818077087,0.5041939616203308,-0.13951964676380157,0.6258198618888855,0.5394375324249268,-0.13526564836502075,0.6819968223571777,0.3933277726173401,-0.06997707486152649,0.6898888349533081,0.3912869691848755,-0.13449916243553162,0.681502103805542,0.5032538771629333,-0.12055472284555435,0.6682701706886292,0.5400498509407043,-0.09806828945875168,0.7376788258552551,0.4128841161727905,-0.0774882435798645,0.7511342167854309,0.41692882776260376,-0.12046336382627487,0.7329201102256775,0.4952734708786011,-0.11050014197826385,0.7109666466712952,0.5208728313446045,-0.09429749846458435
0.6317253708839417,0.6112205386161804,-5.202355168876238e-07,0.5748568773269653,0.6134830713272095,-0.07504726946353912,0.5199074745178223,0.5661305785179138,-0.11655139178037643,0.5016316771507263,0.5379616618156433,-0.1482134610414505,0.5078144669532776,0.52127605676651,-0.17139580845832825,0.5479082465171814,0.4099712371826172,-0.09074170887470245,0.547378659248352,0.41260284185409546,-0.15314704179763794,0.5693880319595337,0.5189146995544434,-0.17758381366729736,0.5737494230270386,0.5479936599731445,-0.18805570900440216,0.6170459389686584,0.3837762773036957,-0.07956258207559586,0.6257975697517395,0.387927383184433,-0.15214088559150696,0.6334870457649231,0.5108389854431152,-0.16221198439598083,0.6264287829399109,0.5353614091873169,-0.15653468668460846,0.6811103820800781,0.3881271183490753,-0.07732963562011719,0.6936923861503601,0.3930336534976959,-0.14772571623325348,0.6875662207603455,0.501166820526123,-0.135059654712677,0.6727063655853271,0.5218673944473267,-0.1134876161813736,0.7339145541191101,0.40650099515914917,-0.08083423972129822,0.7567213773727417,0.4215371310710907,-0.12353198230266571,0.7382935285568237,0.4935966432094574,-0.11578899621963501,0.7164430618286133,0.5041970014572144,-0.10269185155630112
0.6215106248855591,0.6122039556503296,-6.077137868487625e-07,0.5620914101600647,0.6026628613471985,-0.05456256866455078,0.5086566209793091,0.550699770450592,-0.08782642334699631,0.4934322237968445,0.5125072002410889,-0.11638772487640381,0.5088049173355103,0.48762020468711853,-0.13815096020698547,0.5439022779464722,0.3930895924568176,-0.05612541735172272,0.5476623177528381,0.40062183141708374,-0.10801791399717331,0.5641457438468933,0.49989795684814453,-0.13242176175117493,0.569510281085968,0.5275000929832458,-0.14440448582172394,0.61287522315979,0.37293893098831177,-0.05362666770815849,0.6203078031539917,0.3817284107208252,-0.10950089246034622,0.6222579479217529,0.49751144647598267,-0.11818654835224152,0.6182785034179688,0.5237268805503845,-0.11376753449440002,0.6770495176315308,0.3819529414176941,-0.05905701220035553,0.6846202611923218,0.38787543773651123,-0.11669229716062546,0.6758155226707458,0.4939440190792084,-0.10401441156864166,0.6656992435455322,0.5191408395767212,-0.08350761979818344,0.7327608466148376,0.40640097856521606,-0.06893597543239594,0.7475613355636597,0.41884708404541016,-0.10400064289569855,0.7282894849777222,0.4898277223110199,-0.09326602518558502,0.7103111147880554,0.5069776773452759,-0.07778461277484894
0.6385409235954285,0.6074073314666748,-4.830822035728488e-07,0.5671822428703308,0.6070236563682556,-0.0630931705236435,0.5044074058532715,0.5574278235435486,-0.10177960246801376,0.4872201979160309,0.5200404524803162,-0.13360273838043213,0.506277859210968,0.494300901889801,-0.15791133046150208,0.5395102500915527,0.4081075191497803,-0.0738811269402504,0.5380803942680359,0.4113738238811493,-0.12826719880104065,0.5616479516029358,0.5078074932098389,-0.1507216989994049,0.5720699429512024,0.532274603843689,-0.1614118367433548,0.6101197600364685,0.3832963705062866,-0.06788399070501328,0.6144053936004639,0.3867564797401428,-0.13139602541923523,0.6257916688919067,0.49975430965423584,-0.14086252450942993,0.6240772008895874,0.5283814072608948,-0.1359860748052597,0.676466703414917,0.3863559365272522,-0.06957628577947617,0.6815507411956787,0.3862229883670807,-0.1323823779821396,0.6804122924804688,0.48897069692611694,-0.11870264261960983,0.6703020334243774,0.51692795753479,-0.09691207110881805,0.7347747683525085,0.4036473333835602,-0.07613920420408249,0.7500613927841187,0.4141443371772766,-0.11458142846822739,0.734825074672699,0.48569273948669434,-0.10426650196313858,0.7169855237007141,0.5038569569587708,-0.08895179629325867
0.6413893103599548,0.6298977732658386,-5.590017622125742e-07,0.5653112530708313,0.6052550673484802,-0.036949947476387024,0.5040801763534546,0.5409142971038818,-0.0644020363688469,0.4943045377731323,0.48972243070602417,-0.09097430109977722,0.5189201831817627,0.45687851309776306,-0.1122034341096878,0.5468044281005859,0.4139191806316376,-0.03984275832772255,0.5348387956619263,0.3768218755722046,-0.0918942466378212,0.5513225793838501,0.4706691801548004,-0.1179054006934166,0.564598560333252,0.5083851218223572,-0.12987162172794342,0.6126181483268738,0.4031919240951538,-0.045668840408325195,0.6057661771774292,0.36068448424339294,-0.10143457353115082,0.6130574345588684,0.4679086208343506,-0.1108863353729248,0.6172150373458862,0.5062807202339172,-0.1058880165219307,0.6741679906845093,0.4078265130519867,-0.05848466604948044,0.6672043204307556,0.3720864951610565,-0.10997053235769272,0.6659481525421143,0.4716167449951172,-0.09316100925207138,0.6634203195571899,0.5063270926475525,-0.07041462510824203,0.7280890345573425,0.42382141947746277,-0.07454534620046616,0.7268446683883667,0.40633732080459595,-0.10150086134672165,0.7155687212944031,0.4755606949329376,-0.08457024395465851,0.708438515663147,0.5007283687591553,-0.06561101973056793
0.6592841744422913,0.618825376033783,-4.777785420628788e-07,0.5767138004302979,0.5995920300483704,-0.034589674323797226,0.5038535594940186,0.5326164364814758,-0.05635035037994385,0.48865455389022827,0.4564446806907654,-0.07503533363342285,0.5172079801559448,0.4120161831378937,-0.086646169424057,0.5502071380615234,0.3659960627555847,-0.025953151285648346,0.5292343497276306,0.33093151450157166,-0.06766057014465332,0.5425739288330078,0.4120335876941681,-0.09069155901670456,0.5539320707321167,0.4371944069862366,-0.10194377601146698,0.6096723675727844,0.3500637412071228,-0.027657711878418922,0.5934333801269531,0.318348228931427,-0.06877588480710983,0.6015418171882629,0.403632789850235,-0.07644002139568329,0.6106777787208557,0.43094906210899353,-0.07195638865232468,0.6668866872787476,0.3536408543586731,-0.036128949373960495,0.6545955538749695,0.3405742645263672,-0.0710357204079628,0.6567816138267517,0.41138800978660583,-0.0578475221991539,0.6621090769767761,0.4296833872795105,-0.040641412138938904,0.7224746942520142,0.3713761568069458,-0.04844771698117256,0.7117811441421509,0.36151424050331116,-0.06537634879350662,0.7069515585899353,0.4162922501564026,-0.051221929490566254,0.7094314098358154,0.43398088216781616,-0.03473915159702301
0.6524525284767151,0.6184383034706116,-4.963776518707164e-07,0.5787821412086487,0.610210657119751,-0.030072536319494247,0.5088438987731934,0.5268535017967224,-0.042152561247348785,0.4951019883155823,0.4358184337615967,-0.05509241670370102,0.5412259101867676,0.39684587717056274,-0.06021435931324959,0.5453087091445923,0.36827605962753296,0.0020117529202252626,0.5317610502243042,0.2915169596672058,-0.038643140345811844,0.5365619659423828,0.35983261466026306,-0.05961856618523598,0.5451657772064209,0.4029264450073242,-0.06679667532444,0.6017224788665771,0.3496032655239105,-0.002632858231663704,0.5951210260391235,0.2540658116340637,-0.04221251234412193,0.5944699048995972,0.34887510538101196,-0.04648817330598831,0.6018888354301453,0.387551486492157,-0.03502839431166649,0.6589413285255432,0.3543173670768738,-0.01655912771821022,0.660352349281311,0.27100521326065063,-0.05423310026526451,0.6510170102119446,0.3540394604206085,-0.041102733463048935,0.6534252762794495,0.38760632276535034,-0.01858329027891159,0.7180255651473999,0.37915459275245667,-0.03423256427049637,0.7154223322868347,0.30711349844932556,-0.051208123564720154,0.6991812586784363,0.35627686977386475,-0.036769524216651917,0.6958527565002441,0.38847458362579346,-0.01842060498893261
0.6515364050865173,0.6726972460746765,-5.22410061876144e-07,0.5715153217315674,0.6580308675765991,-0.025248415768146515,0.49793723225593567,0.5632120370864868,-0.03550036624073982,0.4873150885105133,0.46013104915618896,-0.049182139337062836,0.5409493446350098,0.4198344349861145,-0.05678211525082588,0.5323010087013245,0.4154758155345917,0.010472450405359268,0.5150046944618225,0.3172838091850281,-0.02288835681974888,0.5191013216972351,0.36180269718170166,-0.04476803168654442,0.5345281958580017,0.4212539494037628,-0.05383850634098053,0.5881127715110779,0.39281749725341797,0.005264459177851677,0.576462984085083,0.2809932827949524,-0.02904454991221428,0.5761902928352356,0.3509756922721863,-0.040365587919950485,0.5866187214851379,0.41340169310569763,-0.035917915403842926,0.6431300044059753,0.39122793078422546,-0.00795462355017662,0.6346051096916199,0.29398101568222046,-0.036710016429424286,0.6276435852050781,0.3573920726776123,-0.031009553000330925,0.6329989433288574,0.41308632493019104,-0.016227109357714653,0.7007368803024292,0.40691736340522766,-0.02529602125287056,0.6962495446205139,0.3209195137023926,-0.03782801330089569,0.6820806264877319,0.35363006591796875,-0.028832968324422836,0.6786814332008362,0.3960479199886322,-0.016509894281625748
0.661224901676178,0.6787853240966797,-4.998856866222923e-07,0.5759217143058777,0.6592522263526917,-0.022683225572109222,0.4994344115257263,0.5704271793365479,-0.03297010809183121,0.4841686487197876,0.4678840637207031,-0.047302912920713425,0.5290675163269043,0.42596039175987244,-0.055896829813718796,0.5353593826293945,0.413424551486969,0.01366641465574503,0.5159938931465149,0.3131905794143677,-0.017677174881100655,0.519812822341919,0.36379024386405945,-0.040460869669914246,0.5363200902938843,0.419109970331192,-0.0512104406952858,0.5892634391784668,0.3900121748447418,0.007301107048988342,0.576185941696167,0.2775227427482605,-0.023776624351739883,0.576122522354126,0.3428310453891754,-0.03570766746997833,0.5881451368331909,0.4022056758403778,-0.0334952287375927,0.6430613994598389,0.3865298330783844,-0.006780272349715233,0.6331282258033752,0.2854084372520447,-0.03302592784166336,0.6282665729522705,0.3478791117668152,-0.027886221185326576,0.6360216736793518,0.4052583873271942,-0.01494554802775383,0.700395405292511,0.4001871943473816,-0.024792568758130074,0.6934401988983154,0.3146885633468628,-0.036119088530540466,0.6813512444496155,0.3508110046386719,-0.027225207537412643,0.6816998720169067,0.3963492512702942,-0.015707097947597504
0.6668474674224854,0.6788545846939087,-4.902217938251852e-07,0.576779305934906,0.6487593650817871,-0.022708669304847717,0.503075122833252,0.5652437806129456,-0.035069480538368225,0.49039939045906067,0.4623792767524719,-0.052468832582235336,0.5400251150131226,0.4145027697086334,-0.06438954174518585,0.5400331020355225,0.41590163111686707,0.015065427869558334,0.5188359618186951,0.3124029040336609,-0.019201619550585747,0.5178510546684265,0.36001288890838623,-0.04447934776544571,0.5319069623947144,0.4166945517063141,-0.056034523993730545,0.5909422039985657,0.393536776304245,0.00855785422027111,0.575492799282074,0.2764413356781006,-0.026542747393250465,0.5736492276191711,0.3441030979156494,-0.041398972272872925,0.587315022945404,0.40818506479263306,-0.04015234857797623,0.64289790391922,0.38925132155418396,-0.005841751117259264,0.6311852931976318,0.28164851665496826,-0.03448633849620819,0.6242109537124634,0.3419332206249237,-0.03256640210747719,0.6336077451705933,0.40483492612838745,-0.020656006410717964,0.6996495723724365,0.40079957246780396,-0.024210475385189056,0.6930303573608398,0.3091326355934143,-0.03620969131588936,0.6778994798660278,0.3372150659561157,-0.02985178865492344,0.6762166023254395,0.38380730152130127,-0.01967259682714939
0.6693743467330933,0.6730654835700989,-5.35391279754549e-07,0.5795449018478394,0.6437309980392456,-0.018441176041960716,0.5084441900253296,0.5624355673789978,-0.028456399217247963,0.49417972564697266,0.46733564138412476,-0.04424944147467613,0.5329182744026184,0.4178464114665985,-0.05457087606191635,0.545997679233551,0.41312175989151,0.017591558396816254,0.5239025354385376,0.3094561696052551,-0.014946970157325268,0.5203152894973755,0.3624611794948578,-0.03874672204256058,0.5344353318214417,0.42006632685661316,-0.049665238708257675,0.5948041081428528,0.39064857363700867,0.009244982153177261,0.5757049918174744,0.274183064699173,-0.024278976023197174,0.5718448162078857,0.3426353931427002,-0.038653988391160965,0.5855787396430969,0.4046764075756073,-0.037801794707775116,0.6448374390602112,0.38517454266548157,-0.00650623207911849,0.6307578086853027,0.27967166900634766,-0.032974958419799805,0.622236430644989,0.3398708701133728,-0.03033776767551899,0.6317617297172546,0.4004570543766022,-0.019196707755327225,0.700480580329895,0.39473795890808105,-0.02592001110315323,0.6916627883911133,0.3066273331642151,-0.03620028868317604,0.673629879951477,0.3377235233783722,-0.029072199016809464,0.6703618764877319,0.38466665148735046,-0.019089264795184135
0.6655174493789673,0.6715866923332214,-4.870555017078004e-07,0.5755809545516968,0.6405491232872009,-0.02083001285791397,0.5044516324996948,0.553634524345398,-0.03120248019695282,0.49754369258880615,0.45195290446281433,-0.04684452712535858,0.5436006188392639,0.404052197933197,-0.0578974150121212,0.5410404801368713,0.4060920774936676,0.018294215202331543,0.5234988927841187,0.30736133456230164,-0.01521723810583353,0.520818829536438,0.35595792531967163,-0.041099607944488525,0.533490777015686,0.4132654070854187,-0.05353179946541786,0.5921861529350281,0.38275495171546936,0.010466735810041428,0.5805497765541077,0.2706921696662903,-0.023725707083940506,0.576746940612793,0.3367545008659363,-0.04010597616434097,0.5884723663330078,0.39959296584129333,-0.04048003628849983,0.6442280411720276,0.37824711203575134,-0.005256027448922396,0.6363962888717651,0.27884191274642944,-0.033411163836717606,0.6282881498336792,0.3376159071922302,-0.03314860537648201,0.6356907486915588,0.39642295241355896,-0.023210600018501282,0.7005122900009155,0.39005300402641296,-0.024703525006771088,0.6931815147399902,0.3042118549346924,-0.03616131842136383,0.6783883571624756,0.3380717933177948,-0.0291359331458807,0.676677942276001,0.38448941707611084,-0.019053474068641663
0.6459341049194336,0.6677058935165405,-9.68344480156702e-08,0.562383770942688,0.6210415959358215,-0.022678785026073456,0.5009399652481079,0.5420739650726318,-0.04046241566538811,0.48456597328186035,0.46849682927131653,-0.060658909380435944,0.506727397441864,0.41438421607017517,-0.07929090410470963,0.5498979091644287,0.404695063829422,-0.00532861053943634,0.5420941114425659,0.32512378692626953,-0.037765514105558395,0.5318275094032288,0.31255272030830383,-0.06725418567657471,0.5219341516494751,0.3139496147632599,-0.08658234030008316,0.6021937131881714,0.39730507135391235,-0.014996289275586605,0.5997625589370728,0.3178805708885193,-0.04608071595430374,0.5873036980628967,0.31339144706726074,-0.06828951835632324,0.5715198516845703,0.3186858594417572,-0.08099617063999176,0.654157280921936,0.407837837934494,-0.030502870678901672,0.6537266969680786,0.3440541625022888,-0.05870365351438522,0.6416631937026978,0.35420188307762146,-0.06203597038984299,0.6251961588859558,0.3654097318649292,-0.061471499502658844,0.7073491811752319,0.4360847473144531,-0.049408748745918274,0.709288477897644,0.38506656885147095,-0.06738948822021484,0.6996454000473022,0.3964782953262329,-0.06301821023225784,0.6863822937011719,0.4110957086086273,-0.05779966711997986
0.6552044749259949,0.6725832223892212,-7.146365987864556e-07,0.5853179097175598,0.6402478218078613,-0.03994499519467354,0.5235536098480225,0.5700724124908447,-0.06734757125377655,0.5125030279159546,0.5101119875907898,-0.09397739917039871,0.5483568906784058,0.4829978942871094,-0.11424516886472702,0.5663034915924072,0.44379472732543945,-0.03632180020213127,0.5644575953483582,0.3850594162940979,-0.08695511519908905,0.577509880065918,0.47305828332901,-0.11182940006256104,0.5825340151786804,0.5148387551307678,-0.12297903746366501,0.6333793997764587,0.4355219602584839,-0.040952589362859726,0.6337113976478577,0.37450939416885376,-0.09597604721784592,0.6358333826065063,0.48598504066467285,-0.10638338327407837,0.6306887269020081,0.5240990519523621,-0.1015908494591713,0.6950793266296387,0.44319793581962585,-0.0530037060379982,0.7022387981414795,0.3863285779953003,-0.107943594455719,0.6931007504463196,0.4928000569343567,-0.09400751441717148,0.6789201498031616,0.531949520111084,-0.07142168283462524,0.7490674257278442,0.46400290727615356,-0.06822609901428223,0.7601918578147888,0.4236208200454712,-0.09937671571969986,0.7429989576339722,0.49641820788383484,-0.08366189152002335,0.7237825393676758,0.5301817655563354,-0.06450659781694412
0.6519759893417358,0.6528689861297607,-5.033518846175866e-07,0.5838323831558228,0.6299622058868408,-0.042281098663806915,0.5223991870880127,0.5682365298271179,-0.06815999001264572,0.5074769854545593,0.5060063004493713,-0.09155308455228806,0.5376976132392883,0.4784323573112488,-0.1083233654499054,0.5608266592025757,0.4316723048686981,-0.03255332633852959,0.5562119483947754,0.38229069113731384,-0.0778622254729271,0.5707343816757202,0.4668102264404297,-0.1016242653131485,0.5805405378341675,0.5092628002166748,-0.1125175803899765,0.6274118423461914,0.4190828800201416,-0.032664954662323,0.6257331967353821,0.365078330039978,-0.08046581596136093,0.6303757429122925,0.4726885259151459,-0.08887660503387451,0.628974437713623,0.5143651962280273,-0.08361634612083435,0.6878699064254761,0.42554497718811035,-0.04036765545606613,0.6930415630340576,0.37136152386665344,-0.08891913294792175,0.6859554052352905,0.472896933555603,-0.0755055844783783,0.6749788522720337,0.5153450965881348,-0.054164811968803406,0.7418138384819031,0.4469240605831146,-0.051493410021066666,0.7505674958229065,0.41134363412857056,-0.08077016472816467,0.7333326935768127,0.478741854429245,-0.06790722161531448,0.7143587470054626,0.511553943157196,-0.050729554146528244
0.6512479782104492,0.6483008861541748,-5.074669502391771e-07,0.583186686038971,0.630394697189331,-0.0430891253054142,0.5174091458320618,0.5695280432701111,-0.07057171314954758,0.4997485876083374,0.498308390378952,-0.09498665481805801,0.5358770489692688,0.46374592185020447,-0.11227234452962875,0.5527470111846924,0.4201812148094177,-0.03533042594790459,0.5481640696525574,0.3683333098888397,-0.0811707153916359,0.5626928210258484,0.4523671567440033,-0.10461333394050598,0.5707857608795166,0.497284471988678,-0.11499281972646713,0.6177739500999451,0.4055456817150116,-0.03566107526421547,0.6173993945121765,0.3545825481414795,-0.08324621617794037,0.6237415671348572,0.45926713943481445,-0.09137222915887833,0.6210954785346985,0.49851563572883606,-0.08588908612728119,0.6774901151657104,0.41024160385131836,-0.04358725622296333,0.6837215423583984,0.3654615879058838,-0.09008355438709259,0.679112434387207,0.46076351404190063,-0.07643862068653107,0.6683692932128906,0.49759843945503235,-0.05579429492354393,0.7310717105865479,0.4292444586753845,-0.055244386196136475,0.736257016658783,0.4004465341567993,-0.0817752331495285,0.7241714000701904,0.46528586745262146,-0.06829467415809631,0.7101039290428162,0.49377909302711487,-0.05125531926751137
0.6455561518669128,0.6473702192306519,-5.599971473202459e-07,0.5765109062194824,0.6280500292778015,-0.041262321174144745,0.5129535794258118,0.5676678419113159,-0.06693840771913528,0.49912166595458984,0.4988124370574951,-0.09007132053375244,0.5319568514823914,0.4576101005077362,-0.10632913559675217,0.5479381084442139,0.4295646548271179,-0.033582910895347595,0.5392372012138367,0.3728508949279785,-0.08068276196718216,0.5529482364654541,0.45714354515075684,-0.10430265218019485,0.5623194575309753,0.500511646270752,-0.11441533267498016,0.6126090288162231,0.4175000488758087,-0.03450727462768555,0.6074007153511047,0.35784968733787537,-0.08332204073667526,0.6132591366767883,0.46517908573150635,-0.0905781239271164,0.6140534281730652,0.5060489177703857,-0.08388718217611313,0.6727740168571472,0.42329141497612,-0.0432514064013958,0.6735563278198242,0.3651432991027832,-0.0926537737250328,0.6684906482696533,0.46531757712364197,-0.0781545490026474,0.660568356513977,0.507651686668396,-0.05548708513379097,0.7291883826255798,0.4433423578739166,-0.055286917835474014,0.729904294013977,0.4026026129722595,-0.08540544658899307,0.7152431607246399,0.470161497592926,-0.07194119691848755,0.6998639106750488,0.5055521726608276,-0.05373362824320793
0.6445801258087158,0.6384679675102234,-5.571714609686751e-07,0.5795954465866089,0.6235606670379639,-0.044142283499240875,0.5146372318267822,0.5701702237129211,-0.07222519814968109,0.4937816560268402,0.5011023283004761,-0.09707777947187424,0.5241528153419495,0.4576457440853119,-0.11453106999397278,0.5470054149627686,0.42622190713882446,-0.03719538450241089,0.5373473167419434,0.36760228872299194,-0.0863795056939125,0.5488805174827576,0.4538002908229828,-0.11065027117729187,0.5583038330078125,0.4987483024597168,-0.1206340491771698,0.61104816198349,0.41426587104797363,-0.037014275789260864,0.6051178574562073,0.35481148958206177,-0.08605948090553284,0.6091495752334595,0.46307459473609924,-0.09271737188100815,0.6104392409324646,0.4998343884944916,-0.0857200175523758,0.6710041761398315,0.4203526973724365,-0.04498997703194618,0.672716498374939,0.3636694848537445,-0.09546604752540588,0.6655387878417969,0.46511587500572205,-0.08015806972980499,0.6576387286186218,0.5037000775337219,-0.056866612285375595,0.727414071559906,0.44060876965522766,-0.0563381165266037,0.7284595966339111,0.3982505798339844,-0.08724623173475266,0.7137908339500427,0.4667779505252838,-0.0730259120464325,0.6989416480064392,0.5005764365196228,-0.054072730243206024
0.6479666829109192,0.6413630843162537,-5.472231237035885e-07,0.5809084177017212,0.6236796975135803,-0.04187030345201492,0.5129414796829224,0.5660713911056519,-0.06848404556512833,0.48851990699768066,0.49684199690818787,-0.09283535927534103,0.5177609324455261,0.45768478512763977,-0.1097492128610611,0.5453750491142273,0.41936376690864563,-0.031070541590452194,0.5325251817703247,0.35830971598625183,-0.07859129458665848,0.5445061326026917,0.4430485963821411,-0.10188012570142746,0.5557006597518921,0.4830978810787201,-0.11154190450906754,0.608098030090332,0.40864670276641846,-0.03217272087931633,0.6014288663864136,0.34439361095428467,-0.08090859651565552,0.6031180620193481,0.451323926448822,-0.08741617202758789,0.6048286557197571,0.4856106638908386,-0.07969829440116882,0.6678451299667358,0.415124773979187,-0.04152020066976547,0.6664114594459534,0.3521224558353424,-0.09073371440172195,0.6585151553153992,0.4536533057689667,-0.07512421160936356,0.6536059379577637,0.491374671459198,-0.05132979527115822,0.724982738494873,0.43504995107650757,-0.0543082095682621,0.7239406704902649,0.38815200328826904,-0.0835503563284874,0.7087060809135437,0.4544472396373749,-0.06909798830747604,0.6971657276153564,0.4867439270019531,-0.04995223507285118
0.6492611169815063,0.6458542346954346,-4.461345213258028e-07,0.5778674483299255,0.6395719051361084,-0.028911670669913292,0.5106185674667358,0.5619408488273621,-0.04343724250793457,0.4944511651992798,0.4738128185272217,-0.059508662670850754,0.5293688178062439,0.42697426676750183,-0.06858828663825989,0.5449771285057068,0.4038187563419342,-0.0045905462466180325,0.5263174176216125,0.3221833109855652,-0.04404043033719063,0.5306152701377869,0.3786141872406006,-0.06699039041996002,0.5421608090400696,0.4231213629245758,-0.07646211981773376,0.6005544662475586,0.3840034604072571,-0.00941991712898016,0.5882936716079712,0.28628188371658325,-0.04919653758406639,0.5841423869132996,0.36680710315704346,-0.0582970455288887,0.5903410911560059,0.41450822353363037,-0.05188565328717232,0.656398355960846,0.38792574405670166,-0.022243980318307877,0.6523627638816833,0.29940080642700195,-0.059361059218645096,0.639981210231781,0.3727430999279022,-0.05189608037471771,0.6393863558769226,0.41967806220054626,-0.03417564183473587,0.7133487462997437,0.4110829532146454,-0.03861917182803154,0.714910089969635,0.337414026260376,-0.05917663127183914,0.6924871206283569,0.3649712800979614,-0.05257759988307953,0.6789761185646057,0.39278438687324524,-0.040020834654569626
0.6455143690109253,0.6670015454292297,-3.8351916487044946e-07,0.5705240964889526,0.6591721773147583,-0.025100354105234146,0.5009444952011108,0.5583362579345703,-0.03253587707877159,0.49024736881256104,0.4570940136909485,-0.04341760277748108,0.5380762219429016,0.4229716360569,-0.049278054386377335,0.5437666773796082,0.4165021479129791,0.010800323449075222,0.5272301435470581,0.3220754563808441,-0.017860107123851776,0.5166614651679993,0.34307485818862915,-0.037686992436647415,0.5250933766365051,0.3862520456314087,-0.04702482745051384,0.5942843556404114,0.3960454761981964,0.005833823699504137,0.5835407376289368,0.2836708426475525,-0.02527387998998165,0.5703468918800354,0.33190423250198364,-0.036263272166252136,0.5794320702552795,0.3860451877117157,-0.03301975131034851,0.6445633172988892,0.3977906107902527,-0.006845969706773758,0.6384385824203491,0.29263556003570557,-0.033777378499507904,0.6239109039306641,0.34399712085723877,-0.02890603616833687,0.628848671913147,0.39682188630104065,-0.01579960249364376,0.6981160044670105,0.41568809747695923,-0.02380586974322796,0.6959630250930786,0.3266266882419586,-0.0374319851398468,0.6779412627220154,0.35256198048591614,-0.030935360118746758,0.6738535761833191,0.396056592464447,-0.020848633721470833
0.6429293155670166,0.6616225242614746,-4.2704417069217016e-07,0.5641883611679077,0.6328659057617188,-0.01972014456987381,0.4993155002593994,0.5425886511802673,-0.02887268364429474,0.4901854395866394,0.444023996591568,-0.04274797812104225,0.535706639289856,0.41417598724365234,-0.05239369720220566,0.5452744364738464,0.4015527367591858,0.01570122130215168,0.5278408527374268,0.3056345283985138,-0.013968811370432377,0.5182125568389893,0.3354591727256775,-0.03634127229452133,0.5265424251556396,0.3827688694000244,-0.04689379781484604,0.5927467942237854,0.38410183787345886,0.009617027826607227,0.581549346446991,0.27790117263793945,-0.0207067858427763,0.5684915781021118,0.33061322569847107,-0.03308403864502907,0.5752230286598206,0.3898082375526428,-0.03139396756887436,0.6406371593475342,0.38442838191986084,-0.0038129505701363087,0.6307716369628906,0.28631591796875,-0.028548860922455788,0.6134035587310791,0.3360229432582855,-0.027189990505576134,0.6168141961097717,0.3937346637248993,-0.017064169049263,0.6927133798599243,0.40002626180648804,-0.020978959277272224,0.6856269240379333,0.3160429000854492,-0.03132079914212227,0.6635781526565552,0.337924599647522,-0.026475824415683746,0.6566668152809143,0.3796437382698059,-0.0182401854544878
0.6497902870178223,0.6611696481704712,-4.6150663024491223e-07,0.5666462182998657,0.6312234401702881,-0.016387958079576492,0.501189112663269,0.5413611531257629,-0.022206466645002365,0.48937761783599854,0.4377935230731964,-0.03346121683716774,0.5353589653968811,0.4051906168460846,-0.04031465947628021,0.546963632106781,0.40876638889312744,0.02490265667438507,0.530781090259552,0.31133317947387695,-0.0019322687294334173,0.5222919583320618,0.3464978337287903,-0.023571647703647614,0.5324621200561523,0.3980357050895691,-0.033857811242341995,0.5928034782409668,0.3900904655456543,0.018339820206165314,0.5809488296508789,0.27958962321281433,-0.008346134796738625,0.5692389011383057,0.3295884430408478,-0.02130003832280636,0.5792694687843323,0.38762199878692627,-0.020826643332839012,0.6397725939750671,0.38768303394317627,0.004461278207600117,0.6295905709266663,0.2909011244773865,-0.017828786745667458,0.6140114068984985,0.3383636474609375,-0.017325855791568756,0.6209763884544373,0.39366716146469116,-0.008363066241145134,0.6920145153999329,0.3994341790676117,-0.012898602522909641,0.6837280988693237,0.31311842799186707,-0.020663484930992126,0.6636343598365784,0.3363576829433441,-0.01466156356036663,0.6608210802078247,0.38027650117874146,-0.006232696585357189
0.6477562189102173,0.6622601747512817,-4.838522045247373e-07,0.5673696398735046,0.6237502098083496,-0.014849993400275707,0.5088620185852051,0.5369175672531128,-0.022469142451882362,0.5015887022018433,0.4434479773044586,-0.03604308143258095,0.5467619299888611,0.4099544584751129,-0.04509120434522629,0.551362156867981,0.3990263342857361,0.02300720475614071,0.5361316204071045,0.3064059615135193,-0.006353640928864479,0.5275527238845825,0.3496188223361969,-0.029191648587584496,0.5386802554130554,0.39852583408355713,-0.04026325047016144,0.5979081988334656,0.3835066556930542,0.014335870742797852,0.5876103043556213,0.2773211896419525,-0.01431630365550518,0.5755642652511597,0.33263710141181946,-0.026992028579115868,0.5860708355903625,0.38612228631973267,-0.026516614481806755,0.6462914943695068,0.38295620679855347,-0.001505702850408852,0.6403704881668091,0.28718501329421997,-0.024744417518377304,0.6237049698829651,0.3383272886276245,-0.021458406001329422,0.630096435546875,0.3910282552242279,-0.01110637467354536,0.6992214918136597,0.3986412286758423,-0.020808804780244827,0.6951113343238831,0.31302738189697266,-0.028334178030490875,0.6740825176239014,0.34215396642684937,-0.019775165244936943,0.6702146530151367,0.38634970784187317,-0.00973410252481699
0.6547421216964722,0.6561063528060913,-4.794114261130744e-07,0.5757544040679932,0.617969274520874,-0.018309567123651505,0.5146481990814209,0.5330321788787842,-0.027818720787763596,0.5027443170547485,0.43871307373046875,-0.04279477521777153,0.5461450815200806,0.4052753150463104,-0.05321388319134712,0.5579022169113159,0.39492321014404297,0.021228322759270668,0.5437362194061279,0.30504417419433594,-0.00959199108183384,0.5381472706794739,0.34757113456726074,-0.03350949287414551,0.5487579703330994,0.39857059717178345,-0.04508500546216965,0.604529857635498,0.37862423062324524,0.01403555367141962,0.5932560563087463,0.2762823700904846,-0.017311913892626762,0.5854920148849487,0.3359287679195404,-0.03166888281702995,0.596342921257019,0.39340925216674805,-0.03141041100025177,0.6530397534370422,0.37707507610321045,-0.000662122096400708,0.6459589004516602,0.2832503020763397,-0.0267092976719141,0.6326553225517273,0.33859139680862427,-0.02532334439456463,0.637782871723175,0.39544838666915894,-0.014929955825209618,0.7052144408226013,0.39065244793891907,-0.018858497962355614,0.6995552778244019,0.3108071982860565,-0.02896767295897007,0.6810107231140137,0.3414544463157654,-0.022284215316176414,0.6771871447563171,0.3863780200481415,-0.012616381049156189
0.6538437008857727,0.6508312821388245,-4.5537817072727194e-07,0.5714573860168457,0.6102920174598694,-0.015935702249407768,0.5119109749794006,0.5244482755661011,-0.02392164245247841,0.5046151876449585,0.4315366744995117,-0.037819754332304,0.5480745434761047,0.4062749147415161,-0.0471561998128891,0.5586186051368713,0.39120960235595703,0.025504041463136673,0.5450968146324158,0.3030407726764679,-0.0039608958177268505,0.5393916368484497,0.34282463788986206,-0.027779748663306236,0.5481022596359253,0.3925030529499054,-0.03914228081703186,0.6047583222389221,0.37572115659713745,0.018225356936454773,0.594474732875824,0.27776038646698,-0.011080272495746613,0.5861729979515076,0.3331068754196167,-0.025753440335392952,0.5942980647087097,0.38790637254714966,-0.026217807084321976,0.6512149572372437,0.37531763315200806,0.003433023812249303,0.6462218761444092,0.2853386402130127,-0.020047582685947418,0.6308128237724304,0.3321506679058075,-0.02029205858707428,0.6322325468063354,0.3860495686531067,-0.011571287177503109,0.7015443444252014,0.39012664556503296,-0.01478544156998396,0.6996465921401978,0.3100377023220062,-0.022405970841646194,0.6789747476577759,0.3285025954246521,-0.016972988843917847,0.6705541014671326,0.36621010303497314,-0.008652018383145332
0.6486966013908386,0.6140424013137817,-4.87981083097111e-07,0.5703322291374207,0.577816367149353,-0.014611040242016315,0.5102768540382385,0.4931028187274933,-0.0222324151545763,0.5024052262306213,0.4051227569580078,-0.035675596445798874,0.5347433686256409,0.36714935302734375,-0.044675908982753754,0.5492236614227295,0.35649383068084717,0.02187425270676613,0.5365371704101562,0.2744327783584595,-0.011104385368525982,0.5371087789535522,0.32630518078804016,-0.03410761058330536,0.5459776520729065,0.3724227845668793,-0.0441342368721962,0.5976424217224121,0.3424088954925537,0.011838002130389214,0.5904849767684937,0.2517259418964386,-0.02005898207426071,0.586509108543396,0.3200370967388153,-0.03264959156513214,0.5913869142532349,0.36542344093322754,-0.031055156141519547,0.6467132568359375,0.34163421392440796,-0.005498070269823074,0.6444600820541382,0.26537084579467773,-0.032508715987205505,0.6347672343254089,0.3300957977771759,-0.025177065283060074,0.6352341175079346,0.3711896240711212,-0.011243287473917007,0.6979622840881348,0.35607126355171204,-0.025868354365229607,0.6951088309288025,0.28523629903793335,-0.033985577523708344,0.68166583776474,0.3290899991989136,-0.01936127431690693,0.6785167455673218,0.3648914098739624,-0.0042375545017421246
0.6415248513221741,0.6125572323799133,-2.5902312472680933e-07,0.5581359267234802,0.5736822485923767,-0.013270505703985691,0.4987446069717407,0.4869990050792694,-0.018088100478053093,0.49316906929016113,0.3945624828338623,-0.029462551698088646,0.5324224233627319,0.344812273979187,-0.03813992440700531,0.5521742701530457,0.35605672001838684,0.03089991584420204,0.5403765439987183,0.2743065059185028,0.005877807270735502,0.530364990234375,0.27205950021743774,-0.017431989312171936,0.52959805727005,0.2949046492576599,-0.029319798573851585,0.6031620502471924,0.3366492688655853,0.02204842120409012,0.5970567464828491,0.23438341915607452,-0.004939364735037088,0.5849671363830566,0.26303067803382874,-0.023505913093686104,0.584275484085083,0.31236621737480164,-0.02664312534034252,0.6537895202636719,0.33294424414634705,0.006556852255016565,0.6509078145027161,0.2422061413526535,-0.01679224707186222,0.6335645318031311,0.2791847288608551,-0.018958179280161858,0.62949538230896,0.3334989845752716,-0.010714414529502392,0.7087097764015198,0.34476715326309204,-0.012107586488127708,0.7122671604156494,0.2564769685268402,-0.02170160971581936,0.6903396844863892,0.2659759521484375,-0.016535693779587746,0.6759839057922363,0.30240532755851746,-0.0074904426001012325
0.6546661853790283,0.5910330414772034,-1.6464740326682659e-07,0.5669416785240173,0.5726239085197449,-0.02522096037864685,0.4916190505027771,0.4588235318660736,-0.03229791671037674,0.47830837965011597,0.3438873291015625,-0.0429498627781868,0.5286775827407837,0.29941827058792114,-0.05018256604671478,0.5460574626922607,0.31108617782592773,0.01553802378475666,0.5331669449806213,0.21923792362213135,-0.013144448399543762,0.5252646803855896,0.20527739822864532,-0.03655456006526947,0.5249530076980591,0.22237153351306915,-0.04883446916937828,0.6099455952644348,0.2874794006347656,0.010050401091575623,0.602283239364624,0.17612731456756592,-0.02048249915242195,0.5909821391105652,0.20698830485343933,-0.037202268838882446,0.5907790660858154,0.25601908564567566,-0.0379403792321682,0.6721874475479126,0.28626391291618347,-0.002695563016459346,0.6708106994628906,0.18406997621059418,-0.0324929803609848,0.6549181342124939,0.23698467016220093,-0.030705709010362625,0.652748167514801,0.295490026473999,-0.018058743327856064,0.7364926338195801,0.30416321754455566,-0.019259857013821602,0.7378497123718262,0.20922060310840607,-0.035350531339645386,0.7184456586837769,0.2368983030319214,-0.02764875255525112,0.7100211381912231,0.2824057936668396,-0.01522860024124384
0.6418702006340027,0.6061632037162781,-6.71870736823621e-08,0.5517680644989014,0.5642032027244568,-0.02224987931549549,0.48457592725753784,0.4532324969768524,-0.031275052577257156,0.4747163653373718,0.34576869010925293,-0.04281049221754074,0.5069376230239868,0.2924089729785919,-0.052076395601034164,0.5525566935539246,0.303171306848526,0.00834326446056366,0.5415263175964355,0.2092743068933487,-0.016767999157309532,0.5314081907272339,0.17578469216823578,-0.04096387326717377,0.5250787734985352,0.16572509706020355,-0.05612093582749367,0.6160609126091003,0.2864696681499481,0.0018303832039237022,0.6125481128692627,0.17671985924243927,-0.021264879032969475,0.5985893607139587,0.16278301179409027,-0.0392724834382534,0.5893653035163879,0.17489580810070038,-0.04680237919092178,0.6765286922454834,0.2907794713973999,-0.010991663672029972,0.6816620230674744,0.18935737013816833,-0.03230093792080879,0.6615803837776184,0.18683993816375732,-0.03522834926843643,0.6469796895980835,0.20727355778217316,-0.03153965249657631,0.7383208274841309,0.31525835394859314,-0.027696646749973297,0.7471025586128235,0.2192249447107315,-0.04040206968784332,0.7244849801063538,0.2029934823513031,-0.03751925379037857,0.701379120349884,0.21362926065921783,-0.031672000885009766
0.6461844444274902,0.6249367594718933,-7.544875870735268e-07,0.5610136389732361,0.575836718082428,-0.06251829117536545,0.4949488639831543,0.4833056926727295,-0.10181008279323578,0.48524561524391174,0.3960602879524231,-0.13683061301708221,0.5176008939743042,0.354945570230484,-0.1628492772579193,0.5553027987480164,0.306047648191452,-0.059747543185949326,0.5576586127281189,0.23157772421836853,-0.1258143037557602,0.5698360800743103,0.34575366973876953,-0.15775780379772186,0.571316659450531,0.40871694684028625,-0.1712081879377365,0.6386300921440125,0.3045545220375061,-0.05957739055156708,0.6493134498596191,0.23364152014255524,-0.13343092799186707,0.6448981761932373,0.3764052987098694,-0.15097354352474213,0.6293787956237793,0.43014001846313477,-0.14713402092456818,0.7148618698120117,0.3275722563266754,-0.06901921331882477,0.7346481680870056,0.2571306824684143,-0.14399592578411102,0.7157648801803589,0.3866838216781616,-0.13222047686576843,0.6902065277099609,0.44144707918167114,-0.10625854879617691,0.7809925079345703,0.3683353066444397,-0.08277560025453568,0.8075866103172302,0.3171728551387787,-0.13257454335689545,0.7799546718597412,0.4013335704803467,-0.12011484056711197,0.7453294992446899,0.44554242491722107,-0.09842713922262192
0.641480028629303,0.6279902458190918,-7.935782377899159e-07,0.5544530153274536,0.5891543626785278,-0.056326329708099365,0.48646289110183716,0.49414968490600586,-0.09182631969451904,0.48405444622039795,0.41296595335006714,-0.12414085119962692,0.5273460149765015,0.3841528594493866,-0.14808128774166107,0.5544388294219971,0.3352021872997284,-0.05982107296586037,0.5538157820701599,0.261516273021698,-0.12248305976390839,0.5608827471733093,0.3794730305671692,-0.15001435577869415,0.5609272718429565,0.44527214765548706,-0.1600089967250824,0.6398932337760925,0.3333503007888794,-0.06051139906048775,0.6450711488723755,0.263661652803421,-0.12543892860412598,0.6381085515022278,0.40476471185684204,-0.13438522815704346,0.626020073890686,0.4554353952407837,-0.1265960931777954,0.7174086570739746,0.3536127507686615,-0.07028137892484665,0.7322965860366821,0.2814751863479614,-0.13683666288852692,0.7125987410545349,0.4116879999637604,-0.11824417114257812,0.6904650926589966,0.46491342782974243,-0.08991646766662598,0.7844688892364502,0.39018383622169495,-0.08427783101797104,0.8058649301528931,0.33827832341194153,-0.12625578045845032,0.7781662344932556,0.41944319009780884,-0.10961146652698517,0.7483326196670532,0.46007418632507324,-0.08686141669750214
0.6307783126831055,0.6241869926452637,-7.710244744885131e-07,0.5537400245666504,0.5950443744659424,-0.0731314867734909,0.48853135108947754,0.510656476020813,-0.11761478334665298,0.47852128744125366,0.43922173976898193,-0.15563084185123444,0.5152553915977478,0.40394607186317444,-0.18406175076961517,0.5551460981369019,0.3496975302696228,-0.08085685223340988,0.5534281134605408,0.2803957462310791,-0.15107475221157074,0.562884509563446,0.40494856238365173,-0.17951594293117523,0.5631631016731262,0.4719894528388977,-0.18890641629695892,0.6428380012512207,0.34731432795524597,-0.07477021962404251,0.6475671529769897,0.28563156723976135,-0.14940886199474335,0.6397218704223633,0.4396013915538788,-0.15830881893634796,0.6261193752288818,0.4896681308746338,-0.14899107813835144,0.7201806306838989,0.367307186126709,-0.07912582904100418,0.7337814569473267,0.3031977415084839,-0.15529806911945343,0.7118648290634155,0.44093650579452515,-0.13435539603233337,0.6881970763206482,0.49278131127357483,-0.10279640555381775,0.785729706287384,0.4015914499759674,-0.08880146592855453,0.8076238632202148,0.35650599002838135,-0.1367066353559494,0.7785446047782898,0.44369590282440186,-0.11948303878307343,0.7462169528007507,0.4822334945201874,-0.09562145173549652
0.6346597671508789,0.6208436489105225,-5.769226731899835e-07,0.555436372756958,0.602936327457428,-0.08790744096040726,0.4887408912181854,0.5251379609107971,-0.14524734020233154,0.4795386791229248,0.4649239480495453,-0.1929364949464798,0.5197036266326904,0.4336537718772888,-0.23174306750297546,0.5494689345359802,0.37615445256233215,-0.12061044573783875,0.5572132468223572,0.3263055086135864,-0.20032045245170593,0.568744957447052,0.44881296157836914,-0.23153090476989746,0.5675690770149231,0.5045010447502136,-0.2444867044687271,0.6363640427589417,0.36917635798454285,-0.11302626132965088,0.6544889807701111,0.3209838271141052,-0.2026122808456421,0.6492205858230591,0.4629306197166443,-0.21810105443000793,0.6299725770950317,0.5059414505958557,-0.214351087808609,0.7140008211135864,0.3814838230609894,-0.11496114730834961,0.7350387573242188,0.334719181060791,-0.2029152363538742,0.7159310579299927,0.4678948223590851,-0.1864434778690338,0.6877263188362122,0.5113328099250793,-0.15911565721035004,0.7787779569625854,0.4043641984462738,-0.12317202240228653,0.8073369264602661,0.3849666118621826,-0.1816108524799347,0.7816867232322693,0.4743865132331848,-0.17021603882312775,0.7480506896972656,0.5056735873222351,-0.15146051347255707
0.619811475276947,0.6346637010574341,-7.768495038362744e-07,0.5402822494506836,0.604141354560852,-0.0672067180275917,0.4838944673538208,0.5229395627975464,-0.10787765681743622,0.4780521094799042,0.4597204923629761,-0.14297576248645782,0.4924014210700989,0.4228382408618927,-0.16960376501083374,0.5501391887664795,0.3640705943107605,-0.07697322219610214,0.5540882349014282,0.31709596514701843,-0.14364862442016602,0.5590779185295105,0.43765386939048767,-0.17019374668598175,0.5555179119110107,0.49533477425575256,-0.179189994931221,0.6361814737319946,0.3583034574985504,-0.07346700876951218,0.6477460265159607,0.32139265537261963,-0.1447189301252365,0.6358047723770142,0.46523696184158325,-0.15387870371341705,0.6202630996704102,0.5048211216926575,-0.14612968266010284,0.7126224040985107,0.37613871693611145,-0.07952070981264114,0.7302541732788086,0.33735376596450806,-0.154502272605896,0.7070300579071045,0.46813008189201355,-0.138231098651886,0.6834983229637146,0.507743775844574,-0.11105935275554657,0.7774762511253357,0.40920290350914,-0.09014970809221268,0.8032603859901428,0.3859257102012634,-0.13865479826927185,0.7706353068351746,0.47249653935432434,-0.12449643760919571,0.7366146445274353,0.503532886505127,-0.10325618833303452
0.6424994468688965,0.627316951751709,-6.376815804287617e-07,0.5585182905197144,0.5916385054588318,-0.06286178529262543,0.4834912419319153,0.5090834498405457,-0.10332687944173813,0.4709225296974182,0.426057368516922,-0.1394391804933548,0.5230106711387634,0.39080944657325745,-0.16567063331604004,0.5466403961181641,0.3562101423740387,-0.061914972960948944,0.5394601821899414,0.27881908416748047,-0.1282234638929367,0.5461552143096924,0.39051803946495056,-0.15658535063266754,0.5499266386032104,0.4479702413082123,-0.16716913878917694,0.6303088665008545,0.35209566354751587,-0.058756180107593536,0.6246845126152039,0.28620582818984985,-0.12576937675476074,0.6217127442359924,0.42390868067741394,-0.13377158343791962,0.616909384727478,0.46657663583755493,-0.125892773270607,0.707789421081543,0.3678090274333954,-0.06615149229764938,0.7118685245513916,0.2934228181838989,-0.13632485270500183,0.6950127482414246,0.4257538616657257,-0.11589765548706055,0.6810880303382874,0.47333452105522156,-0.08615250140428543,0.7794967293739319,0.3992312550544739,-0.07850760221481323,0.7875527143478394,0.35564592480659485,-0.12446585297584534,0.7596861124038696,0.44450414180755615,-0.10979156941175461,0.7352951169013977,0.48331934213638306,-0.08831977099180222
0.636207640171051,0.6297054886817932,-6.667905836366117e-07,0.5522921681404114,0.5842408537864685,-0.060254327952861786,0.4872206151485443,0.4942142367362976,-0.0983005091547966,0.47653165459632874,0.41328850388526917,-0.13234727084636688,0.506549596786499,0.36730054020881653,-0.15795308351516724,0.5487885475158691,0.3216865062713623,-0.0581677071750164,0.5419816970825195,0.25620514154434204,-0.12545600533485413,0.5418584942817688,0.3644217252731323,-0.1594160944223404,0.5426269769668579,0.4319898784160614,-0.17276635766029358,0.6298580765724182,0.32209232449531555,-0.05721808597445488,0.6277802586555481,0.26045775413513184,-0.1275860071182251,0.6154122352600098,0.3958786725997925,-0.14119765162467957,0.6105685234069824,0.45475882291793823,-0.13437041640281677,0.7053005695343018,0.34920328855514526,-0.06643664836883545,0.7110176086425781,0.2809031009674072,-0.13652071356773376,0.6872077584266663,0.40248730778694153,-0.12246005982160568,0.6722265481948853,0.4601649343967438,-0.0952785462141037,0.77283775806427,0.39403218030929565,-0.08013932406902313,0.7892387509346008,0.3394320011138916,-0.12584766745567322,0.7568196654319763,0.4137207865715027,-0.11304689198732376,0.7289714813232422,0.4571610391139984,-0.09116430580615997
0.6479109525680542,0.6153664588928223,-1.4590855812457448e-07,0.5609380602836609,0.577052652835846,-0.032115254551172256,0.4925059676170349,0.4710180461406708,-0.051028259098529816,0.4860871136188507,0.3785231411457062,-0.06954808533191681,0.5060460567474365,0.3212844729423523,-0.08501935750246048,0.5530787706375122,0.2905614972114563,-0.015764202922582626,0.5443540811538696,0.2099880874156952,-0.05514270439743996,0.5365064740180969,0.20799481868743896,-0.08597535640001297,0.5315154790878296,0.21033310890197754,-0.10422628372907639,0.6240676641464233,0.2836732864379883,-0.022460689768195152,0.6259962916374207,0.19409392774105072,-0.0584099106490612,0.6163160800933838,0.22979803383350372,-0.0762723833322525,0.6106595993041992,0.25346609950065613,-0.08200406283140182,0.6917179822921753,0.3020736575126648,-0.036190733313560486,0.7006588578224182,0.22305363416671753,-0.06863555312156677,0.6841157674789429,0.25810080766677856,-0.06494734436273575,0.6733366250991821,0.27869200706481934,-0.05638105049729347,0.755996584892273,0.3434496223926544,-0.05409983918070793,0.7708507776260376,0.2692124843597412,-0.07374491542577744,0.7544353008270264,0.2885549068450928,-0.06404544413089752,0.7421858310699463,0.30588817596435547,-0.052194539457559586
0.6384568214416504,0.6216549873352051,-5.124175572746026e-07,0.544007420539856,0.5854788422584534,-0.026258187368512154,0.4723491966724396,0.4823201596736908,-0.03554213419556618,0.4596538543701172,0.3676375150680542,-0.04972298815846443,0.5033121109008789,0.3133518695831299,-0.05722746625542641,0.5230823159217834,0.3224043846130371,0.02516487054526806,0.5091437101364136,0.21019510924816132,-0.009884451515972614,0.5018235445022583,0.25225630402565,-0.03523838520050049,0.5107717514038086,0.30937841534614563,-0.045869581401348114,0.583653450012207,0.3035098612308502,0.020056691020727158,0.5759437084197998,0.17812788486480713,-0.017533548176288605,0.5608373880386353,0.25118911266326904,-0.03342266380786896,0.5688721537590027,0.3187170624732971,-0.0305191483348608,0.6441228985786438,0.3049751818180084,0.005544349085539579,0.6418092846870422,0.19636419415473938,-0.027762573212385178,0.6210271716117859,0.265580952167511,-0.025170540437102318,0.6252325177192688,0.33177968859672546,-0.010025751776993275,0.7102648019790649,0.3246798813343048,-0.013207398355007172,0.7115538716316223,0.22606444358825684,-0.028199490159749985,0.6855031847953796,0.26097097992897034,-0.020414266735315323,0.6775165796279907,0.3128553628921509,-0.007323042955249548
0.6424205303192139,0.6430554986000061,-6.40883570213191e-07,0.5455244779586792,0.6103353500366211,-0.024847175925970078,0.4665890634059906,0.49680474400520325,-0.032978903502225876,0.4578399658203125,0.37780290842056274,-0.04693569242954254,0.5125104188919067,0.34288203716278076,-0.054334856569767,0.5222917795181274,0.33638685941696167,0.027704499661922455,0.5034198760986328,0.2243155539035797,-0.008762886747717857,0.49938446283340454,0.2847558557987213,-0.0351390577852726,0.5137313008308411,0.34426191449165344,-0.04726434126496315,0.5828125476837158,0.31348705291748047,0.021346788853406906,0.5692316293716431,0.19116398692131042,-0.01640939712524414,0.5579352378845215,0.2675974369049072,-0.030972754582762718,0.5695464015007019,0.3322913348674774,-0.027798717841506004,0.641249418258667,0.3106079697608948,0.004931736271828413,0.6343816518783569,0.1989094614982605,-0.02700892835855484,0.6159558296203613,0.2687636613845825,-0.02235967293381691,0.6222330331802368,0.33298760652542114,-0.007118000648915768,0.7056779861450195,0.32593947649002075,-0.016207758337259293,0.700713038444519,0.22747695446014404,-0.027828441932797432,0.6777521371841431,0.26555031538009644,-0.018494432792067528,0.6745057106018066,0.31634199619293213,-0.005881159566342831
0.6589564085006714,0.6462310552597046,-5.377623892854899e-07,0.5542411804199219,0.5935896039009094,-0.016088305041193962,0.4802996814250946,0.4886217713356018,-0.02106926590204239,0.47043120861053467,0.36840108036994934,-0.034039080142974854,0.5244952440261841,0.3237282931804657,-0.04083158075809479,0.5373864769935608,0.3303862512111664,0.04649721831083298,0.5227380990982056,0.22085297107696533,0.015546050854027271,0.5089454650878906,0.259678453207016,-0.013360471464693546,0.5134172439575195,0.3165527284145355,-0.027975112199783325,0.5946674346923828,0.3089178204536438,0.03818576782941818,0.5875349044799805,0.18761922419071198,0.006119159981608391,0.5697569251060486,0.24338068068027496,-0.014920397661626339,0.5727674961090088,0.3114979565143585,-0.018490759655833244,0.6509602069854736,0.3061053156852722,0.020483113825321198,0.6494154334068298,0.19501902163028717,-0.00522653991356492,0.6239045858383179,0.24062223732471466,-0.009041276760399342,0.6209676265716553,0.3079046607017517,-0.0014659714652225375,0.7137147784233093,0.3225637376308441,-0.0015126350335776806,0.7168455123901367,0.22174037992954254,-0.011913889087736607,0.685211181640625,0.23521235585212708,-0.00954423751682043,0.6662870049476624,0.2826848030090332,-0.002296398626640439
0.6615924835205078,0.6489627957344055,-4.770065515913302e-07,0.5633286833763123,0.6092868447303772,-0.02036745660007,0.4866636395454407,0.49497300386428833,-0.02827376313507557,0.47888776659965515,0.3681030571460724,-0.042308587580919266,0.5384469032287598,0.32713449001312256,-0.051802076399326324,0.5438263416290283,0.3326876163482666,0.03273535519838333,0.5317510366439819,0.22774645686149597,0.0010499609634280205,0.5174427032470703,0.2516101002693176,-0.027679234743118286,0.520167350769043,0.3002487123012543,-0.04290933907032013,0.6019679307937622,0.3100447654724121,0.025234155356884003,0.594905436038971,0.19378207623958588,-0.004640899132937193,0.5772656202316284,0.24124737083911896,-0.022139577195048332,0.5787054896354675,0.3027102053165436,-0.025074385106563568,0.6593878269195557,0.30792275071144104,0.008564074523746967,0.657792329788208,0.19609016180038452,-0.01692151464521885,0.6355598568916321,0.2412872463464737,-0.017998628318309784,0.6340734958648682,0.3028983771800995,-0.01046616118401289,0.722342312335968,0.32618433237075806,-0.012537704780697823,0.7199888825416565,0.22896221280097961,-0.023291999474167824,0.6945668458938599,0.2520201504230499,-0.018353670835494995,0.6830816864967346,0.30003392696380615,-0.010684010572731495
0.6580292582511902,0.6576184034347534,-5.819085231451027e-07,0.5544340014457703,0.6120368242263794,-0.017386632040143013,0.48168328404426575,0.49473968148231506,-0.021299410611391068,0.4773809611797333,0.3744669556617737,-0.033251743763685226,0.5254577398300171,0.34045296907424927,-0.039558857679367065,0.542004406452179,0.34205496311187744,0.04521593824028969,0.5294033885002136,0.23007111251354218,0.012718984857201576,0.5150362253189087,0.2737863063812256,-0.015144702978432178,0.5196337699890137,0.335934042930603,-0.02817852608859539,0.6002001762390137,0.32249394059181213,0.03625878691673279,0.5921021699905396,0.1999758630990982,0.0009312679758295417,0.5723105669021606,0.2688741981983185,-0.01830318756401539,0.5767867565155029,0.34213411808013916,-0.01851523667573929,0.6560547351837158,0.3219582438468933,0.017373140901327133,0.6558113694190979,0.20639626681804657,-0.011630465276539326,0.6309452056884766,0.26406916975975037,-0.013820623978972435,0.6312339305877686,0.335446834564209,-0.0037373488303273916,0.717695415019989,0.3381192982196808,-0.005762129090726376,0.7201849222183228,0.23708531260490417,-0.016806818544864655,0.6918331980705261,0.26307913661003113,-0.011874471791088581,0.6808743476867676,0.31550514698028564,-0.002324286149814725
0.6496651768684387,0.6485781669616699,-5.827576501360454e-07,0.5486060976982117,0.6017900109291077,-0.021354040130972862,0.4754033088684082,0.4890475571155548,-0.030056223273277283,0.4791160225868225,0.3722950518131256,-0.04600942134857178,0.5382792949676514,0.33403265476226807,-0.055997367948293686,0.5345050096511841,0.33334067463874817,0.029970506206154823,0.5209717750549316,0.2223520427942276,-0.005135831888765097,0.5062772631645203,0.28176164627075195,-0.03229794278740883,0.5131330490112305,0.34484779834747314,-0.044953182339668274,0.591758668422699,0.31459811329841614,0.022424709051847458,0.5819739103317261,0.19178952276706696,-0.013109824620187283,0.561223030090332,0.2617325484752655,-0.02887936495244503,0.568603515625,0.33229246735572815,-0.027390064671635628,0.6489083766937256,0.3125286102294922,0.005293198395520449,0.6422454714775085,0.20115827023983002,-0.022440586239099503,0.6172792911529541,0.2628363370895386,-0.020972589030861855,0.620216429233551,0.3337087333202362,-0.008867778815329075,0.7116571664810181,0.3263189494609833,-0.016597790643572807,0.7064785957336426,0.22760730981826782,-0.026015810668468475,0.6759136319160461,0.25356703996658325,-0.019285567104816437,0.6644172072410583,0.3054772615432739,-0.0088184280321002
0.6478210687637329,0.6482406854629517,-5.937527021160349e-07,0.5510246753692627,0.593946099281311,-0.017908765003085136,0.48174142837524414,0.4880220592021942,-0.026536954566836357,0.4736892282962799,0.3742455542087555,-0.04275872930884361,0.5231320858001709,0.32186904549598694,-0.05302366986870766,0.5328559875488281,0.3366064727306366,0.03123156540095806,0.5186816453933716,0.22512659430503845,-0.0040868776850402355,0.5034855604171753,0.2803005278110504,-0.031853072345256805,0.5102570652961731,0.3411613404750824,-0.04479815810918808,0.588253915309906,0.31759944558143616,0.022294990718364716,0.5791721343994141,0.19579684734344482,-0.01224546879529953,0.5568830966949463,0.260367751121521,-0.029196232557296753,0.5618563294410706,0.32637614011764526,-0.02975347824394703,0.6443081498146057,0.31462499499320984,0.00439989659935236,0.6394398808479309,0.20441487431526184,-0.02259102091193199,0.6124130487442017,0.26034867763519287,-0.02152545563876629,0.6118896007537842,0.3275328576564789,-0.010873246937990189,0.7050257325172424,0.3287385106086731,-0.017692266032099724,0.7045463919639587,0.22953271865844727,-0.02655928023159504,0.673923134803772,0.2504652142524719,-0.019497741013765335,0.6597941517829895,0.29758232831954956,-0.009312054142355919
0.6428547501564026,0.6431645154953003,-5.779585876553028e-07,0.5438419580459595,0.5893902778625488,-0.013042684644460678,0.47555360198020935,0.48059141635894775,-0.01734120585024357,0.4755491614341736,0.3673490881919861,-0.030522553250193596,0.5292903780937195,0.3328186869621277,-0.03909923881292343,0.5331541299819946,0.3332894742488861,0.03945458307862282,0.5183245539665222,0.22405457496643066,0.008731025271117687,0.5005013346672058,0.2682763636112213,-0.017570504918694496,0.5037620067596436,0.3268600404262543,-0.029994124546647072,0.5866776704788208,0.31570911407470703,0.029154865071177483,0.5756965279579163,0.19645839929580688,-0.0031886945944279432,0.5545638799667358,0.2592197060585022,-0.021118449047207832,0.5603766441345215,0.330657422542572,-0.021762078627943993,0.6409956216812134,0.3140690326690674,0.010374205186963081,0.6330278515815735,0.20518913865089417,-0.014440796338021755,0.6073465943336487,0.26106756925582886,-0.016167594119906425,0.6082268953323364,0.3323603570461273,-0.006776518654078245,0.7007157206535339,0.3286394774913788,-0.0123438136652112,0.6989545822143555,0.22656245529651642,-0.019617049023509026,0.6668900847434998,0.24461060762405396,-0.01410137303173542,0.6515170335769653,0.29477882385253906,-0.0049959272146224976
0.6453031897544861,0.6362969279289246,-6.101527674218232e-07,0.5492423176765442,0.5854791402816772,-0.01959381252527237,0.47546517848968506,0.4816110134124756,-0.029347389936447144,0.4718082547187805,0.36646583676338196,-0.04630427062511444,0.5303572416305542,0.32126444578170776,-0.057483475655317307,0.5278979539871216,0.3279833197593689,0.02932111546397209,0.5135876536369324,0.22199887037277222,-0.006491559557616711,0.5045897960662842,0.2809784412384033,-0.03440537303686142,0.5129825472831726,0.3431752324104309,-0.04755488038063049,0.5850704312324524,0.30906692147254944,0.021053995937108994,0.5754807591438293,0.19384758174419403,-0.015077986754477024,0.5608572959899902,0.2697330713272095,-0.03171683847904205,0.5683856010437012,0.33834022283554077,-0.031096190214157104,0.6424716711044312,0.3061496615409851,0.003743860637769103,0.6382312178611755,0.2019214779138565,-0.024888411164283752,0.6168073415756226,0.2698535919189453,-0.022431034594774246,0.6176891326904297,0.33850666880607605,-0.009757167659699917,0.7036897540092468,0.3203265964984894,-0.01783313974738121,0.7029520869255066,0.22602474689483643,-0.027302488684654236,0.6771169304847717,0.258666455745697,-0.018896501511335373,0.6674144268035889,0.30958372354507446,-0.007256751414388418
0.6411147713661194,0.6356388330459595,-4.1275461626355536e-07,0.5427729487419128,0.58877032995224,-0.01795264706015587,0.4736226797103882,0.48248088359832764,-0.025160130113363266,0.4717835783958435,0.37004655599594116,-0.03956837207078934,0.5194497108459473,0.3170423209667206,-0.04964602366089821,0.5328527688980103,0.3262110650539398,0.035263791680336,0.520636260509491,0.22342897951602936,0.0027284258976578712,0.5012052059173584,0.238516166806221,-0.027158187702298164,0.49632105231285095,0.2866657078266144,-0.04184369370341301,0.5882153511047363,0.3074740469455719,0.026769882068037987,0.58365398645401,0.19171059131622314,-0.003462995635345578,0.5597451329231262,0.22732065618038177,-0.02333429642021656,0.555006742477417,0.2881444990634918,-0.027542227879166603,0.6428683996200562,0.30705225467681885,0.009064916521310806,0.64482182264328,0.20021040737628937,-0.015763696283102036,0.6158415079116821,0.2357114553451538,-0.019391218200325966,0.6080731749534607,0.29752472043037415,-0.013046246021986008,0.7027177810668945,0.32522881031036377,-0.01308614481240511,0.7075166702270508,0.22631990909576416,-0.024556439369916916,0.6756011247634888,0.23602506518363953,-0.021793676540255547,0.6549741625785828,0.2808806598186493,-0.014860979281365871
0.6370478868484497,0.6327469944953918,-5.162269758329785e-07,0.5425793528556824,0.5865970253944397,-0.018075594678521156,0.47336867451667786,0.4767865240573883,-0.02500748075544834,0.46581465005874634,0.3626462519168854,-0.03954891487956047,0.5159413814544678,0.32643985748291016,-0.04927697032690048,0.5285942554473877,0.31556209921836853,0.03795192018151283,0.5166001915931702,0.21242113411426544,0.00535588338971138,0.49986982345581055,0.2534554898738861,-0.02257821336388588,0.5033165216445923,0.3105841875076294,-0.036181144416332245,0.5857032537460327,0.29604899883270264,0.028503471985459328,0.5794133543968201,0.18018899857997894,-0.004951780196279287,0.5556260943412781,0.2380821257829666,-0.02383759245276451,0.5568529367446899,0.3080914616584778,-0.024737335741519928,0.6426522135734558,0.29365628957748413,0.009868450462818146,0.6398137807846069,0.18965351581573486,-0.015918344259262085,0.6120533347129822,0.24640077352523804,-0.017175203189253807,0.6096570491790771,0.3151475191116333,-0.0075749000534415245,0.7044722437858582,0.30928659439086914,-0.01315598376095295,0.6989469528198242,0.21884074807167053,-0.020650379359722137,0.6686453223228455,0.24948692321777344,-0.0137904342263937,0.6567695140838623,0.30168044567108154,-0.00377996196039021
0.6345171332359314,0.6540952324867249,-1.4789374347401463e-07,0.5414324402809143,0.5811785459518433,-0.025634462013840675,0.48217150568962097,0.4782274663448334,-0.041974034160375595,0.4682656228542328,0.38700076937675476,-0.06055743619799614,0.4903765320777893,0.3249731659889221,-0.07619941234588623,0.5550086498260498,0.3237801194190979,0.012105138972401619,0.5493806004524231,0.24282434582710266,-0.016380850225687027,0.5379828214645386,0.21227049827575684,-0.0478116050362587,0.5238432288169861,0.18794763088226318,-0.07067329436540604,0.6152379512786865,0.31742092967033386,0.004426011815667152,0.6150209903717041,0.23437319695949554,-0.019861139357089996,0.599998950958252,0.20840616524219513,-0.04231517016887665,0.5804402232170105,0.18435491621494293,-0.05763457342982292,0.6719685196876526,0.32844078540802,-0.01102258451282978,0.67680424451828,0.2474157214164734,-0.03459940850734711,0.6596243977546692,0.22411881387233734,-0.03567696362733841,0.6379395127296448,0.20636597275733948,-0.03459097817540169,0.7322375774383545,0.35748571157455444,-0.031228281557559967,0.7360667586326599,0.28027600049972534,-0.04652266576886177,0.7165102362632751,0.25987952947616577,-0.04082141071557999,0.6882310509681702,0.2461613565683365,-0.03502617031335831
0.6639832854270935,0.6652534008026123,-7.318294024116767e-07,0.5734965801239014,0.6235671043395996,-0.05211139842867851,0.5001600384712219,0.523226261138916,-0.085394948720932,0.4884284436702728,0.4284478425979614,-0.11464487016201019,0.5149263739585876,0.37501564621925354,-0.13717836141586304,0.5848245024681091,0.34983745217323303,-0.04995610564947128,0.5830484628677368,0.2911178171634674,-0.11082924902439117,0.5773555040359497,0.37805455923080444,-0.1469634622335434,0.5772325992584229,0.42477431893348694,-0.16482920944690704,0.6609650254249573,0.35267379879951477,-0.05246317759156227,0.6666617393493652,0.2956680953502655,-0.11863525956869125,0.651957094669342,0.4062807857990265,-0.13731259107589722,0.6468206644058228,0.46511825919151306,-0.1349642425775528,0.7305412888526917,0.37837183475494385,-0.06329237669706345,0.7384335398674011,0.327541708946228,-0.12370794266462326,0.7177566289901733,0.42671433091163635,-0.11206698417663574,0.7056769132614136,0.47822868824005127,-0.08948023617267609,0.7919570803642273,0.4219338595867157,-0.07845870405435562,0.7990551590919495,0.3875187039375305,-0.11533088982105255,0.7753888964653015,0.45646968483924866,-0.10065773874521255,0.7626543641090393,0.4915672838687897,-0.07938185334205627
0.6548718214035034,0.7155795097351074,-7.782452939864015e-07,0.5715246796607971,0.6730943322181702,-0.0664534792304039,0.5019896030426025,0.575678825378418,-0.10660674422979355,0.49417394399642944,0.4874574840068817,-0.14135929942131042,0.5448315143585205,0.4530792534351349,-0.16589520871639252,0.5719011425971985,0.4208313822746277,-0.06779021769762039,0.5778245329856873,0.3363734781742096,-0.13581107556819916,0.5860085487365723,0.45426684617996216,-0.16393882036209106,0.5820574760437012,0.5227677226066589,-0.1736864298582077,0.6581115126609802,0.42092472314834595,-0.06424795091152191,0.6674937009811401,0.3422620892524719,-0.13729995489120483,0.6612091660499573,0.49119675159454346,-0.1473008096218109,0.6455874443054199,0.5420741438865662,-0.1384086012840271,0.7343177199363708,0.444132536649704,-0.07122225314378738,0.7526599764823914,0.36629050970077515,-0.14566414058208466,0.732327401638031,0.5000649690628052,-0.12738776206970215,0.7059688568115234,0.5501532554626465,-0.09762227535247803,0.7989243865013123,0.48269540071487427,-0.08302206546068192,0.8247308731079102,0.42864397168159485,-0.13209013640880585,0.7960157990455627,0.5128748416900635,-0.11818133294582367,0.7601819038391113,0.5516666173934937,-0.09637986123561859
0.6449645757675171,0.7078017592430115,-6.210620426827518e-07,0.5611339211463928,0.6636091470718384,-0.07305403053760529,0.4962681531906128,0.5636706352233887,-0.11632232367992401,0.4964366555213928,0.4752698242664337,-0.1532927006483078,0.5465462803840637,0.44535502791404724,-0.1801537126302719,0.5691016912460327,0.3941756784915924,-0.06529794633388519,0.5758628845214844,0.3295224905014038,-0.13422457873821259,0.5769450068473816,0.4487583041191101,-0.16490447521209717,0.5773367285728455,0.5000666975975037,-0.17778851091861725,0.6560993194580078,0.39717188477516174,-0.06014348939061165,0.6648867726325989,0.32734420895576477,-0.13479159772396088,0.6506638526916504,0.47250956296920776,-0.14547860622406006,0.6419634222984314,0.5124205350875854,-0.136478453874588,0.7318792939186096,0.420415461063385,-0.06671587377786636,0.748513400554657,0.3553287982940674,-0.14248353242874146,0.7211394309997559,0.4892246127128601,-0.1233699694275856,0.6999925971031189,0.529899537563324,-0.09238141030073166,0.7973878383636475,0.45851805806159973,-0.07924015820026398,0.816309928894043,0.41987061500549316,-0.12577928602695465,0.7837498784065247,0.5050384402275085,-0.11011254787445068,0.7545111179351807,0.5352641344070435,-0.0873173177242279
0.640999972820282,0.6983249187469482,-5.403495606515207e-07,0.5559342503547668,0.6631397008895874,-0.07813854515552521,0.4912148714065552,0.5700644850730896,-0.12393326312303543,0.4901449680328369,0.4822777807712555,-0.16204887628555298,0.5345553159713745,0.4413193464279175,-0.1893954873085022,0.5580512881278992,0.3913978040218353,-0.07619930058717728,0.5671849250793457,0.3188824951648712,-0.1482689380645752,0.5691521763801575,0.430467426776886,-0.17984017729759216,0.5654582381248474,0.4933737516403198,-0.19149266183376312,0.6438518762588501,0.39176222681999207,-0.06838800758123398,0.6579044461250305,0.3188287615776062,-0.14398527145385742,0.6436678171157837,0.45971906185150146,-0.15605522692203522,0.6307792663574219,0.5039005279541016,-0.14821641147136688,0.7187260985374451,0.41638708114624023,-0.07249881327152252,0.7422946095466614,0.34660565853118896,-0.14818285405635834,0.7151923775672913,0.47369498014450073,-0.13175514340400696,0.6912904977798462,0.5179274082183838,-0.10321777313947678,0.7827194929122925,0.45805028080940247,-0.08284670859575272,0.8123466968536377,0.41355210542678833,-0.13233239948749542,0.7808994650840759,0.4905490279197693,-0.12046360969543457,0.7477017641067505,0.5230134129524231,-0.09995754808187485
0.6435186266899109,0.6994974613189697,-6.1110398519304e-07,0.5557591319084167,0.6635855436325073,-0.06652316451072693,0.4920143783092499,0.5655291676521301,-0.10365229099988937,0.49116793274879456,0.470907062292099,-0.13543635606765747,0.5295711159706116,0.42652028799057007,-0.15640418231487274,0.5523217916488647,0.3845531642436981,-0.05118483677506447,0.5617561936378479,0.3050387501716614,-0.11433069407939911,0.5666119456291199,0.4186089336872101,-0.14300653338432312,0.5660074949264526,0.47758132219314575,-0.15374910831451416,0.6363373398780823,0.38154804706573486,-0.046708978712558746,0.6512132883071899,0.2978276014328003,-0.11122056096792221,0.6449667811393738,0.4401356875896454,-0.11918485164642334,0.6352220773696899,0.48616623878479004,-0.10945922881364822,0.711225688457489,0.40223583579063416,-0.0540020614862442,0.7364692687988281,0.3195917010307312,-0.11907373368740082,0.7200270295143127,0.44527873396873474,-0.09935398399829865,0.700713574886322,0.49027758836746216,-0.06995004415512085,0.7774106860160828,0.4411240816116333,-0.06694220751523972,0.8058455586433411,0.38291430473327637,-0.10579295456409454,0.7829726338386536,0.46063026785850525,-0.08916237205266953,0.7554534673690796,0.49294400215148926,-0.06683846563100815
0.6468256711959839,0.7044228315353394,-8.656284933294955e-08,0.5488236546516418,0.6536983251571655,-0.02391844056546688,0.47477924823760986,0.5472607016563416,-0.037288885563611984,0.45681846141815186,0.44515979290008545,-0.0528164803981781,0.48303139209747314,0.3791017234325409,-0.06471103429794312,0.5325029492378235,0.3913659453392029,0.01437780074775219,0.5207525491714478,0.2977540194988251,-0.017498839646577835,0.508918821811676,0.2756028473377228,-0.04955148324370384,0.49874842166900635,0.28012514114379883,-0.0693083256483078,0.5949201583862305,0.37965530157089233,0.0070324912667274475,0.5812473297119141,0.2874155640602112,-0.01587437093257904,0.5670605301856995,0.2658441364765167,-0.03747955709695816,0.5540987849235535,0.2617853879928589,-0.05041125789284706,0.6569076776504517,0.38844889402389526,-0.008745256811380386,0.6506272554397583,0.3031724989414215,-0.030363263562321663,0.6356756091117859,0.2731857895851135,-0.03381672501564026,0.6229893565177917,0.2569500207901001,-0.033511027693748474,0.7221745252609253,0.41852158308029175,-0.028786391019821167,0.7190761566162109,0.3352988660335541,-0.04311682656407356,0.7069488167762756,0.30352914333343506,-0.03911968320608139,0.6941918134689331,0.2818949818611145,-0.03357047587633133
0.6553792953491211,0.6760271787643433,-5.094912012282293e-07,0.5460624098777771,0.6548362970352173,-0.017223244532942772,0.46207374334335327,0.5720323920249939,-0.01849086582660675,0.4476966857910156,0.4569111764431,-0.02778027392923832,0.4966048002243042,0.4020276367664337,-0.030900979414582253,0.4998691976070404,0.422521710395813,0.05446462705731392,0.4683477282524109,0.3147429823875427,0.028461655601859093,0.46355170011520386,0.358205109834671,0.004429146647453308,0.4799076318740845,0.416792631149292,-0.005645784083753824,0.5493137836456299,0.3893372416496277,0.0507034994661808,0.5261900424957275,0.26645731925964355,0.022020749747753143,0.5151137113571167,0.32996469736099243,0.0033350184094160795,0.5291491746902466,0.40079838037490845,0.00293441372923553,0.600006639957428,0.37040889263153076,0.037053145468235016,0.5814628005027771,0.2601057291030884,0.011387325823307037,0.5644665956497192,0.31761789321899414,0.0044427914544939995,0.5757583379745483,0.3897120952606201,0.01222147885710001,0.660731315612793,0.3622431457042694,0.01952565647661686,0.6471654176712036,0.2630365490913391,0.008456620387732983,0.6213865280151367,0.2896222472190857,0.008945479989051819,0.6172677278518677,0.3472469747066498,0.01610737480223179
0.6480639576911926,0.678107738494873,-5.119269985698338e-07,0.5452036261558533,0.651715099811554,-0.01743200607597828,0.46289700269699097,0.5635428428649902,-0.023174701258540154,0.4481450021266937,0.4503726661205292,-0.036737505346536636,0.5031070709228516,0.394804984331131,-0.045811910182237625,0.4956275224685669,0.40746238827705383,0.038621313869953156,0.46983715891838074,0.30618399381637573,0.007370447739958763,0.4625988006591797,0.3538256287574768,-0.019485190510749817,0.4763197600841522,0.4115915298461914,-0.03212055563926697,0.5468157529830933,0.37455588579177856,0.03029041923582554,0.524385929107666,0.260972797870636,-0.0030379658564925194,0.5150388479232788,0.32760104537010193,-0.021747322753071785,0.5301820039749146,0.3963000178337097,-0.022041726857423782,0.6015064120292664,0.3567001521587372,0.013035615906119347,0.5823361873626709,0.2546844482421875,-0.01374922413378954,0.5683137774467468,0.3197181820869446,-0.01564081571996212,0.5793997645378113,0.38780540227890015,-0.005486214067786932,0.6645416021347046,0.35425764322280884,-0.008244406431913376,0.6473427414894104,0.2576291561126709,-0.01689247414469719,0.6262028217315674,0.2959466278553009,-0.009968224912881851,0.6250452399253845,0.35253190994262695,0.0007673350046388805
0.6394103169441223,0.6789165139198303,-5.204634021538368e-07,0.5330705046653748,0.6427492499351501,-0.014786998741328716,0.45423752069473267,0.5544754266738892,-0.019799446687102318,0.44548916816711426,0.4473983347415924,-0.03312702849507332,0.4941193461418152,0.39354270696640015,-0.04174469783902168,0.4873780608177185,0.40823277831077576,0.040295619517564774,0.4596908986568451,0.3064571022987366,0.009392780251801014,0.4556453227996826,0.3544173240661621,-0.018516385927796364,0.46967658400535583,0.40913820266723633,-0.03235442191362381,0.5390645861625671,0.3753921687602997,0.031094886362552643,0.5178202986717224,0.2630072832107544,-0.00038808793760836124,0.5066195726394653,0.3248027563095093,-0.020555958151817322,0.5162481069564819,0.3899170756340027,-0.023869510740041733,0.5936461687088013,0.35864365100860596,0.013091675005853176,0.5774931311607361,0.25498664379119873,-0.009794598445296288,0.5592902302742004,0.3069239854812622,-0.013000528328120708,0.563429057598114,0.37022867798805237,-0.00643335422500968,0.6566088199615479,0.3587120771408081,-0.009010426700115204,0.6462552547454834,0.26257961988449097,-0.014852996915578842,0.6190671324729919,0.28986433148384094,-0.009046874940395355,0.6077199578285217,0.34117966890335083,-0.0007368649821728468
0.6380066275596619,0.6632857918739319,-5.315362159308279e-07,0.5309416055679321,0.6268213391304016,-0.013112890534102917,0.4529757797718048,0.5477727651596069,-0.01797792688012123,0.44323253631591797,0.4397529065608978,-0.03186879679560661,0.4951859712600708,0.37662798166275024,-0.04067286103963852,0.49072015285491943,0.40717530250549316,0.0459466353058815,0.459988534450531,0.30520620942115784,0.01554911769926548,0.4499228894710541,0.3570091426372528,-0.011952893808484077,0.4632805287837982,0.4144563674926758,-0.02502070739865303,0.5392374992370605,0.3758662939071655,0.03744111955165863,0.5143414735794067,0.2604927718639374,0.006644772365689278,0.49963879585266113,0.3238648474216461,-0.013556079007685184,0.5103102326393127,0.38999494910240173,-0.01677127182483673,0.5914950370788574,0.35729360580444336,0.02016765996813774,0.5708808302879333,0.24759134650230408,-0.003475258592516184,0.5514045357704163,0.30264121294021606,-0.005183618050068617,0.5594905614852905,0.3711961507797241,0.0034193960018455982,0.6521790027618408,0.35203826427459717,-0.0009372071945108473,0.6389636993408203,0.2502479553222656,-0.0076849088072776794,0.6114774942398071,0.27640897035598755,-0.0010798816801980138,0.6032460331916809,0.33110737800598145,0.00875141005963087
0.6471812725067139,0.6589356660842896,-5.633422119899478e-07,0.5387814044952393,0.6293852925300598,-0.014544036239385605,0.45648202300071716,0.5477929711341858,-0.017734531313180923,0.4473947286605835,0.43521231412887573,-0.029234588146209717,0.5008753538131714,0.37261077761650085,-0.03577454760670662,0.4926029443740845,0.40884634852409363,0.04480176419019699,0.46458253264427185,0.30721402168273926,0.016013553366065025,0.4593537747859955,0.36125117540359497,-0.009560411795973778,0.4763910174369812,0.41858768463134766,-0.021668728440999985,0.5422502160072327,0.3754936456680298,0.037327349185943604,0.5180226564407349,0.26293450593948364,0.0065360842272639275,0.5114312767982483,0.33241069316864014,-0.012235489673912525,0.5308558940887451,0.3980982303619385,-0.013753209263086319,0.593915581703186,0.35503721237182617,0.0211095679551363,0.5734044909477234,0.2508354187011719,-0.0038134432397782803,0.5597655177116394,0.3152792453765869,-0.004771673120558262,0.5750011801719666,0.3830932378768921,0.005188631825149059,0.6542176008224487,0.347957581281662,0.0010595998028293252,0.6366066336631775,0.24868252873420715,-0.007221036124974489,0.6146136522293091,0.28584790229797363,-5.3573865443468094e-05,0.6157786846160889,0.34352752566337585,0.010577837005257607
0.6319574117660522,0.6570806503295898,-5.927670372329885e-07,0.5312390327453613,0.6067917346954346,-0.005438217893242836,0.4626830816268921,0.5135279893875122,-0.006485209334641695,0.45569002628326416,0.41662657260894775,-0.017367321997880936,0.485035240650177,0.35654735565185547,-0.023938702419400215,0.501300573348999,0.39248913526535034,0.04753580316901207,0.47777259349823,0.29889926314353943,0.018250739201903343,0.47623226046562195,0.3579801321029663,-0.00682444404810667,0.49094682931900024,0.40920740365982056,-0.01832437887787819,0.5481910109519958,0.3643762469291687,0.034976836293935776,0.5310465693473816,0.2627677619457245,0.008216988295316696,0.5260733366012573,0.3297726809978485,-0.008819612674415112,0.5377142429351807,0.379730224609375,-0.011281752958893776,0.5989977121353149,0.34937894344329834,0.014602428302168846,0.5867278575897217,0.25138646364212036,-0.00504312152042985,0.5761098861694336,0.31058821082115173,-0.0010679404949769378,0.5825245380401611,0.3595057427883148,0.009097309783101082,0.655630350112915,0.34941327571868896,-0.008786430582404137,0.6450918912887573,0.25624796748161316,-0.009751039557158947,0.6290417909622192,0.2925259470939636,0.004593759309500456,0.6263018846511841,0.3344891369342804,0.018431194126605988
0.6217594146728516,0.6386814117431641,-6.50070489882637e-07,0.5450858473777771,0.6093431711196899,-0.05244588106870651,0.48053210973739624,0.5238877534866333,-0.08410615473985672,0.4664803743362427,0.43001413345336914,-0.11297585070133209,0.49109935760498047,0.36556875705718994,-0.13342180848121643,0.5336549282073975,0.33640003204345703,-0.03348837047815323,0.5364046096801758,0.23751027882099152,-0.09327671676874161,0.5361193418502808,0.31696057319641113,-0.12480698525905609,0.533855676651001,0.38638821244239807,-0.13612492382526398,0.599105179309845,0.326577365398407,-0.032173383980989456,0.6022427678108215,0.23387733101844788,-0.0892011746764183,0.600055992603302,0.3467493951320648,-0.09955334663391113,0.5942243337631226,0.40247786045074463,-0.09147074073553085,0.6603956818580627,0.3372018039226532,-0.04162155091762543,0.6590171456336975,0.2602121829986572,-0.09492287039756775,0.653513491153717,0.36104974150657654,-0.07663377374410629,0.6483675241470337,0.4071680009365082,-0.04973747953772545,0.720711350440979,0.3675486147403717,-0.05597538873553276,0.7160526514053345,0.29536134004592896,-0.08425851911306381,0.7065083384513855,0.36925598978996277,-0.06290001422166824,0.6999460458755493,0.41060030460357666,-0.03790554404258728
0.6124273538589478,0.6595290899276733,-6.829794187979132e-07,0.5384101271629333,0.626610279083252,-0.04978754371404648,0.48168736696243286,0.5241657495498657,-0.08163871616125107,0.476523756980896,0.4337771236896515,-0.11195041239261627,0.5093267560005188,0.3936011493206024,-0.1336180716753006,0.5485727787017822,0.354942262172699,-0.04062008112668991,0.5520367622375488,0.25306499004364014,-0.10405376553535461,0.5517761707305908,0.3492583632469177,-0.13883818686008453,0.5536041259765625,0.4250224828720093,-0.15263374149799347,0.620819091796875,0.35333114862442017,-0.043766554445028305,0.6366448402404785,0.2408248335123062,-0.10594387352466583,0.6219636797904968,0.3572723865509033,-0.11765436828136444,0.6121304035186768,0.4173804223537445,-0.11031834781169891,0.6837665438652039,0.37681135535240173,-0.057357307523489,0.7092093229293823,0.2710193991661072,-0.1129804253578186,0.6882494688034058,0.36709630489349365,-0.09908512979745865,0.6734326481819153,0.42025768756866455,-0.07522441446781158,0.7393641471862793,0.4180271625518799,-0.07594504952430725,0.7665074467658997,0.33974072337150574,-0.10655291378498077,0.742469847202301,0.3940557539463043,-0.09272338449954987,0.7211284637451172,0.43353790044784546,-0.07402988523244858
0.6153051853179932,0.6583108901977539,-6.105936449785077e-07,0.5367077589035034,0.6200129985809326,-0.05353786423802376,0.47785085439682007,0.5280197858810425,-0.08665746450424194,0.476543128490448,0.44073668122291565,-0.11724290996789932,0.5114058256149292,0.3930101990699768,-0.1380116045475006,0.5405212640762329,0.3501582145690918,-0.0415661446750164,0.5499401092529297,0.258361279964447,-0.10081877559423447,0.5527194142341614,0.35320284962654114,-0.13075201213359833,0.5510271191596985,0.42215245962142944,-0.14210036396980286,0.6173298954963684,0.3498190641403198,-0.042452968657016754,0.6341313719749451,0.24614356458187103,-0.10228386521339417,0.6246162056922913,0.3705877363681793,-0.11236565560102463,0.6127747893333435,0.42587733268737793,-0.10455290228128433,0.683398425579071,0.3716532289981842,-0.05364473909139633,0.7082219123840332,0.27269721031188965,-0.10925469547510147,0.6907058954238892,0.3792378604412079,-0.09258975833654404,0.6727737784385681,0.42987486720085144,-0.06681641191244125,0.7418167591094971,0.41294065117836,-0.06996247917413712,0.7690737843513489,0.3371763527393341,-0.10194610059261322,0.747144341468811,0.3981006145477295,-0.08668499439954758,0.7225911617279053,0.4343237578868866,-0.06643896549940109
0.6134384870529175,0.6588058471679688,-5.649313266076206e-07,0.5361965894699097,0.6264898180961609,-0.05845830962061882,0.47260594367980957,0.5400121808052063,-0.09388261288404465,0.46522021293640137,0.45190390944480896,-0.12524601817131042,0.5003542304039001,0.4061056077480316,-0.1465955525636673,0.5339573621749878,0.35727235674858093,-0.047178059816360474,0.5431163907051086,0.26533693075180054,-0.10913873463869095,0.5469083189964294,0.3587600886821747,-0.13870486617088318,0.5479649305343628,0.42455795407295227,-0.14906542003154755,0.6116666197776794,0.3540191352367401,-0.04609328880906105,0.6308571696281433,0.24674227833747864,-0.1083221584558487,0.6205238103866577,0.3756304979324341,-0.1167856752872467,0.6116400361061096,0.42887023091316223,-0.10649750381708145,0.6786952018737793,0.37390878796577454,-0.05585060641169548,0.704674243927002,0.27577832341194153,-0.11373265087604523,0.6853482127189636,0.3862264156341553,-0.09516366571187973,0.6700196266174316,0.4329417049884796,-0.06700819730758667,0.7375720739364624,0.4144335389137268,-0.07106738537549973,0.7605245113372803,0.3428404629230499,-0.10398539155721664,0.7382186055183411,0.40769442915916443,-0.08762398362159729,0.7174102067947388,0.44157856702804565,-0.0660097673535347
0.6180224418640137,0.6651186347007751,-5.881707920707413e-07,0.5395169854164124,0.6336612701416016,-0.06524258106946945,0.4732109308242798,0.5505803823471069,-0.10535155981779099,0.46502554416656494,0.46307817101478577,-0.1406356394290924,0.5038117170333862,0.4185221493244171,-0.1654839813709259,0.5338526368141174,0.35771411657333374,-0.05299363657832146,0.5408102869987488,0.27955466508865356,-0.11915415525436401,0.545710027217865,0.38065069913864136,-0.15246520936489105,0.5451143980026245,0.4507039785385132,-0.1655123233795166,0.613418459892273,0.3516523838043213,-0.05000254884362221,0.6267764568328857,0.261694997549057,-0.12017456442117691,0.6177408695220947,0.398436963558197,-0.1338501125574112,0.6052796840667725,0.4562128782272339,-0.12602396309375763,0.6828343272209167,0.36944136023521423,-0.05830817297101021,0.7037026882171631,0.28590404987335205,-0.12381152808666229,0.6834444999694824,0.40329572558403015,-0.10826444625854492,0.6625697016716003,0.4556339979171753,-0.08053449541330338,0.7417639493942261,0.40724968910217285,-0.07244595140218735,0.7630255222320557,0.348033607006073,-0.1109553873538971,0.7372925281524658,0.41838082671165466,-0.09672417491674423,0.7098742127418518,0.45450258255004883,-0.07539581507444382
0.61911541223526,0.6587213277816772,-5.341689188753662e-07,0.5419445037841797,0.6324049830436707,-0.06459436565637589,0.47459685802459717,0.5536192655563354,-0.10428312420845032,0.4648604989051819,0.4669085741043091,-0.13837645947933197,0.5031547546386719,0.41866570711135864,-0.16172371804714203,0.5288677215576172,0.366229772567749,-0.05671592429280281,0.5394078493118286,0.28335434198379517,-0.12010260671377182,0.547768235206604,0.38026314973831177,-0.1493547111749649,0.5463288426399231,0.44534429907798767,-0.1599414199590683,0.6079134941101074,0.35979557037353516,-0.05261180177330971,0.6217769980430603,0.26829174160957336,-0.11903345584869385,0.6188770532608032,0.40066903829574585,-0.12988170981407166,0.6075754761695862,0.45156973600387573,-0.12139667570590973,0.6776942014694214,0.37539422512054443,-0.05913929641246796,0.6980252265930176,0.290531188249588,-0.12144634127616882,0.6839521527290344,0.4048353433609009,-0.10417782515287399,0.6636398434638977,0.4501458704471588,-0.07680424302816391,0.7376278638839722,0.40995171666145325,-0.0712163895368576,0.7594385147094727,0.34790968894958496,-0.1082320585846901,0.7390209436416626,0.4183691143989563,-0.09318027645349503,0.71256023645401,0.4518278241157532,-0.07211754471063614
0.6228286623954773,0.6747125387191772,-6.042929499017191e-07,0.5445612072944641,0.6502874493598938,-0.06453011929988861,0.47248131036758423,0.5639062523841858,-0.10235505551099777,0.45685574412345886,0.4730564057826996,-0.13471026718616486,0.4951779842376709,0.42355257272720337,-0.15600699186325073,0.525300145149231,0.37818819284439087,-0.05354544147849083,0.5284463167190552,0.2927911877632141,-0.11807742714881897,0.5344616174697876,0.3982829749584198,-0.14793576300144196,0.5392983555793762,0.46603432297706604,-0.15871575474739075,0.6040506362915039,0.37059229612350464,-0.04966330900788307,0.6120882630348206,0.27480220794677734,-0.11833406984806061,0.6053559184074402,0.411030650138855,-0.12802928686141968,0.6004776358604431,0.46523383259773254,-0.1172938197851181,0.6738028526306152,0.386264830827713,-0.05724125728011131,0.6889837384223938,0.3022211790084839,-0.12225557118654251,0.6711632609367371,0.4202904999256134,-0.10481789708137512,0.6566254496574402,0.4688549339771271,-0.07584384083747864,0.7369744777679443,0.41985028982162476,-0.07052846252918243,0.754426121711731,0.35846948623657227,-0.10998847335577011,0.7295786738395691,0.4317404329776764,-0.09618165343999863,0.7042337656021118,0.4696032404899597,-0.07507859915494919
0.6250694394111633,0.680168867111206,-6.341155085465289e-07,0.5419634580612183,0.6436740159988403,-0.05819501355290413,0.4755706787109375,0.5523943901062012,-0.09363245964050293,0.47054141759872437,0.4601813554763794,-0.12537027895450592,0.5148801803588867,0.42069119215011597,-0.14741499722003937,0.5326741337776184,0.38208499550819397,-0.048460301011800766,0.5342861413955688,0.3006042540073395,-0.11051258444786072,0.5423659086227417,0.4009566009044647,-0.1402791440486908,0.544883131980896,0.46333935856819153,-0.15206727385520935,0.6105896234512329,0.3752160966396332,-0.04802076518535614,0.6157987117767334,0.2908444404602051,-0.11345647275447845,0.6121667623519897,0.42157241702079773,-0.12495690584182739,0.6041083931922913,0.47507011890411377,-0.11744970083236694,0.6811134219169617,0.391903817653656,-0.058039821684360504,0.6945962309837341,0.3109458386898041,-0.12251924723386765,0.6779608130455017,0.4295870363712311,-0.10724766552448273,0.6583774089813232,0.4859810173511505,-0.08050406724214554,0.743705153465271,0.4277133643627167,-0.07308794558048248,0.7630414962768555,0.3706716001033783,-0.11394231766462326,0.7384570837020874,0.4435858726501465,-0.10119832307100296,0.7102597951889038,0.486188679933548,-0.08090082556009293
0.6259530186653137,0.6535662412643433,-2.6008163445112586e-07,0.5265212655067444,0.6220061182975769,-0.01722577214241028,0.4528629779815674,0.5354933738708496,-0.019642215222120285,0.44216156005859375,0.43111127614974976,-0.027346106246113777,0.47736117243766785,0.3727775812149048,-0.03079555183649063,0.4956597685813904,0.40755409002304077,0.04214036464691162,0.47305262088775635,0.31345388293266296,0.022683028131723404,0.4519343972206116,0.31872230768203735,0.00019008976232726127,0.4458391070365906,0.3513091206550598,-0.011709767393767834,0.5418578386306763,0.3808002173900604,0.037923090159893036,0.5221113562583923,0.2760099768638611,0.022479385137557983,0.49634766578674316,0.28088778257369995,0.003549927147105336,0.4887654781341553,0.3157004714012146,-0.0049101258628070354,0.588603675365448,0.3677004277706146,0.025314075872302055,0.5748085379600525,0.268951416015625,0.011424534022808075,0.5508875846862793,0.28041160106658936,0.0027024871669709682,0.5460013151168823,0.3235846161842346,0.0016760047292336822,0.6413059234619141,0.36516985297203064,0.008842721581459045,0.624200165271759,0.27987539768218994,0.00310551468282938,0.6006906628608704,0.28385668992996216,0.003940807655453682,0.5923562049865723,0.3194897472858429,0.007337703835219145
0.609297513961792,0.647844135761261,-5.154203108759248e-07,0.5102550387382507,0.6253707408905029,-0.013172507286071777,0.4373151957988739,0.5424696207046509,-0.01525685004889965,0.4273843467235565,0.4401867091655731,-0.025187145918607712,0.47198978066444397,0.3865651488304138,-0.03041781112551689,0.4789295792579651,0.40969863533973694,0.039478033781051636,0.45071732997894287,0.31114161014556885,0.012960316613316536,0.440271258354187,0.35831037163734436,-0.009564952924847603,0.4522116184234619,0.41038358211517334,-0.01957746222615242,0.5237141847610474,0.3796141445636749,0.03197446092963219,0.5002666115760803,0.27077531814575195,0.003501774510368705,0.48411908745765686,0.33112451434135437,-0.012886345386505127,0.49436360597610474,0.39370715618133545,-0.01311040110886097,0.570923388004303,0.3612872362136841,0.016357986256480217,0.5512393116950989,0.26098906993865967,-0.005336398258805275,0.5299041271209717,0.31323501467704773,-0.007000444456934929,0.5364633202552795,0.3744693994522095,0.0015595175791531801,0.6258067488670349,0.35505813360214233,-0.0029075336642563343,0.6111000180244446,0.26069051027297974,-0.008698353543877602,0.5835868120193481,0.28762996196746826,-0.0027838556561619043,0.576501190662384,0.3393099308013916,0.006281667854636908
0.611655592918396,0.6521543264389038,-5.238001108409662e-07,0.5138302445411682,0.6219378113746643,-0.0156954787671566,0.4419955015182495,0.541960597038269,-0.02219438925385475,0.4339067339897156,0.44240084290504456,-0.036380644887685776,0.47539234161376953,0.3789850175380707,-0.04598356783390045,0.4756079316139221,0.40868815779685974,0.03283672034740448,0.4515492916107178,0.3097018897533417,0.0013767987256869674,0.4431743919849396,0.35862433910369873,-0.024304023012518883,0.4562908709049225,0.4145413041114807,-0.03585579991340637,0.5240435004234314,0.38205352425575256,0.024770064279437065,0.5038524270057678,0.2727951109409332,-0.008265659213066101,0.4928404986858368,0.3377337157726288,-0.02723647840321064,0.5076228976249695,0.4027429521083832,-0.02899186499416828,0.5743455290794373,0.3676421642303467,0.008578686974942684,0.5579430460929871,0.2682650685310364,-0.018094630911946297,0.5406420230865479,0.32840603590011597,-0.020379599183797836,0.5510250329971313,0.39407429099082947,-0.011494220234453678,0.631945788860321,0.3656959533691406,-0.011097346432507038,0.6203033924102783,0.2684290111064911,-0.020991872996091843,0.5959553718566895,0.3019154369831085,-0.015060550533235073,0.5921696424484253,0.3593791127204895,-0.005403082352131605
0.6084935069084167,0.6472983956336975,-4.6816953158668184e-07,0.5109162926673889,0.6180723309516907,-0.012228558771312237,0.4405263662338257,0.5368181467056274,-0.015426897443830967,0.43387293815612793,0.43877822160720825,-0.026149434968829155,0.4782569706439972,0.38284555077552795,-0.03328745812177658,0.4812040328979492,0.4092685580253601,0.03532533720135689,0.4558696448802948,0.31519848108291626,0.008484259247779846,0.44107872247695923,0.3513635993003845,-0.015709098428487778,0.4498671889305115,0.4014384150505066,-0.027522610500454903,0.5272356271743774,0.37912753224372864,0.027038032189011574,0.5081824660301208,0.2706761956214905,-0.0007317508570849895,0.4880991280078888,0.32041221857070923,-0.01877022162079811,0.4943288564682007,0.3820555508136749,-0.021823979914188385,0.5759559273719788,0.3627026677131653,0.011337953619658947,0.561699628829956,0.26318037509918213,-0.010151414200663567,0.5381498336791992,0.3087090253829956,-0.01312003843486309,0.5425086617469788,0.36952757835388184,-0.00689013721421361,0.6328395009040833,0.3605578541755676,-0.00780845433473587,0.6229824423789978,0.26797252893447876,-0.015673629939556122,0.595764696598053,0.2908915579319,-0.011112891137599945,0.587570309638977,0.3407135605812073,-0.0035247988998889923
0.613585889339447,0.6409572958946228,-5.035934691477451e-07,0.5141068696975708,0.6142978072166443,-0.0131046948954463,0.44221800565719604,0.5373690724372864,-0.016114428639411926,0.434104323387146,0.43792155385017395,-0.026949545368552208,0.4819023013114929,0.3803160786628723,-0.032877128571271896,0.47955653071403503,0.4124686121940613,0.04173915088176727,0.45091015100479126,0.31492555141448975,0.015541638247668743,0.4418644607067108,0.36370784044265747,-0.007562978658825159,0.45687371492385864,0.4165608286857605,-0.01819528453052044,0.5260401964187622,0.38143396377563477,0.03459511324763298,0.5041179656982422,0.2706659436225891,0.005997328087687492,0.4897269010543823,0.33158430457115173,-0.01189702283591032,0.5030456185340881,0.3944779336452484,-0.013472067192196846,0.5751364827156067,0.36264094710350037,0.01944451592862606,0.5570664405822754,0.26209375262260437,-0.0031793585512787104,0.5373237133026123,0.3176976442337036,-0.0055547552183270454,0.5477917194366455,0.3827105164527893,0.0026353306602686644,0.6323749423027039,0.35691210627555847,0.000835760380141437,0.6180957555770874,0.26500266790390015,-0.006793018896132708,0.5916599631309509,0.2957809567451477,-0.0015617979224771261,0.5885156989097595,0.35166263580322266,0.007350691594183445
0.6008425951004028,0.6510452628135681,-2.8172519250801997e-07,0.5112943053245544,0.6067148447036743,-0.012502861209213734,0.4459235668182373,0.5159285068511963,-0.017281722277402878,0.43705040216445923,0.42047691345214844,-0.027685925364494324,0.470435231924057,0.36631858348846436,-0.03486505150794983,0.4888943135738373,0.39029890298843384,0.030486246570944786,0.47397950291633606,0.2980870008468628,0.006225989665836096,0.4607679545879364,0.3112124502658844,-0.017850928008556366,0.4572596251964569,0.3404819965362549,-0.03132491186261177,0.5368357300758362,0.37038180232048035,0.022241709753870964,0.5282449722290039,0.2770199179649353,0.0034496986772865057,0.5167891979217529,0.2978987693786621,-0.013039087876677513,0.5124151706695557,0.32362306118011475,-0.020567554980516434,0.5858392119407654,0.3660820424556732,0.007076720241457224,0.5824998617172241,0.27426546812057495,-0.009299383498728275,0.569409966468811,0.2944144010543823,-0.008269199170172215,0.5636194944381714,0.32114070653915405,-0.003944780677556992,0.6388092637062073,0.3763546645641327,-0.011403921991586685,0.6350713968276978,0.2856560945510864,-0.01633068174123764,0.6210136413574219,0.3004548251628876,-0.006106337532401085,0.6118267774581909,0.3303563892841339,0.0030740792863070965
0.6002767086029053,0.6531496047973633,-5.899515258533938e-07,0.5289466381072998,0.6325232982635498,-0.04602017626166344,0.465238094329834,0.5448278784751892,-0.07309601455926895,0.4577289819717407,0.457455039024353,-0.0980219766497612,0.4856646955013275,0.4083609879016876,-0.11552306264638901,0.5187169313430786,0.36180227994918823,-0.03242126479744911,0.5179427862167358,0.2686123549938202,-0.0879528671503067,0.5130774974822998,0.34366562962532043,-0.11795768141746521,0.5131173133850098,0.4056577980518341,-0.13011130690574646,0.5873183012008667,0.3552877902984619,-0.03580586239695549,0.5992636680603027,0.25242727994918823,-0.09282786399126053,0.5866909027099609,0.3556837737560272,-0.10451231896877289,0.5800177454948425,0.4091728925704956,-0.09693694859743118,0.6510081887245178,0.37548062205314636,-0.048794522881507874,0.6683887243270874,0.28649255633354187,-0.10118074715137482,0.6506166458129883,0.3746744990348816,-0.0898643508553505,0.6395902037620544,0.418260395526886,-0.06795191019773483,0.7117704749107361,0.415901780128479,-0.06610754877328873,0.7244536876678467,0.3483462333679199,-0.09584439545869827,0.7069144248962402,0.4043101668357849,-0.0826164186000824,0.6949193477630615,0.43632927536964417,-0.06405095756053925
0.5987949967384338,0.6860126852989197,-6.84518283833313e-07,0.5277523398399353,0.6609563231468201,-0.053036902099847794,0.4653691053390503,0.5788772702217102,-0.08557892590761185,0.45385462045669556,0.4970845580101013,-0.11604247242212296,0.4794321060180664,0.445110559463501,-0.13742323219776154,0.5188713669776917,0.38203731179237366,-0.035154543817043304,0.519548773765564,0.30126047134399414,-0.09577202051877975,0.5201088786125183,0.39373552799224854,-0.12898637354373932,0.5244446396827698,0.4584292769432068,-0.1423536092042923,0.5922449827194214,0.3775717318058014,-0.036034952849149704,0.600834846496582,0.2862008810043335,-0.09850921481847763,0.588478684425354,0.4091109335422516,-0.11189645528793335,0.5840742588043213,0.46847987174987793,-0.10442549735307693,0.6595436334609985,0.39761921763420105,-0.04788495600223541,0.6776253581047058,0.31603163480758667,-0.10654684901237488,0.6553704738616943,0.4196197986602783,-0.09605121612548828,0.6419768929481506,0.4722425937652588,-0.07224804162979126,0.722811222076416,0.4358285069465637,-0.06461220979690552,0.7420294880867004,0.37235331535339355,-0.09780441224575043,0.7159874439239502,0.43162885308265686,-0.08648034930229187,0.6945778131484985,0.4678812623023987,-0.06782323867082596
0.6139832735061646,0.693424642086029,-6.404462169484759e-07,0.5341631770133972,0.6592790484428406,-0.0540148988366127,0.4707704782485962,0.5658493041992188,-0.08523920923471451,0.46421515941619873,0.47095492482185364,-0.11274527758359909,0.5062838792800903,0.42316025495529175,-0.1303953379392624,0.5285834670066833,0.38324663043022156,-0.038125962018966675,0.5303866267204285,0.30236274003982544,-0.09366519004106522,0.5319646000862122,0.3976236879825592,-0.12034011632204056,0.5335017442703247,0.4614417254924774,-0.1301480531692505,0.6051096320152283,0.378301203250885,-0.03732013329863548,0.6154795289039612,0.2833801507949829,-0.0940970703959465,0.6048498153686523,0.4119493365287781,-0.10154564678668976,0.597857654094696,0.4667905867099762,-0.09135941416025162,0.6740182042121887,0.40078893303871155,-0.04678164795041084,0.6927226781845093,0.3111114501953125,-0.10299677401781082,0.6705808043479919,0.4215497672557831,-0.08705125004053116,0.6538931727409363,0.4733246862888336,-0.0606120266020298,0.7354465126991272,0.44422647356987,-0.06085841357707977,0.7521076202392578,0.3739706873893738,-0.09524478763341904,0.7242136001586914,0.4387664496898651,-0.08133924007415771,0.6989651322364807,0.47871655225753784,-0.060816917568445206
0.6145384311676025,0.6928812265396118,-6.180479772410763e-07,0.5369644165039062,0.6636707782745361,-0.05979049950838089,0.4701389670372009,0.5760205984115601,-0.09600570797920227,0.46092814207077026,0.484416127204895,-0.1282813996076584,0.5020259618759155,0.43737873435020447,-0.14998799562454224,0.5251983404159546,0.3918800354003906,-0.04788494482636452,0.5304681062698364,0.30289268493652344,-0.1100221574306488,0.5341212153434753,0.4072352647781372,-0.13987624645233154,0.5367608070373535,0.4745023548603058,-0.1509438455104828,0.6030857563018799,0.3864916265010834,-0.046237967908382416,0.6133954524993896,0.2860965132713318,-0.11149962246417999,0.6041046380996704,0.4206832945346832,-0.12140154093503952,0.5967873930931091,0.47777488827705383,-0.11143665760755539,0.672271728515625,0.4050273597240448,-0.055419906973838806,0.690528929233551,0.31049075722694397,-0.11719801276922226,0.6712022423744202,0.4269551932811737,-0.100422203540802,0.6546262502670288,0.4807142913341522,-0.07215207070112228,0.7343727946281433,0.44248560070991516,-0.06992075592279434,0.7556858062744141,0.3742232322692871,-0.10657764226198196,0.7313634157180786,0.44159162044525146,-0.09263326972723007,0.706254780292511,0.4799206852912903,-0.07173649221658707
0.6170540452003479,0.6935991048812866,-6.149843443381542e-07,0.5401440858840942,0.6571751832962036,-0.05673392862081528,0.4743993878364563,0.570513129234314,-0.09109096974134445,0.4630070924758911,0.47758886218070984,-0.12205701321363449,0.5054782032966614,0.43361788988113403,-0.14296099543571472,0.5312327146530151,0.39009329676628113,-0.040105655789375305,0.5339332222938538,0.30337387323379517,-0.10124293714761734,0.5374194383621216,0.4019193649291992,-0.13135451078414917,0.5409402251243591,0.4698723554611206,-0.14248618483543396,0.6084961295127869,0.3859501779079437,-0.03952078893780708,0.6152467727661133,0.2875843346118927,-0.1029500961303711,0.6073102355003357,0.41877397894859314,-0.11357923597097397,0.6032863259315491,0.4765987694263458,-0.10419027507305145,0.6779330372810364,0.405383825302124,-0.04985162988305092,0.6919081807136536,0.3143681287765503,-0.11181939393281937,0.6716490387916565,0.4313524663448334,-0.09617651998996735,0.6570913791656494,0.48713088035583496,-0.06815475225448608,0.7412800788879395,0.44444188475608826,-0.06510273367166519,0.7547118663787842,0.37694644927978516,-0.10194715112447739,0.7291240096092224,0.44538864493370056,-0.08789876848459244,0.7072598934173584,0.48532164096832275,-0.06655571609735489
0.6203528642654419,0.6823352575302124,-5.094662469673494e-07,0.5366340279579163,0.653005838394165,-0.030216872692108154,0.4673629403114319,0.5555912852287292,-0.04874187335371971,0.45813417434692383,0.466234028339386,-0.069542795419693,0.4835936427116394,0.4214039146900177,-0.08478836715221405,0.5252161622047424,0.38209524750709534,-0.007031802553683519,0.5135802626609802,0.28692519664764404,-0.05213368311524391,0.5041325688362122,0.34492626786231995,-0.08089228719472885,0.5066707730293274,0.3989229202270508,-0.09371109306812286,0.5913743376731873,0.3726637661457062,-0.015224538743495941,0.5884627103805542,0.2721891403198242,-0.05784010514616966,0.5794061422348022,0.34782111644744873,-0.0730283260345459,0.5847496390342712,0.3997124135494232,-0.07215654104948044,0.6561291813850403,0.3846116364002228,-0.031889576464891434,0.6554310917854309,0.3000244200229645,-0.06772004067897797,0.6432508230209351,0.3687588572502136,-0.059880197048187256,0.6458807587623596,0.41085872054100037,-0.04516430199146271,0.7212328314781189,0.41504859924316406,-0.05258440226316452,0.7216407656669617,0.3369746804237366,-0.06793642044067383,0.705637514591217,0.38393789529800415,-0.053260672837495804,0.7032294273376465,0.4219006896018982,-0.03719423711299896
0.6185270547866821,0.675922155380249,-4.993244147044607e-07,0.5208846926689148,0.6380652189254761,-0.017682479694485664,0.45193642377853394,0.550106406211853,-0.02254752814769745,0.4420130252838135,0.442440927028656,-0.03475543484091759,0.490866482257843,0.39396166801452637,-0.04099380970001221,0.4981655776500702,0.41030365228652954,0.044534534215927124,0.47482386231422424,0.30381664633750916,0.01593915745615959,0.45817339420318604,0.34321892261505127,-0.009555340744554996,0.4646416902542114,0.40098416805267334,-0.02094362862408161,0.5450134873390198,0.38813886046409607,0.039769817143678665,0.5279465317726135,0.27497607469558716,0.010210958309471607,0.5082060098648071,0.32873788475990295,-0.008507953025400639,0.5159261226654053,0.3931031823158264,-0.010686606168746948,0.5941795110702515,0.37880024313926697,0.025601541623473167,0.5807376503944397,0.2764178514480591,0.0013008060632273555,0.5586615800857544,0.32367023825645447,-0.003912372514605522,0.5646106004714966,0.38942328095436096,0.0029669220093637705,0.6517713665962219,0.3803045153617859,0.0073348889127373695,0.6467492580413818,0.28865641355514526,-0.0018054920947179198,0.6197991967201233,0.3072604537010193,-0.00040940108010545373,0.6112780570983887,0.3578917384147644,0.005983351264148951
0.6229193806648254,0.6862474679946899,-4.698130737779138e-07,0.5228883624076843,0.6527906656265259,-0.014793213456869125,0.45200949907302856,0.561406672000885,-0.019018026068806648,0.442533403635025,0.453212171792984,-0.030318651348352432,0.48667025566101074,0.4012235105037689,-0.03697335720062256,0.49874675273895264,0.4222767949104309,0.03619617968797684,0.4820815920829773,0.3156159520149231,0.009156452491879463,0.46661457419395447,0.34773722290992737,-0.015075045637786388,0.47112518548965454,0.4032025933265686,-0.02633705735206604,0.5487493276596069,0.39983734488487244,0.02923395484685898,0.534837543964386,0.28168851137161255,5.515530574484728e-06,0.5163702368736267,0.3319040834903717,-0.01876732148230076,0.5233896970748901,0.40160077810287476,-0.02117679826915264,0.5991356372833252,0.39182326197624207,0.01440008170902729,0.5883309841156006,0.287619948387146,-0.007851392962038517,0.5662222504615784,0.3318363428115845,-0.013100220821797848,0.5705737471580505,0.39924249053001404,-0.007551313377916813,0.6565567851066589,0.39797109365463257,-0.004125739447772503,0.6520223617553711,0.30048611760139465,-0.012095301412045956,0.6244156360626221,0.31415680050849915,-0.010191371664404869,0.6130791902542114,0.3636316657066345,-0.004320466425269842
0.6260779500007629,0.6883305311203003,-5.311341624292254e-07,0.5296517014503479,0.6470648646354675,-0.016117537394165993,0.4595065116882324,0.5553590059280396,-0.023253364488482475,0.45093148946762085,0.447642058134079,-0.0374940000474453,0.5009534955024719,0.391769677400589,-0.04657524824142456,0.5015339255332947,0.4163323938846588,0.0313042551279068,0.4825153946876526,0.3114444315433502,-0.0006919075385667384,0.4709209203720093,0.35725587606430054,-0.02663557045161724,0.4779016375541687,0.4156849682331085,-0.038341011852025986,0.5534865856170654,0.39587944746017456,0.02354407124221325,0.539824903011322,0.2855112552642822,-0.01002456620335579,0.5249253511428833,0.34909385442733765,-0.028142327442765236,0.5332908630371094,0.4166548252105713,-0.029107479378581047,0.6066218614578247,0.38927894830703735,0.007621746510267258,0.596277117729187,0.29310372471809387,-0.01895248144865036,0.5751228928565979,0.34933918714523315,-0.021010346710681915,0.5775008797645569,0.41488784551620483,-0.011968109756708145,0.6658207774162292,0.3971289098262787,-0.011908276937901974,0.6611714363098145,0.30290502309799194,-0.02120073325932026,0.6355318427085876,0.3255770802497864,-0.015977634117007256,0.6250994801521301,0.3735813796520233,-0.006920845713466406
0.6283134818077087,0.6978329420089722,-4.872694034929737e-07,0.5274471044540405,0.6572355628013611,-0.01723155751824379,0.4597741365432739,0.569075345993042,-0.02338557504117489,0.4533407390117645,0.45979541540145874,-0.036762189120054245,0.5001938939094543,0.4036436676979065,-0.04444079473614693,0.5023007392883301,0.4234289824962616,0.04198261350393295,0.4855003356933594,0.3214075267314911,0.012186297215521336,0.4754011332988739,0.3649173378944397,-0.014776372350752354,0.4823804497718811,0.4230479598045349,-0.027246864512562752,0.5553234219551086,0.4010266363620758,0.0354231595993042,0.5448869466781616,0.290115088224411,0.0028051729314029217,0.5331367254257202,0.3510749936103821,-0.019390840083360672,0.5413925647735596,0.4207901358604431,-0.023111412301659584,0.6086351275444031,0.39342793822288513,0.01999799534678459,0.6016626358032227,0.29581648111343384,-0.0065904115326702595,0.5824553370475769,0.3468298614025116,-0.014474719762802124,0.5849800109863281,0.41612979769706726,-0.009004252031445503,0.6685779094696045,0.40007999539375305,0.0009099297458305955,0.6670134663581848,0.30556201934814453,-0.009267304092645645,0.6414989233016968,0.32310640811920166,-0.008295784704387188,0.6295853853225708,0.3726404905319214,-0.0020023868419229984
0.6249786019325256,0.6987015604972839,-5.175492674425186e-07,0.5295153260231018,0.6662693619728088,-0.01569141261279583,0.45597851276397705,0.5681998133659363,-0.02075096219778061,0.44680213928222656,0.45827946066856384,-0.03267979994416237,0.4947887063026428,0.4184010624885559,-0.03968432918190956,0.5016387701034546,0.42568910121917725,0.0313396118581295,0.48344656825065613,0.3231242895126343,0.002294820500537753,0.4704355001449585,0.361139178276062,-0.02201535552740097,0.47774189710617065,0.4159221649169922,-0.033406998962163925,0.5547102093696594,0.40224114060401917,0.023539988324046135,0.5397752523422241,0.29280078411102295,-0.005904866848140955,0.52281653881073,0.3515778183937073,-0.020875679329037666,0.5317025780677795,0.4166148900985718,-0.020755615085363388,0.6087325811386108,0.39490455389022827,0.007650269661098719,0.5996537208557129,0.2925194203853607,-0.01473975833505392,0.5785521268844604,0.344637393951416,-0.013790365308523178,0.5828560590744019,0.4082205593585968,-0.004268199671059847,0.6690170764923096,0.4032456874847412,-0.012289994396269321,0.6672742366790771,0.30537891387939453,-0.019393207505345345,0.6391376852989197,0.3285312056541443,-0.013096403330564499,0.6277682781219482,0.3781338930130005,-0.004252477083355188
0.613047182559967,0.6915963292121887,-5.367829203350993e-07,0.5230546593666077,0.65470951795578,-0.01931655779480934,0.4551682770252228,0.5592615008354187,-0.028008688241243362,0.44814079999923706,0.451608270406723,-0.04276923090219498,0.49654170870780945,0.40566661953926086,-0.05219192057847977,0.4997822642326355,0.4087672233581543,0.0258258655667305,0.4819439947605133,0.3127979040145874,-0.006746973376721144,0.4721471071243286,0.3668875992298126,-0.032270584255456924,0.48211556673049927,0.42132440209388733,-0.04455528035759926,0.5520690083503723,0.38630276918411255,0.017981432378292084,0.5405248403549194,0.2780134677886963,-0.014171332120895386,0.5257641077041626,0.34414708614349365,-0.028861811384558678,0.5341097712516785,0.4029574394226074,-0.02845711261034012,0.6062899231910706,0.38044053316116333,0.001718506682664156,0.6024385690689087,0.2808469831943512,-0.023421408608555794,0.5826053619384766,0.339658260345459,-0.02031021937727928,0.5850314497947693,0.3973284065723419,-0.00926938932389021,0.6653985381126404,0.3919709622859955,-0.018755163997411728,0.6637139916419983,0.29958415031433105,-0.02672581747174263,0.6390666961669922,0.33262357115745544,-0.017924657091498375,0.6300418376922607,0.3799528479576111,-0.007183820009231567
0.6212347149848938,0.6954526901245117,-5.282116717353347e-07,0.5255364179611206,0.6633204817771912,-0.017130302265286446,0.4543304145336151,0.5597285628318787,-0.021044401451945305,0.44526463747024536,0.44842270016670227,-0.031543150544166565,0.49087393283843994,0.41478782892227173,-0.036771707236766815,0.502487301826477,0.40319472551345825,0.0380203016102314,0.4879845678806305,0.3033781349658966,0.011081934906542301,0.47282418608665466,0.3441888689994812,-0.012394013814628124,0.47802507877349854,0.4006277620792389,-0.02351473458111286,0.5560598969459534,0.3834598958492279,0.03030267544090748,0.546074628829956,0.2722921669483185,0.0007519375649280846,0.5275456309318542,0.3339734673500061,-0.015609030611813068,0.5340890288352966,0.401315301656723,-0.015332916751503944,0.6096315979957581,0.3813290596008301,0.014032539911568165,0.6036764979362488,0.2833159565925598,-0.009959980845451355,0.5816531777381897,0.3384147584438324,-0.011753370985388756,0.5851292610168457,0.402095764875412,-0.0029567142482846975,0.6690402030944824,0.39522990584373474,-0.006180050782859325,0.6658914089202881,0.3018432855606079,-0.013845518231391907,0.6405019760131836,0.3305208086967468,-0.007923607714474201,0.6339750289916992,0.38120436668395996,0.0012287998106330633
0.6237173080444336,0.7243724465370178,-6.617960934818257e-07,0.539535403251648,0.6829626560211182,-0.03851262107491493,0.474689781665802,0.5920337438583374,-0.06800157576799393,0.4630270302295685,0.5084658861160278,-0.09810767322778702,0.4855503439903259,0.4481126368045807,-0.12374649941921234,0.5449051856994629,0.42119285464286804,-0.02921094000339508,0.5419772267341614,0.32640543580055237,-0.08692602068185806,0.5352845788002014,0.38686031103134155,-0.12815305590629578,0.5320945382118225,0.4469241499900818,-0.14916439354419708,0.6112391352653503,0.4201574921607971,-0.03805221617221832,0.6170758605003357,0.3236371874809265,-0.09496457129716873,0.604641854763031,0.40418732166290283,-0.11923626065254211,0.5959948897361755,0.46602606773376465,-0.12410387396812439,0.6759868264198303,0.4384234547615051,-0.05481991544365883,0.6808160543441772,0.35869017243385315,-0.10322839021682739,0.6653158664703369,0.4362492263317108,-0.09654279053211212,0.6538768410682678,0.48871827125549316,-0.08131126314401627,0.7379653453826904,0.4753386378288269,-0.07557512074708939,0.7382562160491943,0.4071011543273926,-0.10028553009033203,0.7196714282035828,0.4651256501674652,-0.08373131603002548,0.7075865268707275,0.5081011652946472,-0.06519313156604767
0.627188503742218,0.7513221502304077,-6.797218361498381e-07,0.5539233684539795,0.7203614115715027,-0.064412921667099,0.4887053966522217,0.642790675163269,-0.10533878207206726,0.4722004532814026,0.5639769434928894,-0.1418692022562027,0.5013607144355774,0.5136313438415527,-0.16904844343662262,0.5497578978538513,0.4535957872867584,-0.05288170650601387,0.5505040287971497,0.37754884362220764,-0.11870907992124557,0.5523577928543091,0.4789386987686157,-0.1537696123123169,0.5552524328231812,0.5401814579963684,-0.16899746656417847,0.6265556812286377,0.4509970545768738,-0.049986790865659714,0.6354643106460571,0.36960697174072266,-0.11812087148427963,0.6227309107780457,0.5022883415222168,-0.13229915499687195,0.6158190369606018,0.5521366596221924,-0.12686163187026978,0.6955936551094055,0.476145476102829,-0.058368097990751266,0.7166983485221863,0.3964621126651764,-0.12537246942520142,0.6931202411651611,0.510405421257019,-0.11205209791660309,0.6765534281730652,0.5569532513618469,-0.08669827878475189,0.7571151256561279,0.5189398527145386,-0.07194935530424118,0.7798702120780945,0.45953771471977234,-0.11245275288820267,0.7531713843345642,0.5299819707870483,-0.09947138279676437,0.7290254831314087,0.5663403868675232,-0.07960526645183563
0.6567102670669556,0.776924729347229,-6.974813686611014e-07,0.5696443319320679,0.7408062219619751,-0.06275631487369537,0.49887022376060486,0.6532819271087646,-0.10307931154966354,0.4952341318130493,0.5749655365943909,-0.1373220831155777,0.5409746766090393,0.543670117855072,-0.1623731553554535,0.5718449354171753,0.49024394154548645,-0.06409509479999542,0.5753781795501709,0.43114137649536133,-0.12573561072349548,0.583555281162262,0.5404811501502991,-0.15460562705993652,0.5872312784194946,0.5877334475517273,-0.1678474098443985,0.6527719497680664,0.48827409744262695,-0.06151269003748894,0.660616934299469,0.42606765031814575,-0.1280311942100525,0.6577094197273254,0.5581116080284119,-0.13910776376724243,0.6492852568626404,0.5999320149421692,-0.1329738199710846,0.724821925163269,0.5041698217391968,-0.06832025200128555,0.7370518445968628,0.4541233777999878,-0.13118934631347656,0.7235005497932434,0.5703655481338501,-0.11362462490797043,0.7068462371826172,0.6038904786109924,-0.08795929700136185,0.7862303853034973,0.5342015027999878,-0.08032765239477158,0.8007516860961914,0.4993515610694885,-0.11498139053583145,0.780202329158783,0.579038679599762,-0.09747821092605591,0.7594809532165527,0.6065253019332886,-0.07655201107263565
0.6529219150543213,0.7717082500457764,-5.987178042232699e-07,0.5728974342346191,0.743180513381958,-0.06963404268026352,0.5051331520080566,0.6635245084762573,-0.11177536100149155,0.49383431673049927,0.5775622129440308,-0.14697228372097015,0.5332437753677368,0.5357043147087097,-0.17153602838516235,0.5716336965560913,0.49289506673812866,-0.06527181714773178,0.5828893184661865,0.42033815383911133,-0.12944985926151276,0.5902428030967712,0.5265679955482483,-0.15630069375038147,0.5895794630050659,0.5860233306884766,-0.16607923805713654,0.6548249125480652,0.48981767892837524,-0.059198737144470215,0.6718196272850037,0.4151146411895752,-0.12927454710006714,0.6628624200820923,0.557833731174469,-0.13776902854442596,0.6492677330970764,0.6041019558906555,-0.12773342430591583,0.7263231873512268,0.5073620080947876,-0.06404536962509155,0.7494090795516968,0.4396097660064697,-0.13317793607711792,0.728794276714325,0.5620933175086975,-0.11460606753826141,0.7062540054321289,0.6017271876335144,-0.08538631349802017,0.7870956659317017,0.5413644313812256,-0.07434701919555664,0.8090562224388123,0.49239787459373474,-0.11527693271636963,0.784147322177887,0.5708507299423218,-0.09989230334758759,0.7553561329841614,0.5998523831367493,-0.07859111577272415
0.6472697257995605,0.7684721946716309,-6.137198056421767e-07,0.5641364455223083,0.7404274344444275,-0.06245045363903046,0.4892052412033081,0.6572932004928589,-0.10229097306728363,0.48446887731552124,0.5750489830970764,-0.13708311319351196,0.5312550067901611,0.5344598293304443,-0.16199974715709686,0.5627541542053223,0.4820209741592407,-0.06008497625589371,0.5681827068328857,0.4152624309062958,-0.12593543529510498,0.5738632678985596,0.524868369102478,-0.15565134584903717,0.5762767791748047,0.579190194606781,-0.16772960126399994,0.6464672684669495,0.4750235080718994,-0.05895416438579559,0.6597408056259155,0.39821866154670715,-0.12810420989990234,0.6524473428726196,0.5402581095695496,-0.1367657482624054,0.6432514190673828,0.5852919220924377,-0.127173513174057,0.7183347940444946,0.489155113697052,-0.06850147247314453,0.7373456954956055,0.42818617820739746,-0.13502857089042664,0.717491865158081,0.5524457693099976,-0.11583571135997772,0.6962239742279053,0.5902500748634338,-0.08709713816642761,0.7800659537315369,0.5208629369735718,-0.08346916735172272,0.799874484539032,0.4822573661804199,-0.12155849486589432,0.7756904363632202,0.5617363452911377,-0.10536887496709824,0.7491514682769775,0.5881361961364746,-0.08421704173088074
0.6413218379020691,0.764614999294281,-5.35716367267014e-07,0.5547384023666382,0.7301241755485535,-0.05667009577155113,0.48037123680114746,0.6427162885665894,-0.09400881826877594,0.4749855697154999,0.5556663870811462,-0.1270848512649536,0.5230215787887573,0.5195037722587585,-0.15160351991653442,0.550029993057251,0.46740180253982544,-0.053743887692689896,0.546246349811554,0.40177130699157715,-0.11354877054691315,0.553339421749115,0.5050091743469238,-0.14260128140449524,0.5612003803253174,0.5557289719581604,-0.1557084172964096,0.6284998655319214,0.4601472318172455,-0.05456499755382538,0.6311467289924622,0.38735413551330566,-0.11921968311071396,0.6301319003105164,0.5143291354179382,-0.1309857964515686,0.6296997666358948,0.5598935484886169,-0.12448510527610779,0.6988434791564941,0.47297996282577515,-0.0648145005106926,0.7064658403396606,0.4158860445022583,-0.12510301172733307,0.694130539894104,0.5279144644737244,-0.1092785969376564,0.6844465732574463,0.5651755928993225,-0.08433172106742859,0.7625947594642639,0.5017488598823547,-0.0802026093006134,0.7708690762519836,0.4659631550312042,-0.11383194476366043,0.7531775832176208,0.5396104454994202,-0.09842465817928314,0.740529477596283,0.5662175416946411,-0.07849113643169403
0.6322797536849976,0.728599488735199,-3.23914861155572e-07,0.5537101030349731,0.7141855955123901,-0.051118843257427216,0.47470414638519287,0.6388121247291565,-0.08451478183269501,0.4458591341972351,0.548757791519165,-0.11421811580657959,0.4647144079208374,0.48855268955230713,-0.13858558237552643,0.5310458540916443,0.4537911117076874,-0.041022889316082,0.518488347530365,0.3782903552055359,-0.09268932044506073,0.5127131342887878,0.42048385739326477,-0.12397114932537079,0.516803503036499,0.449442982673645,-0.14014022052288055,0.5992638468742371,0.435094952583313,-0.04003794491291046,0.5869436860084534,0.35315239429473877,-0.0912601575255394,0.581050455570221,0.43108072876930237,-0.10677966475486755,0.5912781953811646,0.4736432135105133,-0.10670420527458191,0.6645939946174622,0.4372926950454712,-0.04772861674427986,0.6503146886825562,0.3756875991821289,-0.09431208670139313,0.6412978172302246,0.4549562633037567,-0.08507119119167328,0.648934006690979,0.49199631810188293,-0.06843312084674835,0.7303358316421509,0.4555405080318451,-0.060265105217695236,0.7101406455039978,0.4025770425796509,-0.0870903730392456,0.6978142857551575,0.46337491273880005,-0.07436557114124298,0.7019400596618652,0.49761006236076355,-0.05799837410449982
0.6043606400489807,0.6992011666297913,-1.0599852373616159e-07,0.5246641039848328,0.6728984117507935,-0.02699863910675049,0.4557332396507263,0.5719091892242432,-0.0403149239718914,0.4369724690914154,0.47670474648475647,-0.05619913712143898,0.47428882122039795,0.4258723855018616,-0.06849570572376251,0.5121273994445801,0.41213685274124146,0.006505750585347414,0.5025107264518738,0.31760725378990173,-0.024666566401720047,0.48871198296546936,0.31628507375717163,-0.05066899210214615,0.48559215664863586,0.3392951488494873,-0.0645003542304039,0.5738657712936401,0.3969343602657318,0.0011935882503166795,0.5723422169685364,0.28857821226119995,-0.029546894133090973,0.5528892874717712,0.31338995695114136,-0.04760582372546196,0.5450164675712585,0.3598857522010803,-0.051219392567873,0.6340421438217163,0.4027216136455536,-0.011352920904755592,0.6358119249343872,0.30432963371276855,-0.0373937226831913,0.6112830638885498,0.3333348035812378,-0.037842102348804474,0.5974326729774475,0.3782293200492859,-0.029968921095132828,0.6936133503913879,0.42900824546813965,-0.02798999473452568,0.6971198320388794,0.33962106704711914,-0.04125892370939255,0.6748179197311401,0.34698808193206787,-0.03558981418609619,0.6580831408500671,0.3743703067302704,-0.026411354541778564
0.626706600189209,0.7084472179412842,-6.018419753672788e-07,0.5327383279800415,0.6766811609268188,-0.01754061132669449,0.4585103988647461,0.5859246850013733,-0.024302324280142784,0.44184547662734985,0.4823750853538513,-0.037967897951602936,0.48402780294418335,0.4373721480369568,-0.04571174830198288,0.5052923560142517,0.4354245662689209,0.02765417844057083,0.48301035165786743,0.32664382457733154,-0.002966727130115032,0.4715520143508911,0.37185853719711304,-0.026279371231794357,0.48278793692588806,0.4308083951473236,-0.03670124337077141,0.5608206987380981,0.41566532850265503,0.020095830783247948,0.5428850650787354,0.2946295440196991,-0.013174147345125675,0.5258908867835999,0.35538649559020996,-0.029806677252054214,0.5350320339202881,0.4249190390110016,-0.029331376776099205,0.6171631217002869,0.41060519218444824,0.00464885076507926,0.6012414693832397,0.3046571910381317,-0.022195203229784966,0.5796394944190979,0.35823583602905273,-0.02303619496524334,0.5850228667259216,0.4252374768257141,-0.012610319070518017,0.6793652772903442,0.4201723039150238,-0.014473795890808105,0.6712961196899414,0.3239314556121826,-0.025329165160655975,0.6425744891166687,0.34239354729652405,-0.020794397220015526,0.6322966814041138,0.3912637233734131,-0.01164547260850668
0.6358715891838074,0.7233335971832275,-6.117954285400629e-07,0.5338840484619141,0.6903811693191528,-0.015252456068992615,0.4579417109489441,0.5997477173805237,-0.01994696632027626,0.4486282467842102,0.48784005641937256,-0.031563352793455124,0.4994043707847595,0.4386826455593109,-0.03718935325741768,0.5041360855102539,0.4655819237232208,0.03206166997551918,0.4764649271965027,0.3527519106864929,0.003857627045363188,0.473388671875,0.4005497097969055,-0.019277410581707954,0.48932984471321106,0.4601556956768036,-0.029696345329284668,0.5571300983428955,0.43865007162094116,0.025718409568071365,0.5368191599845886,0.3204881250858307,-0.0029002605006098747,0.527676522731781,0.37933436036109924,-0.018350619822740555,0.5404000282287598,0.4468913674354553,-0.019123002886772156,0.6099549531936646,0.4258677065372467,0.011505745351314545,0.5964955687522888,0.3162561058998108,-0.008970072492957115,0.5802499055862427,0.364637553691864,-0.009154396131634712,0.5871347188949585,0.4310912787914276,-0.0007575121708214283,0.668627142906189,0.42774835228919983,-0.006713366601616144,0.6627777814865112,0.3302602767944336,-0.012425299733877182,0.6377036571502686,0.3445512354373932,-0.007889567874372005,0.6278918981552124,0.3919059932231903,-0.00047135300701484084
0.6438964605331421,0.7182154655456543,-5.269752136882744e-07,0.541466236114502,0.6911309361457825,-0.018749354407191277,0.4634755849838257,0.598405122756958,-0.024138951674103737,0.45050758123397827,0.48109468817710876,-0.036204010248184204,0.5062777400016785,0.4271942377090454,-0.04218010604381561,0.5044836401939392,0.4514846205711365,0.03524719551205635,0.4837954044342041,0.34775611758232117,0.005523155443370342,0.4742259085178375,0.3992639482021332,-0.019010309129953384,0.4842090904712677,0.4572823941707611,-0.030280452221632004,0.5566800832748413,0.42536792159080505,0.029294876381754875,0.5428070425987244,0.30869632959365845,-0.002701207995414734,0.5276424288749695,0.37119096517562866,-0.02002660743892193,0.5373064875602722,0.44088876247406006,-0.020232222974300385,0.6111101508140564,0.41339194774627686,0.014635811559855938,0.6000067591667175,0.31087690591812134,-0.010117927566170692,0.5793339610099792,0.3652802109718323,-0.012581021524965763,0.5845969319343567,0.43416038155555725,-0.00378591800108552,0.672440767288208,0.4152683615684509,-0.004231232684105635,0.664071798324585,0.32094985246658325,-0.013083036988973618,0.6376814842224121,0.3431933522224426,-0.009788037277758121,0.6296111941337585,0.3944392204284668,-0.0020606943871825933
0.6406689882278442,0.722572922706604,-5.927141160100291e-07,0.5366860032081604,0.6876141428947449,-0.01012719701975584,0.4621325731277466,0.5881953239440918,-0.009096347726881504,0.4529607594013214,0.4739719331264496,-0.017047252506017685,0.500383734703064,0.4327724575996399,-0.020177209749817848,0.5058673024177551,0.4495121240615845,0.050225045531988144,0.48682236671447754,0.3506077527999878,0.024282392114400864,0.47793829441070557,0.40180450677871704,0.0008940245606936514,0.48847514390945435,0.457487016916275,-0.010075843892991543,0.5572460293769836,0.42257070541381836,0.040402643382549286,0.5442498326301575,0.31101253628730774,0.009832828305661678,0.5319996476173401,0.379489004611969,-0.008454953320324421,0.5446062684059143,0.4479779005050659,-0.008747737854719162,0.610617458820343,0.41000473499298096,0.022129928693175316,0.6028023958206177,0.30766141414642334,-0.0009450021898373961,0.5835779309272766,0.36615779995918274,-0.004047174472361803,0.5907986164093018,0.4339629113674164,0.004341614432632923,0.6703038811683655,0.41291651129722595,0.0003040198644157499,0.6637753844261169,0.31807899475097656,-0.005149581003934145,0.6381695866584778,0.3474147915840149,0.0002791483420878649,0.6331292390823364,0.4008788466453552,0.009181971661746502
0.6365794539451599,0.7176523804664612,-5.57566011138988e-07,0.5357940793037415,0.6794900298118591,-0.013410257175564766,0.4618545174598694,0.5847671031951904,-0.018268106505274773,0.4525633752346039,0.47642311453819275,-0.030975759029388428,0.5039042234420776,0.43296369910240173,-0.03821442648768425,0.5048324465751648,0.45061054825782776,0.033372506499290466,0.48348721861839294,0.3484962582588196,0.0037292090710252523,0.47426360845565796,0.4020364284515381,-0.019759122282266617,0.48433545231819153,0.4594913721084595,-0.03008192591369152,0.5562852621078491,0.4262344241142273,0.025158172473311424,0.539973795413971,0.31543734669685364,-0.0055392589420080185,0.5262694954872131,0.3790769577026367,-0.02081267349421978,0.5367853045463562,0.4436015188694,-0.020452650263905525,0.60958331823349,0.4153907299041748,0.009077189490199089,0.5987793803215027,0.31193768978118896,-0.013543374836444855,0.5790404677391052,0.3624039888381958,-0.01337926834821701,0.5837140083312988,0.42664363980293274,-0.0037592523731291294,0.6677970290184021,0.4186793267726898,-0.010746810585260391,0.665199339389801,0.32060736417770386,-0.017048219218850136,0.6382178664207458,0.3361467123031616,-0.011686846613883972,0.627155065536499,0.38174235820770264,-0.002983338199555874
0.6271172761917114,0.713519275188446,-5.341995574781322e-07,0.539385199546814,0.6663411855697632,-0.02252134308218956,0.4723843038082123,0.569923460483551,-0.03705068677663803,0.4563122093677521,0.4763455390930176,-0.05591338872909546,0.4842529594898224,0.4105665683746338,-0.06955913454294205,0.5244005918502808,0.4183593988418579,0.012057466432452202,0.5150554776191711,0.3300475478172302,-0.026629718020558357,0.5111236572265625,0.38192036747932434,-0.05658861994743347,0.5104609131813049,0.42916595935821533,-0.07209527492523193,0.579770028591156,0.404907763004303,0.003677048720419407,0.577219545841217,0.3187732398509979,-0.027838902547955513,0.5718201994895935,0.372710645198822,-0.043623607605695724,0.5679091215133667,0.40885984897613525,-0.04829772189259529,0.6368916034698486,0.4078107476234436,-0.012904725037515163,0.6361919641494751,0.3266126811504364,-0.03855544328689575,0.6279730796813965,0.37158751487731934,-0.030498040840029716,0.6196795105934143,0.40197983384132385,-0.01995711773633957,0.6948517560958862,0.42899835109710693,-0.03351639583706856,0.6935412287712097,0.34994763135910034,-0.04237230122089386,0.683440625667572,0.38151583075523376,-0.02688051015138626,0.6727003455162048,0.40943974256515503,-0.012616242282092571
0.6360939145088196,0.7536649703979492,-7.186405355241732e-07,0.5618205070495605,0.7146404981613159,-0.06065208464860916,0.49583059549331665,0.6317189931869507,-0.09823302179574966,0.48215213418006897,0.5435563921928406,-0.13185103237628937,0.5236427783966064,0.5017844438552856,-0.15571680665016174,0.5575152039527893,0.44696956872940063,-0.04329466447234154,0.5640377402305603,0.36921435594558716,-0.10687641054391861,0.5690298676490784,0.4687165319919586,-0.14141340553760529,0.5718209743499756,0.5295902490615845,-0.1572800576686859,0.632718563079834,0.4418267607688904,-0.042175084352493286,0.6442973017692566,0.35532188415527344,-0.11113559454679489,0.6340696215629578,0.4886740744113922,-0.12554852664470673,0.6248828172683716,0.5395506024360657,-0.11909263581037521,0.7002377510070801,0.46293357014656067,-0.052260350435972214,0.7227916717529297,0.381614625453949,-0.11827754974365234,0.7011952996253967,0.4942131042480469,-0.10655033588409424,0.6826135516166687,0.5406856536865234,-0.08151842653751373,0.760080099105835,0.5028353929519653,-0.06750181317329407,0.7813834547996521,0.45007947087287903,-0.1061617061495781,0.7565706968307495,0.5174564123153687,-0.09464559704065323,0.7329509854316711,0.5482614040374756,-0.07575857639312744
0.6368186473846436,0.7372317910194397,-5.467876462716958e-07,0.5617021322250366,0.7027612328529358,-0.06620845198631287,0.4991719126701355,0.6187719106674194,-0.1052231565117836,0.49246466159820557,0.5283457040786743,-0.1377325803041458,0.5313481688499451,0.47650206089019775,-0.15923677384853363,0.5610162019729614,0.4387817680835724,-0.05665403977036476,0.5714880228042603,0.365645170211792,-0.11641721427440643,0.574781596660614,0.4646725356578827,-0.14168377220630646,0.5731620192527771,0.5246275067329407,-0.15048180520534515,0.6407117247581482,0.4338891804218292,-0.05146820843219757,0.6568013429641724,0.34905388951301575,-0.11439833790063858,0.645285964012146,0.4850873351097107,-0.12111277133226395,0.6340494155883789,0.5309562087059021,-0.11037810146808624,0.7097042798995972,0.4543871283531189,-0.05711787939071655,0.7331851720809937,0.37747007608413696,-0.11892302334308624,0.7111350297927856,0.49114328622817993,-0.1006646379828453,0.691156268119812,0.5313221216201782,-0.07303210347890854,0.7683783769607544,0.49464282393455505,-0.06825453042984009,0.7890337705612183,0.44224709272384644,-0.10565301030874252,0.763111412525177,0.5122134685516357,-0.09103398770093918,0.7372245788574219,0.5404745936393738,-0.07045944780111313
0.6406589150428772,0.7245496511459351,-5.362535375752486e-07,0.564469575881958,0.6998228430747986,-0.062277473509311676,0.49606919288635254,0.6224815845489502,-0.1002621129155159,0.4851115047931671,0.5379413366317749,-0.13282136619091034,0.5219745635986328,0.49131736159324646,-0.15469612181186676,0.5581064820289612,0.4346374273300171,-0.056374721229076385,0.5664093494415283,0.3618064522743225,-0.1143897995352745,0.5737934112548828,0.45775631070137024,-0.1382708102464676,0.571291983127594,0.5212526321411133,-0.14580944180488586,0.6363248229026794,0.4305267333984375,-0.05250878259539604,0.6509645581245422,0.3463096022605896,-0.11459735780954361,0.6468623876571655,0.48097464442253113,-0.12155942618846893,0.6349111795425415,0.5296874046325684,-0.11112900078296661,0.7042470574378967,0.44857168197631836,-0.05872856080532074,0.7265875935554504,0.36781492829322815,-0.11800478398799896,0.7132329940795898,0.4798873960971832,-0.09951287508010864,0.6935575008392334,0.5213882923126221,-0.07210789620876312,0.7627245783805847,0.48538562655448914,-0.07011711597442627,0.7859391570091248,0.42408886551856995,-0.1045718565583229,0.7680148482322693,0.4920157790184021,-0.08895143866539001,0.7435001730918884,0.5218632817268372,-0.06818480044603348
0.6439847350120544,0.7259377241134644,-4.877407491221675e-07,0.5673078298568726,0.701288640499115,-0.07011016458272934,0.4974910318851471,0.6279288530349731,-0.11417917162179947,0.48529982566833496,0.5456987619400024,-0.15179331600666046,0.5224245190620422,0.4978289008140564,-0.1787205934524536,0.5528318285942078,0.44099128246307373,-0.06756807118654251,0.562533974647522,0.3570089340209961,-0.13388179242610931,0.5697839260101318,0.4520614445209503,-0.16257266700267792,0.5678995847702026,0.5155925154685974,-0.1726512461900711,0.6330833435058594,0.4361487030982971,-0.0625607818365097,0.6490024924278259,0.3461555540561676,-0.13411809504032135,0.6442785263061523,0.48213815689086914,-0.14515753090381622,0.6317496299743652,0.530973494052887,-0.13634195923805237,0.7026805281639099,0.45121777057647705,-0.06843078881502151,0.7247012853622437,0.3716582953929901,-0.13514173030853271,0.7076174020767212,0.48661142587661743,-0.11741987615823746,0.685662567615509,0.5295621156692505,-0.08947577327489853,0.7614094018936157,0.4832186996936798,-0.08014874160289764,0.7813228368759155,0.42655491828918457,-0.11893225461244583,0.7601442933082581,0.4984496235847473,-0.10355338454246521,0.7344884872436523,0.5297757983207703,-0.0825035497546196
0.640259325504303,0.7328607439994812,-6.100969471845019e-07,0.5617764592170715,0.7029336094856262,-0.061421409249305725,0.49488669633865356,0.6221179366111755,-0.09909360110759735,0.48591142892837524,0.5330489277839661,-0.1316118687391281,0.5276123285293579,0.48975539207458496,-0.1536659449338913,0.5560595989227295,0.4480205774307251,-0.0533607080578804,0.5649479031562805,0.36650514602661133,-0.1109004095196724,0.5761306285858154,0.4683240056037903,-0.13509926199913025,0.5753315091133118,0.5277717113494873,-0.14397740364074707,0.6352828741073608,0.4408070743083954,-0.050726957619190216,0.6499561071395874,0.3559437692165375,-0.1128145381808281,0.6481199860572815,0.49089884757995605,-0.12149372696876526,0.6337288022041321,0.5381454825401306,-0.11301197856664658,0.7047363519668579,0.4559671878814697,-0.058068595826625824,0.7263340353965759,0.37602680921554565,-0.1189543679356575,0.71217942237854,0.4933314025402069,-0.10124368965625763,0.6892123818397522,0.5384871959686279,-0.07428264617919922,0.7631071209907532,0.49026012420654297,-0.0704994797706604,0.7835624814033508,0.43470606207847595,-0.10724189132452011,0.764034628868103,0.5080709457397461,-0.09219621866941452,0.7377872467041016,0.5421457886695862,-0.07168786227703094
0.6398172974586487,0.727975070476532,-4.195144072127732e-07,0.5558040738105774,0.6997351050376892,-0.05046799033880234,0.48488467931747437,0.6184213161468506,-0.08269621431827545,0.4707069993019104,0.5400770902633667,-0.11223281919956207,0.4909277558326721,0.4911833703517914,-0.13487499952316284,0.5482432842254639,0.4255543053150177,-0.035780731588602066,0.5552316904067993,0.3577551245689392,-0.09421485662460327,0.5567116141319275,0.43782204389572144,-0.1304873824119568,0.5590356588363647,0.4892028868198395,-0.14751513302326202,0.6213662028312683,0.4163048267364502,-0.03822111710906029,0.6352261900901794,0.33560478687286377,-0.09652386605739594,0.6313000321388245,0.43528521060943604,-0.11505208909511566,0.6284207105636597,0.48873215913772583,-0.11359701305627823,0.6886501908302307,0.42886853218078613,-0.050388164818286896,0.7030524611473083,0.3667503595352173,-0.10139649361371994,0.6906201243400574,0.4563191533088684,-0.09214197844266891,0.6791732311248779,0.5022063851356506,-0.07306542247533798,0.7504432797431946,0.46125540137290955,-0.0677064061164856,0.7629895210266113,0.41463354229927063,-0.09487789124250412,0.7468915581703186,0.47769999504089355,-0.0806768387556076,0.7341096997261047,0.5123732089996338,-0.06206854060292244
0.6699544787406921,0.7148675322532654,-5.037841219746042e-07,0.5601236820220947,0.6895672082901001,-0.013466128148138523,0.47887617349624634,0.5994491577148438,-0.014196911826729774,0.47029048204421997,0.48653358221054077,-0.02173364907503128,0.5232473015785217,0.4430966079235077,-0.023520519956946373,0.5185805559158325,0.47271522879600525,0.048422884196043015,0.4891914427280426,0.3691972494125366,0.02556554041802883,0.48334798216819763,0.3999306559562683,0.0027284424286335707,0.4962441027164459,0.45512139797210693,-0.008009865880012512,0.5688948035240173,0.44138985872268677,0.04440370202064514,0.5431766510009766,0.328605592250824,0.02070920169353485,0.5338581204414368,0.37455976009368896,0.00288036628626287,0.5469703078269958,0.43846914172172546,-0.0002203897456638515,0.620506763458252,0.42231762409210205,0.03202033042907715,0.5980858206748962,0.31536173820495605,0.01072916854172945,0.582934558391571,0.35729169845581055,0.005447861738502979,0.5942561030387878,0.42514336109161377,0.011275366879999638,0.6821371912956238,0.4153430461883545,0.01633337512612343,0.6605792045593262,0.32305487990379333,0.006624951492995024,0.6397507786750793,0.3420231342315674,0.008052949793636799,0.6408381462097168,0.3948571979999542,0.014342929236590862
0.6703145503997803,0.7299387454986572,-5.434690137917642e-07,0.5609042644500732,0.7071162462234497,-0.013827481307089329,0.48059502243995667,0.6169492602348328,-0.015788475051522255,0.47061625123023987,0.5021270513534546,-0.025377294048666954,0.5195002555847168,0.43811023235321045,-0.028679748997092247,0.5209506154060364,0.47383007407188416,0.04135465621948242,0.4924342930316925,0.36793214082717896,0.013927035965025425,0.4864546060562134,0.4215315878391266,-0.009281369857490063,0.5000564455986023,0.4802630841732025,-0.01938115991652012,0.5726752877235413,0.44150376319885254,0.03453981503844261,0.5484926104545593,0.32549941539764404,0.004534713923931122,0.5388287901878357,0.39043065905570984,-0.01307065598666668,0.554595947265625,0.45947086811065674,-0.013604655861854553,0.6271913647651672,0.4242507219314575,0.019378388300538063,0.6080129742622375,0.3203583359718323,-0.0042118807323277,0.5907468795776367,0.3759574294090271,-0.006537092383950949,0.6007094979286194,0.44667184352874756,0.0023535501677542925,0.6912514567375183,0.41913461685180664,0.0004355429846327752,0.6843507289886475,0.3159579634666443,-0.007822180166840553,0.6565502285957336,0.3300449848175049,-0.005027574487030506,0.6455733776092529,0.3775562047958374,0.002464734250679612
0.6585196852684021,0.7331408262252808,-5.72980354718311e-07,0.5522228479385376,0.6995997428894043,-0.015539143234491348,0.47563642263412476,0.6033027172088623,-0.01892157457768917,0.4671783745288849,0.48794806003570557,-0.030569089576601982,0.5118720531463623,0.4253212809562683,-0.036673709750175476,0.5146080255508423,0.4573349356651306,0.04283686354756355,0.4932019114494324,0.3557808995246887,0.011844404973089695,0.489149272441864,0.4134896397590637,-0.014325752854347229,0.5024734139442444,0.47160452604293823,-0.026289839297533035,0.5688588619232178,0.42725300788879395,0.033660583198070526,0.554355800151825,0.31027013063430786,-0.0005723651847802103,0.5439224243164062,0.38662609457969666,-0.01888200268149376,0.556571364402771,0.45744580030441284,-0.018377482891082764,0.6249194145202637,0.412546843290329,0.015366447158157825,0.61684650182724,0.3025412857532501,-0.010444700717926025,0.5982706546783447,0.3699747622013092,-0.009736829437315464,0.6048235297203064,0.439960241317749,0.0018420577980577946,0.6874907612800598,0.41468554735183716,-0.0070546031929552555,0.6797100305557251,0.31402233242988586,-0.013971242122352123,0.653835117816925,0.35034680366516113,-0.005499448627233505,0.6472367644309998,0.4050951302051544,0.006184122059494257
0.6529707908630371,0.7220123410224915,-5.902757607145759e-07,0.5445581674575806,0.6838924884796143,-0.010447892360389233,0.4673258066177368,0.588699221611023,-0.011740709654986858,0.4644263982772827,0.4811423122882843,-0.022609535604715347,0.5142142176628113,0.4355267286300659,-0.02857411652803421,0.5107420086860657,0.4550577700138092,0.045954640954732895,0.4821294844150543,0.35446566343307495,0.017310775816440582,0.47896289825439453,0.41235148906707764,-0.0069068362936377525,0.4950328767299652,0.4692482650279999,-0.017797868698835373,0.5609610080718994,0.4257170855998993,0.03593847155570984,0.5362198352813721,0.31486499309539795,0.005130544304847717,0.5295095443725586,0.384624183177948,-0.011491899378597736,0.545147716999054,0.44798967242240906,-0.011218286119401455,0.6132122874259949,0.40928032994270325,0.017284726724028587,0.5923475623130798,0.30113357305526733,-0.004729698412120342,0.5788671374320984,0.35988885164260864,-0.003134434809908271,0.5898236632347107,0.4241643249988556,0.007773321121931076,0.6726018190383911,0.4062798321247101,-0.005211843177676201,0.6569837927818298,0.30787551403045654,-0.008434845134615898,0.63321453332901,0.3351139426231384,0.0007926261750981212,0.628839373588562,0.38369616866111755,0.012041706591844559
0.6543071269989014,0.719640851020813,-6.145036763882672e-07,0.5501312613487244,0.691599428653717,-0.014737089164555073,0.46734294295310974,0.5961095094680786,-0.017133653163909912,0.4594328999519348,0.47877752780914307,-0.027367383241653442,0.5207690000534058,0.43099719285964966,-0.03258245065808296,0.5122034549713135,0.45667994022369385,0.038911983370780945,0.4846658706665039,0.3537035584449768,0.011494058184325695,0.4749431610107422,0.4127678871154785,-0.01122292224317789,0.48943161964416504,0.46778613328933716,-0.022235902026295662,0.5629512667655945,0.4253162443637848,0.031152896583080292,0.5406709909439087,0.3108845353126526,0.0006435089162550867,0.5255913138389587,0.3810443580150604,-0.014493787661194801,0.5385556817054749,0.4452621340751648,-0.01337993424385786,0.6158089637756348,0.4071187973022461,0.014974034391343594,0.5978583097457886,0.3005090355873108,-0.00837609264999628,0.577865481376648,0.36555224657058716,-0.006935955956578255,0.5867698788642883,0.4317576289176941,0.003985063172876835,0.6766157150268555,0.40308359265327454,-0.005223868880420923,0.6600887775421143,0.30503129959106445,-0.011426067911088467,0.6341779232025146,0.34264740347862244,-0.003566676750779152,0.6310365796089172,0.39770787954330444,0.006697013508528471
0.6322154402732849,0.7190768718719482,-4.6246734086707875e-07,0.5394557118415833,0.6812295913696289,-0.014195873402059078,0.46786680817604065,0.5847435593605042,-0.021305104717612267,0.4573177695274353,0.4828394055366516,-0.035091813653707504,0.5013095736503601,0.43328729271888733,-0.04428567737340927,0.5073214173316956,0.43225592374801636,0.030406594276428223,0.49089494347572327,0.3345547318458557,-0.0012543343473225832,0.48177847266197205,0.3787413239479065,-0.028226608410477638,0.4873138666152954,0.4303712248802185,-0.041794560849666595,0.5612013936042786,0.4101056754589081,0.02021709270775318,0.5522063374519348,0.30834442377090454,-0.006511768791824579,0.5414433479309082,0.3558880388736725,-0.02295566536486149,0.543371319770813,0.40119680762290955,-0.027186786755919456,0.6163508892059326,0.40386027097702026,0.0020387673284858465,0.6132982969284058,0.3097553253173828,-0.018806742504239082,0.5976704359054565,0.34889477491378784,-0.016100183129310608,0.5933736562728882,0.3902020752429962,-0.00846270564943552,0.6760339736938477,0.414584219455719,-0.019838687032461166,0.6720921993255615,0.32449615001678467,-0.023976797237992287,0.654857873916626,0.3447500467300415,-0.012377353385090828,0.6448699235916138,0.37590259313583374,-0.0014283835189417005
0.6346036791801453,0.7371422052383423,-8.569160172555712e-07,0.5546254515647888,0.7049146890640259,-0.06272216886281967,0.49252840876579285,0.6206085681915283,-0.10248500108718872,0.4875461161136627,0.531769335269928,-0.13741841912269592,0.5155473351478577,0.47296661138534546,-0.1637270748615265,0.5607314109802246,0.44445252418518066,-0.059825606644153595,0.5661544799804688,0.36255836486816406,-0.1314222812652588,0.5643419027328491,0.4716312885284424,-0.16803863644599915,0.5630534291267395,0.5362350940704346,-0.1835232377052307,0.6324458122253418,0.440809041261673,-0.05771804600954056,0.6420681476593018,0.35677391290664673,-0.1326676607131958,0.636096715927124,0.48782864212989807,-0.14834296703338623,0.6280748248100281,0.5391531586647034,-0.14327405393123627,0.6989315748214722,0.4574761688709259,-0.06617176532745361,0.7105005979537964,0.38046520948410034,-0.13663941621780396,0.6988538503646851,0.4935389459133148,-0.12027795612812042,0.6855003833770752,0.5365002155303955,-0.09295748174190521,0.7619257569313049,0.48921236395835876,-0.07932788133621216,0.7702466249465942,0.4202091097831726,-0.11857093125581741,0.7542018890380859,0.5024046897888184,-0.09974043071269989,0.7362039089202881,0.5415436625480652,-0.07618527859449387
0.6330966949462891,0.7525308132171631,-6.738256956850819e-07,0.5589225888252258,0.7242336273193359,-0.055679094046354294,0.4945245385169983,0.6433486342430115,-0.08916177600622177,0.48728370666503906,0.5550941228866577,-0.1184903159737587,0.5284109115600586,0.5102968215942383,-0.13758915662765503,0.5642976760864258,0.46654975414276123,-0.04236797243356705,0.5724113583564758,0.39727088809013367,-0.09762252867221832,0.5766665935516357,0.49345195293426514,-0.12278665602207184,0.5752987861633301,0.5455346703529358,-0.13261151313781738,0.6404925584793091,0.4632127285003662,-0.041248586028814316,0.6571524739265442,0.3815959393978119,-0.09818639606237411,0.6479651927947998,0.5119746923446655,-0.10519357770681381,0.6374725699424744,0.5562852621078491,-0.09628007560968399,0.7068891525268555,0.4839635193347931,-0.050409603863954544,0.7336990237236023,0.40628695487976074,-0.10749862343072891,0.7136549949645996,0.5160526633262634,-0.09095027297735214,0.6936584711074829,0.5578263998031616,-0.06520932167768478,0.7639247179031372,0.5257649421691895,-0.06438300758600235,0.7903103232383728,0.4672548770904541,-0.09885255247354507,0.7670152187347412,0.5322675704956055,-0.08559085428714752,0.7409942746162415,0.5629857182502747,-0.06658966839313507
0.6548877358436584,0.7746431827545166,-7.209868044810719e-07,0.567219614982605,0.7421854734420776,-0.0548495277762413,0.49537867307662964,0.6588184237480164,-0.09117934852838516,0.4845128655433655,0.5825637578964233,-0.12376867234706879,0.5185773372650146,0.5319064259529114,-0.14745058119297028,0.5764687657356262,0.4832878112792969,-0.04542860761284828,0.5633198022842407,0.4325692057609558,-0.10477069765329361,0.566797137260437,0.5409658551216125,-0.1357254832983017,0.574942946434021,0.588361918926239,-0.14946508407592773,0.6474627256393433,0.47714266180992126,-0.04351808503270149,0.6338613033294678,0.4329606592655182,-0.10219285637140274,0.6323822140693665,0.55112224817276,-0.11254443973302841,0.6378974318504333,0.5877400636672974,-0.10760628432035446,0.7130248546600342,0.4887017011642456,-0.051850415766239166,0.7014445066452026,0.4529434144496918,-0.10659874975681305,0.6934966444969177,0.5564100742340088,-0.0898875743150711,0.6946240067481995,0.5897487998008728,-0.06654135137796402,0.7734349370002747,0.5130016803741455,-0.06527065485715866,0.7637284994125366,0.47971224784851074,-0.09357568621635437,0.7484920620918274,0.5531520247459412,-0.07642929255962372,0.7464062571525574,0.5801080465316772,-0.055873144418001175
0.5959977507591248,0.8334603309631348,6.987674510128272e-07,0.5145515203475952,0.8071275949478149,-0.041519422084093094,0.4523296058177948,0.731395423412323,-0.06797505915164948,0.41315335035324097,0.6541279554367065,-0.08945733308792114,0.37028148770332336,0.5974808931350708,-0.11215611547231674,0.5035635828971863,0.594515860080719,-0.06244257837533951,0.4725666344165802,0.4801464378833771,-0.09864125400781631,0.45214390754699707,0.4053645133972168,-0.1245158389210701,0.43546098470687866,0.3388785123825073,-0.14291849732398987,0.5632103085517883,0.5757666826248169,-0.0673641785979271,0.5635864734649658,0.434317946434021,-0.09897514432668686,0.5647187829017639,0.3393784463405609,-0.12344764918088913,0.5658960938453674,0.2582290470600128,-0.1408867985010147,0.6186898946762085,0.5896149277687073,-0.07589558511972427,0.6326403617858887,0.45627495646476746,-0.10989110916852951,0.6401852369308472,0.3708728551864624,-0.13250306248664856,0.6448761224746704,0.29631850123405457,-0.14727553725242615,0.6707239151000977,0.6245684027671814,-0.08671698719263077,0.6988081932067871,0.5280876159667969,-0.11840824037790298,0.7161524295806885,0.46486422419548035,-0.13137197494506836,0.728364109992981,0.40706104040145874,-0.13892583549022675
0.6026157140731812,0.8401877284049988,7.565253099528491e-07,0.5210431814193726,0.8072933554649353,-0.042345527559518814,0.45763564109802246,0.7329027056694031,-0.06980609893798828,0.41928818821907043,0.6580313444137573,-0.092424176633358,0.37765538692474365,0.5999172925949097,-0.11587666720151901,0.5084068775177002,0.5941336750984192,-0.061940230429172516,0.47874394059181213,0.4783060550689697,-0.09849674999713898,0.4619078040122986,0.401403546333313,-0.12404404580593109,0.45151054859161377,0.33152514696121216,-0.14198853075504303,0.5680701732635498,0.5773184895515442,-0.06649728119373322,0.5712624788284302,0.43197253346443176,-0.09763462096452713,0.5750844478607178,0.3363220691680908,-0.12021034210920334,0.5781126022338867,0.2541659474372864,-0.1365581452846527,0.6228286027908325,0.5906950831413269,-0.07514923810958862,0.6377770304679871,0.4563337564468384,-0.10836236923933029,0.6470264792442322,0.3691311478614807,-0.1281895786523819,0.6516176462173462,0.2919406294822693,-0.1413237452507019,0.6746993660926819,0.6257030963897705,-0.08659952133893967,0.7032257914543152,0.5273938179016113,-0.11615793406963348,0.7215715646743774,0.4629942774772644,-0.12746809422969818,0.7335293889045715,0.404005765914917,-0.13434718549251556
0.6039851307868958,0.842784583568573,7.408918918372365e-07,0.5192632675170898,0.8089637160301208,-0.04154913127422333,0.4551793336868286,0.732629656791687,-0.06763385981321335,0.41710957884788513,0.656511127948761,-0.0892750546336174,0.3739449977874756,0.5993143916130066,-0.11176669597625732,0.5098603367805481,0.5941887497901917,-0.05790206789970398,0.47997891902923584,0.4759594798088074,-0.09222772717475891,0.4626731276512146,0.3983684182167053,-0.11648432910442352,0.4516737759113312,0.3278905749320984,-0.13380932807922363,0.570351779460907,0.5766817927360535,-0.06275270879268646,0.5728400349617004,0.4309927821159363,-0.09150621294975281,0.5759040117263794,0.33615025877952576,-0.11336752027273178,0.5779097676277161,0.25406596064567566,-0.1297365128993988,0.624894917011261,0.5889793634414673,-0.07178504019975662,0.6404216885566711,0.45432913303375244,-0.10331213474273682,0.6488227844238281,0.3677995204925537,-0.12242928892374039,0.6518452763557434,0.28998297452926636,-0.13560278713703156,0.6760764718055725,0.6231794953346252,-0.08366244286298752,0.7050191760063171,0.526197075843811,-0.11186397075653076,0.7236996293067932,0.4630433917045593,-0.12214390933513641,0.7355707287788391,0.40472641587257385,-0.12873157858848572
0.6040181517601013,0.8454440832138062,7.372544246209145e-07,0.5200836658477783,0.8071346282958984,-0.03766753524541855,0.4548742175102234,0.7298594117164612,-0.06266912072896957,0.4185364842414856,0.654106855392456,-0.08409353345632553,0.37814342975616455,0.5954289436340332,-0.10606253892183304,0.5106388926506042,0.5843984484672546,-0.05260363966226578,0.480044960975647,0.46865472197532654,-0.08608657866716385,0.4633987843990326,0.3927794396877289,-0.11005491018295288,0.45390981435775757,0.3245188593864441,-0.12717603147029877,0.5703774690628052,0.569100558757782,-0.059344395995140076,0.5718681216239929,0.42513179779052734,-0.0882277563214302,0.5749775767326355,0.33038970828056335,-0.110471710562706,0.5780539512634277,0.2500794231891632,-0.12668238580226898,0.6250367164611816,0.584444522857666,-0.0701684057712555,0.6405491828918457,0.45219796895980835,-0.10186266899108887,0.6488134264945984,0.36521613597869873,-0.12189211696386337,0.6521016955375671,0.2880529463291168,-0.1354314088821411,0.6765370965003967,0.62215256690979,-0.08348783105611801,0.7070512771606445,0.5264340043067932,-0.1116623505949974,0.7251359224319458,0.4625626802444458,-0.12256231904029846,0.7365605235099792,0.40361741185188293,-0.1293945163488388
0.5984009504318237,0.8430168628692627,7.171445872700133e-07,0.5199829936027527,0.8041298389434814,-0.03895224258303642,0.4582870304584503,0.7295505404472351,-0.06495169550180435,0.42048242688179016,0.6581289172172546,-0.08717408776283264,0.37873584032058716,0.6023043990135193,-0.11004325747489929,0.5072556734085083,0.5848423838615417,-0.05396680161356926,0.47707900404930115,0.46890687942504883,-0.08842206746339798,0.46050405502319336,0.3936317265033722,-0.11312059313058853,0.45054593682289124,0.32580745220184326,-0.1303989291191101,0.5680794715881348,0.5691444873809814,-0.0599285252392292,0.5696076154708862,0.4254240393638611,-0.08805092424154282,0.5729443430900574,0.33253708481788635,-0.10930341482162476,0.575459897518158,0.25477123260498047,-0.12505459785461426,0.6231709122657776,0.5834848284721375,-0.07015993446111679,0.638279139995575,0.45364075899124146,-0.10026685148477554,0.6459055542945862,0.3688427805900574,-0.11793246865272522,0.6486759185791016,0.2946201264858246,-0.13009274005889893,0.6741162538528442,0.6201940774917603,-0.08320526778697968,0.7020325064659119,0.524876594543457,-0.10930843651294708,0.7205248475074768,0.4635343849658966,-0.11772385984659195,0.7330201864242554,0.40835168957710266,-0.12298408150672913
0.5951294302940369,0.7985403537750244,-3.6360592048367835e-07,0.5206198692321777,0.76247239112854,-0.025241447612643242,0.464197039604187,0.6821606755256653,-0.044895898550748825,0.45756295323371887,0.6049824953079224,-0.06818725913763046,0.48892438411712646,0.5525738596916199,-0.08637368679046631,0.5021299123764038,0.5225186944007874,-0.011889390647411346,0.49419277906417847,0.41755059361457825,-0.055556777864694595,0.4799138307571411,0.4590972065925598,-0.08459457010030746,0.47898945212364197,0.5189993381500244,-0.09702803939580917,0.5566909313201904,0.5107175707817078,-0.021123571321368217,0.5562073588371277,0.3795108199119568,-0.06505981087684631,0.5347808003425598,0.433208167552948,-0.08340564370155334,0.5293686389923096,0.5017141103744507,-0.08379120379686356,0.6111137866973877,0.5241599082946777,-0.03723397105932236,0.6148938536643982,0.4133806526660919,-0.07239945977926254,0.5929421186447144,0.454388827085495,-0.07699614018201828,0.5831728577613831,0.5098249316215515,-0.06974650919437408,0.6673929691314697,0.5561889410018921,-0.056604184210300446,0.6884978413581848,0.4630783200263977,-0.07594715058803558,0.6685842871665955,0.46407002210617065,-0.07612453401088715,0.6491458415985107,0.4913342595100403,-0.07008107006549835
0.5951359868049622,0.7837640643119812,-3.246155984015786e-07,0.5166744589805603,0.751999020576477,-0.027533506974577904,0.452884316444397,0.666504979133606,-0.046000558882951736,0.45467936992645264,0.5760393738746643,-0.06718286126852036,0.49826183915138245,0.5256217122077942,-0.08330786973237991,0.48674315214157104,0.5079596638679504,-0.010124585591256618,0.47668692469596863,0.39492106437683105,-0.04910760372877121,0.47067296504974365,0.42206576466560364,-0.0753583163022995,0.4759409427642822,0.47218021750450134,-0.08760151267051697,0.5436259508132935,0.4930758476257324,-0.01763584464788437,0.5403513312339783,0.36330944299697876,-0.05513541400432587,0.5293907523155212,0.4115257263183594,-0.07070066779851913,0.529994010925293,0.47196584939956665,-0.07195741683244705,0.6007918119430542,0.5031095743179321,-0.0321999154984951,0.6033331751823425,0.38748592138290405,-0.06493676453828812,0.5895596742630005,0.4314380884170532,-0.066726915538311,0.5852470397949219,0.4856726825237274,-0.05936073511838913,0.6596723794937134,0.5327917337417603,-0.050252415239810944,0.6719843745231628,0.4369264543056488,-0.06949268281459808,0.6552149653434753,0.45209476351737976,-0.06714870035648346,0.6421127915382385,0.4893587827682495,-0.060351770371198654
0.588705837726593,0.7802526950836182,-3.849891641038994e-07,0.5134348273277283,0.7537739276885986,-0.03331677243113518,0.44760021567344666,0.6670287251472473,-0.055427201092243195,0.44331878423690796,0.5773316621780396,-0.08016488701105118,0.4885847270488739,0.5203303694725037,-0.10012023895978928,0.4860246181488037,0.5015438795089722,-0.016051046550273895,0.4752078354358673,0.39128535985946655,-0.06244811415672302,0.46368375420570374,0.42060938477516174,-0.09162049740552902,0.46708232164382935,0.4713393747806549,-0.10431557148694992,0.5422543883323669,0.48721787333488464,-0.023853302001953125,0.5399345755577087,0.35036373138427734,-0.07219198346138,0.5233566761016846,0.41661202907562256,-0.08826407790184021,0.5237995982170105,0.4845912456512451,-0.08517368882894516,0.5986871123313904,0.4987563490867615,-0.03967371955513954,0.5996376276016235,0.38067740201950073,-0.08220390975475311,0.5814676284790039,0.44263407588005066,-0.08185415714979172,0.5787748694419861,0.5041871666908264,-0.06841534376144409,0.6563950181007385,0.5304796695709229,-0.05924135446548462,0.6625843048095703,0.42767634987831116,-0.08218321949243546,0.6422632336616516,0.45500320196151733,-0.07659970223903656,0.6317663788795471,0.5018710494041443,-0.06525827944278717
0.5883533358573914,0.7733476161956787,-4.343088164660003e-07,0.5071101784706116,0.7344632744789124,-0.03045116364955902,0.4471970200538635,0.6484501361846924,-0.050455242395401,0.4597785472869873,0.5639559030532837,-0.07380429655313492,0.5146523714065552,0.5135439038276672,-0.09217274934053421,0.4810546934604645,0.48113781213760376,-0.009441465139389038,0.47347351908683777,0.37909531593322754,-0.055369094014167786,0.46551352739334106,0.4180160462856293,-0.08510446548461914,0.47039633989334106,0.47492554783821106,-0.09808292239904404,0.5408675670623779,0.464712530374527,-0.019093366339802742,0.5472714304924011,0.3309902548789978,-0.0669877752661705,0.5309221744537354,0.4072878956794739,-0.0825117826461792,0.5274866819381714,0.4808872640132904,-0.07815535366535187,0.5985170602798462,0.4783875644207001,-0.0368385836482048,0.608243465423584,0.37093043327331543,-0.07918474078178406,0.5909140110015869,0.4440798759460449,-0.07636072486639023,0.5876596570014954,0.5084316730499268,-0.06031658872961998,0.6575042605400085,0.51628577709198,-0.05833669751882553,0.6723078489303589,0.4176984429359436,-0.08065392822027206,0.6512802243232727,0.4542495608329773,-0.07199488580226898,0.6380140781402588,0.5049702525138855,-0.057764384895563126
0.590731143951416,0.7726004123687744,-4.916496436635498e-07,0.5098089575767517,0.7408683896064758,-0.03441045060753822,0.44630903005599976,0.6514800190925598,-0.0570736899971962,0.45000290870666504,0.5633364915847778,-0.08207261562347412,0.4927300810813904,0.5054448843002319,-0.102289117872715,0.48598045110702515,0.48797738552093506,-0.0219392292201519,0.4795798063278198,0.37571775913238525,-0.06952479481697083,0.47090908885002136,0.4212258756160736,-0.09979383647441864,0.47470560669898987,0.4840892255306244,-0.11360158771276474,0.5444714426994324,0.47234123945236206,-0.030573973432183266,0.546127200126648,0.33107149600982666,-0.07879156619310379,0.5309091806411743,0.4039458632469177,-0.09647660702466965,0.5289865732192993,0.4777233302593231,-0.09596414119005203,0.6020582318305969,0.48665183782577515,-0.046888258308172226,0.611271321773529,0.3639942407608032,-0.0903308093547821,0.5942411422729492,0.4323800504207611,-0.09141328930854797,0.5887781977653503,0.49880197644233704,-0.08027379214763641,0.6599504947662354,0.5242968201637268,-0.06679736077785492,0.6765539646148682,0.4210125207901001,-0.0922459065914154,0.6565313935279846,0.45509302616119385,-0.08732862770557404,0.6421714425086975,0.5068350434303284,-0.07704094052314758
0.5863269567489624,0.7622637748718262,-4.1616485191298125e-07,0.5036007165908813,0.7222790718078613,-0.023924071341753006,0.4404858946800232,0.6257947683334351,-0.03931266441941261,0.4361841082572937,0.530748724937439,-0.05888772010803223,0.4798726439476013,0.48767387866973877,-0.07427313923835754,0.48974382877349854,0.4715018570423126,-0.0001802696060622111,0.4829111099243164,0.36115556955337524,-0.03911014273762703,0.4665532112121582,0.39555636048316956,-0.06680213660001755,0.4676135182380676,0.445980966091156,-0.08028261363506317,0.5455465912818909,0.4584960639476776,-0.010319460183382034,0.5482619404792786,0.3257341682910919,-0.04834097623825073,0.5286828875541687,0.3739229440689087,-0.06491736322641373,0.5263632535934448,0.43210068345069885,-0.06629396975040436,0.6004555225372314,0.4695225954055786,-0.02766219899058342,0.6055465936660767,0.3540286421775818,-0.05927692726254463,0.5862433910369873,0.39989662170410156,-0.059017568826675415,0.5809241533279419,0.4522128999233246,-0.050443846732378006,0.6564692854881287,0.5013329982757568,-0.048684488981962204,0.6667313575744629,0.40436944365501404,-0.06364229321479797,0.6464141011238098,0.43041396141052246,-0.05678842216730118,0.6341181993484497,0.47497284412384033,-0.047728281468153
0.5921160578727722,0.7274974584579468,-3.8513300637532666e-07,0.509644091129303,0.6771305799484253,-0.023282598704099655,0.4532169699668884,0.5863856077194214,-0.039799436926841736,0.44722414016723633,0.49432963132858276,-0.06122707203030586,0.48495662212371826,0.4379432797431946,-0.07790590077638626,0.4976716637611389,0.4318516254425049,0.00742741022258997,0.4905051589012146,0.3253134787082672,-0.03255075588822365,0.47516515851020813,0.35794615745544434,-0.06190144643187523,0.4728968143463135,0.4098232388496399,-0.07564189285039902,0.5512837767601013,0.4218135476112366,-0.002521791262552142,0.5498014688491821,0.29807811975479126,-0.04146810248494148,0.5332017540931702,0.3503079414367676,-0.06055225431919098,0.5310514569282532,0.41133052110671997,-0.06277668476104736,0.6056233048439026,0.43318971991539,-0.020159456878900528,0.6098843216896057,0.3259718418121338,-0.05314985662698746,0.5902741551399231,0.37744438648223877,-0.05366714298725128,0.5829452872276306,0.43364012241363525,-0.04437989369034767,0.6621607542037964,0.46317601203918457,-0.04130341485142708,0.6711293458938599,0.37711119651794434,-0.05731332302093506,0.6495224237442017,0.4057862162590027,-0.05045994371175766,0.6350617408752441,0.4487279951572418,-0.04003932699561119
0.6066796779632568,0.6963468194007874,-2.443320283873618e-07,0.5203871130943298,0.6269620656967163,-0.011440622620284557,0.46392983198165894,0.5406444668769836,-0.0254422165453434,0.45038825273513794,0.46776172518730164,-0.04349128156900406,0.46184566617012024,0.4180757701396942,-0.06027403101325035,0.5271928310394287,0.3999820649623871,0.0038661849685013294,0.5136627554893494,0.3184577524662018,-0.02758379839360714,0.49582841992378235,0.30622386932373047,-0.05902066081762314,0.47939440608024597,0.3145153224468231,-0.07914002239704132,0.5831846594810486,0.39747992157936096,-0.009662164375185966,0.575709879398346,0.31484484672546387,-0.034722670912742615,0.5566497445106506,0.30167222023010254,-0.0574544258415699,0.5349090695381165,0.30857184529304504,-0.07239238917827606,0.6369656324386597,0.4138537645339966,-0.028238000348210335,0.6340878009796143,0.3388940691947937,-0.04923485592007637,0.6127520799636841,0.3238643705844879,-0.054726675152778625,0.5877039432525635,0.32921040058135986,-0.057761747390031815,0.6924797296524048,0.4495420455932617,-0.04955640062689781,0.695299506187439,0.38876044750213623,-0.06445719301700592,0.6765522956848145,0.37450501322746277,-0.06247589737176895,0.6508743762969971,0.3752346336841583,-0.0594046451151371
0.5950273871421814,0.6333687901496887,-5.691340447810944e-07,0.5174373984336853,0.5952882766723633,-0.04828602075576782,0.45469629764556885,0.5198322534561157,-0.08182034641504288,0.44534796476364136,0.44999369978904724,-0.11289522796869278,0.483426570892334,0.4177124798297882,-0.13693109154701233,0.5062342882156372,0.38059529662132263,-0.04385852441191673,0.5059200525283813,0.3235993981361389,-0.09999923408031464,0.513630747795105,0.4184980094432831,-0.1287543922662735,0.516373336315155,0.4648796617984772,-0.141812264919281,0.57855623960495,0.3746635317802429,-0.04539116844534874,0.581883430480957,0.3187900483608246,-0.1056821420788765,0.5782840251922607,0.4373113512992859,-0.11768803745508194,0.5685137510299683,0.4788650572299957,-0.11274569481611252,0.6442070007324219,0.38495710492134094,-0.05535497888922691,0.6513396501541138,0.33780503273010254,-0.11453603208065033,0.638283371925354,0.4475474953651428,-0.1005520150065422,0.6214325428009033,0.48442521691322327,-0.07676964998245239,0.70204758644104,0.40856558084487915,-0.06905914843082428,0.710433840751648,0.37274670600891113,-0.10196075588464737,0.6902919411659241,0.4490773379802704,-0.08608122915029526,0.6683271527290344,0.4795489013195038,-0.06611663103103638
0.5918706059455872,0.6276330351829529,-5.390950263972627e-07,0.517113447189331,0.603331983089447,-0.05164365842938423,0.4487547278404236,0.5334939956665039,-0.08476627618074417,0.43528786301612854,0.45250582695007324,-0.11373090744018555,0.47407305240631104,0.41517695784568787,-0.13491326570510864,0.4920676350593567,0.38948488235473633,-0.052179351449012756,0.49290743470191956,0.3159540891647339,-0.10643607378005981,0.5049264430999756,0.407571405172348,-0.13091610372066498,0.5082456469535828,0.47029343247413635,-0.13969747722148895,0.5645171999931335,0.3816337585449219,-0.05059635639190674,0.568590521812439,0.31746089458465576,-0.10866955667734146,0.5722475051879883,0.43472954630851746,-0.11886899918317795,0.5657374858856201,0.4869144856929779,-0.11255412548780441,0.6306229829788208,0.3920406997203827,-0.05690450593829155,0.641312301158905,0.3317951560020447,-0.1160675585269928,0.6324236392974854,0.44312846660614014,-0.10224880278110504,0.6156858801841736,0.49606022238731384,-0.07790524512529373,0.6899594068527222,0.41683638095855713,-0.06689877063035965,0.7020250558853149,0.3743964433670044,-0.10575389862060547,0.68382328748703,0.44838032126426697,-0.09336783736944199,0.6600120067596436,0.4898110032081604,-0.07407693564891815
0.5734815001487732,0.6294476985931396,-6.31866896583233e-07,0.5024135112762451,0.6009334325790405,-0.04631606489419937,0.44339415431022644,0.5272624492645264,-0.07622526586055756,0.43296658992767334,0.4587830603122711,-0.10351433604955673,0.4629446864128113,0.42862632870674133,-0.12429934740066528,0.4877918064594269,0.39058592915534973,-0.049349989742040634,0.4859052300453186,0.32780933380126953,-0.10196520388126373,0.49714940786361694,0.42170050740242004,-0.12553824484348297,0.5001370310783386,0.4781467914581299,-0.13393229246139526,0.5583609938621521,0.3860856890678406,-0.05055628716945648,0.5602614879608154,0.32356977462768555,-0.10677359998226166,0.5604487061500549,0.4395606219768524,-0.11637435853481293,0.5539174675941467,0.4881579279899597,-0.11018065363168716,0.6231724619865417,0.39942657947540283,-0.059093207120895386,0.6308320760726929,0.33906880021095276,-0.1161920428276062,0.6195627450942993,0.4462321996688843,-0.10338965058326721,0.6038820743560791,0.4953934848308563,-0.08042176067829132,0.6808077692985535,0.42582184076309204,-0.07071010768413544,0.6939517855644226,0.3765101730823517,-0.10620295256376266,0.6753531098365784,0.44800087809562683,-0.09252610802650452,0.6535757780075073,0.4899166524410248,-0.07314340025186539
0.5798900723457336,0.6292425394058228,-6.013698339302209e-07,0.5082556009292603,0.6049490571022034,-0.05080556869506836,0.44304168224334717,0.5346096158027649,-0.08303926885128021,0.4317259192466736,0.463154673576355,-0.11117922514677048,0.4689217805862427,0.42627015709877014,-0.13152387738227844,0.48794111609458923,0.39853766560554504,-0.05522090569138527,0.4849741458892822,0.33350884914398193,-0.1087384894490242,0.4941119849681854,0.4283653795719147,-0.1304553896188736,0.4974122643470764,0.47983434796333313,-0.13775749504566193,0.5599965453147888,0.39401543140411377,-0.053692977875471115,0.5590357780456543,0.32958176732063293,-0.11053856462240219,0.5594117641448975,0.44957444071769714,-0.11651841551065445,0.5561559796333313,0.4936944544315338,-0.1078345999121666,0.6259390115737915,0.4052421450614929,-0.06002885475754738,0.6303349733352661,0.343687504529953,-0.11816181987524033,0.6201589703559875,0.45461300015449524,-0.10020437836647034,0.6086466908454895,0.49918249249458313,-0.07364021241664886,0.6842300891876221,0.4287059009075165,-0.06997783482074738,0.6934091448783875,0.37775176763534546,-0.10566528886556625,0.6747766733169556,0.45066991448402405,-0.08965011686086655,0.6549280881881714,0.4881092309951782,-0.0687260702252388
0.5917631983757019,0.6388528347015381,-6.7550286075857e-07,0.5166109204292297,0.6206134557723999,-0.045441776514053345,0.45183002948760986,0.5546234846115112,-0.07594964653253555,0.43691912293434143,0.48631250858306885,-0.10378450900316238,0.46803152561187744,0.4469743072986603,-0.12466546148061752,0.49547576904296875,0.4211403727531433,-0.05114828422665596,0.4851381182670593,0.35356032848358154,-0.10162485390901566,0.4996505677700043,0.44845491647720337,-0.12293367832899094,0.505009651184082,0.5060221552848816,-0.13003675639629364,0.5644627213478088,0.4095112681388855,-0.05154409259557724,0.5630058646202087,0.35161882638931274,-0.10260128229856491,0.5700678825378418,0.46723929047584534,-0.10883449018001556,0.5637897253036499,0.5141690969467163,-0.10222016274929047,0.629223108291626,0.41657689213752747,-0.05895330756902695,0.6332430839538574,0.3635816276073456,-0.1136801615357399,0.6285800933837891,0.4729402959346771,-0.0980982780456543,0.6156250834465027,0.52122563123703,-0.07470342516899109,0.6882604956626892,0.4373667538166046,-0.06928499788045883,0.7006444931030273,0.39453914761543274,-0.10492085665464401,0.6857184171676636,0.46883487701416016,-0.09045644104480743,0.6652249097824097,0.5109949707984924,-0.07095696777105331
0.5946272015571594,0.6323879361152649,-5.64140918868361e-07,0.5159795880317688,0.6061815619468689,-0.036823809146881104,0.45118385553359985,0.5405933856964111,-0.06485720723867416,0.43212205171585083,0.47765278816223145,-0.09038615226745605,0.4446946978569031,0.4455915093421936,-0.1117091029882431,0.5095030665397644,0.3891083598136902,-0.0485551692545414,0.49878329038619995,0.3685058653354645,-0.09561203420162201,0.4992713928222656,0.4455895721912384,-0.12220349162817001,0.502521812915802,0.492311954498291,-0.1350780427455902,0.5725239515304565,0.38614946603775024,-0.0532744899392128,0.5669670701026917,0.36040905117988586,-0.10273455828428268,0.5633977651596069,0.4444918930530548,-0.11635397374629974,0.562664270401001,0.49503347277641296,-0.1163259893655777,0.632401704788208,0.3996928930282593,-0.06301969289779663,0.6285945177078247,0.37870725989341736,-0.1067303940653801,0.6209567189216614,0.4530872106552124,-0.09702397882938385,0.6168615818023682,0.4965835511684418,-0.08170615136623383,0.6871945858001709,0.426833838224411,-0.07587401568889618,0.6882206797599792,0.4043363630771637,-0.10138862580060959,0.6755672097206116,0.460356205701828,-0.08828699588775635,0.6694432497024536,0.492186963558197,-0.07210599631071091
0.5986915826797485,0.6054762601852417,-1.405962848366471e-07,0.5046722292900085,0.5707640647888184,-0.009180509485304356,0.43198707699775696,0.49683812260627747,-0.0107868742197752,0.4129372835159302,0.4072224795818329,-0.017734473571181297,0.4460856318473816,0.3526139259338379,-0.021282318979501724,0.46839985251426697,0.3930698037147522,0.036250848323106766,0.4473162591457367,0.30826476216316223,0.020190494135022163,0.4322666823863983,0.3080921471118927,0.00291781360283494,0.42965638637542725,0.3225913643836975,-0.007256131153553724,0.5163081288337708,0.36694127321243286,0.029595283791422844,0.4963526427745819,0.2776992917060852,0.016934404149651527,0.4838044047355652,0.2859359383583069,0.004096955992281437,0.484409898519516,0.30458560585975647,-0.0015049345092847943,0.5651379227638245,0.3513847887516022,0.016536204144358635,0.549127995967865,0.2665250897407532,0.004873653408139944,0.5337865352630615,0.27003636956214905,0.005503554828464985,0.5325677394866943,0.2870854139328003,0.009339455515146255,0.6208354830741882,0.3461928367614746,0.0006265205447562039,0.6067289710044861,0.2658199667930603,-0.0025696461088955402,0.5917375087738037,0.26612716913223267,0.005592734087258577,0.5863685011863708,0.28383868932724,0.01330569013953209
0.6068010330200195,0.5967236757278442,-3.6183362794872664e-07,0.5113731026649475,0.5875564813613892,-0.014583677984774113,0.43605077266693115,0.5190303325653076,-0.017853785306215286,0.42606186866760254,0.42838647961616516,-0.027211079373955727,0.4702816605567932,0.3825225830078125,-0.032301049679517746,0.47291049361228943,0.3964602053165436,0.02936955727636814,0.44603484869003296,0.30682608485221863,0.004387658555060625,0.43978452682495117,0.3332356810569763,-0.015614939853549004,0.44979602098464966,0.37420013546943665,-0.02414221502840519,0.5184659957885742,0.36461687088012695,0.02355850487947464,0.49704769253730774,0.2625659108161926,-0.0037103185895830393,0.4898371696472168,0.309531033039093,-0.018178272992372513,0.5016315579414368,0.3663806915283203,-0.017339225858449936,0.5660975575447083,0.3462197184562683,0.010643703863024712,0.5493761301040649,0.25723642110824585,-0.011339733377099037,0.5396715402603149,0.3010607957839966,-0.012091875076293945,0.5496671199798584,0.35693788528442383,-0.002578896237537265,0.6221147775650024,0.33875781297683716,-0.005605913698673248,0.611425518989563,0.25037479400634766,-0.013448317535221577,0.5945762991905212,0.2662091851234436,-0.008111202158033848,0.5918464660644531,0.30594924092292786,0.0009278302313759923
0.6066705584526062,0.600681722164154,-3.355881119659898e-07,0.5122981071472168,0.5862520933151245,-0.011968600563704967,0.4367671608924866,0.5143767595291138,-0.01467808522284031,0.4265657365322113,0.4204426407814026,-0.02287949062883854,0.47128164768218994,0.37232837080955505,-0.027560189366340637,0.4724719822406769,0.39541542530059814,0.027987012639641762,0.44611531496047974,0.30671265721321106,0.005054095759987831,0.43563634157180786,0.328927218914032,-0.015560189262032509,0.44090765714645386,0.3681866526603699,-0.025656789541244507,0.516636848449707,0.36359551548957825,0.021968329325318336,0.49244412779808044,0.26829174160957336,0.0003996866871602833,0.48155707120895386,0.30038297176361084,-0.013340757228434086,0.48760420083999634,0.3453802168369293,-0.015459657646715641,0.5618678331375122,0.34618479013442993,0.009352252818644047,0.5421295762062073,0.26073554158210754,-0.006462334655225277,0.5293347239494324,0.28916943073272705,-0.0062811910174787045,0.533368706703186,0.33299916982650757,4.5167111238697544e-05,0.6155233383178711,0.3404407799243927,-0.00663645938038826,0.6027067303657532,0.25715798139572144,-0.01111131813377142,0.5849252939224243,0.2673746347427368,-0.00535519327968359,0.5781130790710449,0.2996131181716919,0.0017113812500610948
0.600003719329834,0.5818029046058655,-3.8044731809350196e-07,0.5034216046333313,0.5654723644256592,-0.007964118383824825,0.43589091300964355,0.495120644569397,-0.008334481157362461,0.4281640946865082,0.40714219212532043,-0.01594390533864498,0.4668238162994385,0.36702895164489746,-0.020118240267038345,0.4746904969215393,0.3752291202545166,0.035899367183446884,0.4480684995651245,0.2848548889160156,0.013284729793667793,0.4379383325576782,0.31420576572418213,-0.007241513580083847,0.44620177149772644,0.3635410964488983,-0.016212277114391327,0.5184147953987122,0.34817051887512207,0.028272949159145355,0.49708259105682373,0.24598415195941925,0.0035902776289731264,0.48562219738960266,0.2895733118057251,-0.012689640745520592,0.49585574865341187,0.35169315338134766,-0.014119845815002918,0.5645645260810852,0.331920325756073,0.014195176772773266,0.548244833946228,0.23823291063308716,-0.003260323079302907,0.5335994958877563,0.27413201332092285,-0.006264250725507736,0.5404618382453918,0.3313309848308563,1.8692167941480875e-05,0.6178147792816162,0.3255040645599365,-0.0028597956988960505,0.6091699600219727,0.23746933043003082,-0.00824734102934599,0.5892536044120789,0.24686868488788605,-0.004969164729118347,0.5826796889305115,0.28484025597572327,0.0016581130912527442
0.6044527888298035,0.5833779573440552,-3.9497578541158873e-07,0.5082584023475647,0.5650574564933777,-0.011826085858047009,0.43629926443099976,0.4989265501499176,-0.014883531257510185,0.4289189577102661,0.41068148612976074,-0.024179724976420403,0.473836749792099,0.3684580326080322,-0.02990543469786644,0.4780355989933014,0.3856680989265442,0.028467582538723946,0.45192772150039673,0.29680460691452026,0.004676148761063814,0.44030851125717163,0.32710468769073486,-0.01614704355597496,0.4477182626724243,0.3687495291233063,-0.02640603855252266,0.5215580463409424,0.3551136553287506,0.02219284325838089,0.5000338554382324,0.25492921471595764,-0.002164785284548998,0.4858454465866089,0.29304030537605286,-0.01693117991089821,0.4931100904941559,0.3455773591995239,-0.019010446965694427,0.5665799379348755,0.33668580651283264,0.009232536889612675,0.5493580102920532,0.24661749601364136,-0.008698241785168648,0.5322174429893494,0.27531126141548157,-0.010753832757472992,0.5360674858093262,0.3266042470932007,-0.005111611448228359,0.6191556453704834,0.32853350043296814,-0.007047220598906279,0.6112041473388672,0.24467256665229797,-0.013315541669726372,0.5904577970504761,0.25114816427230835,-0.010177337564527988,0.5818675756454468,0.28781774640083313,-0.004520190414041281
0.5988750457763672,0.5759952068328857,-4.783437930200307e-07,0.5096325874328613,0.5573291778564453,-0.008842870593070984,0.4387933015823364,0.48874977231025696,-0.00954362191259861,0.427689790725708,0.40831324458122253,-0.016848305240273476,0.46723029017448425,0.3712324798107147,-0.01912909373641014,0.47234225273132324,0.37012431025505066,0.03050483763217926,0.4469616413116455,0.2832839787006378,0.006289117503911257,0.4453665018081665,0.33257973194122314,-0.01020553708076477,0.45727071166038513,0.37393712997436523,-0.016489773988723755,0.5169649720191956,0.34359386563301086,0.022980615496635437,0.4940604269504547,0.24884255230426788,-0.0025523831136524677,0.4909310042858124,0.30936673283576965,-0.011877831071615219,0.5041305422782898,0.3533770740032196,-0.008564538322389126,0.56350177526474,0.3286576569080353,0.008757621049880981,0.5454354882240295,0.2406691461801529,-0.010472864843904972,0.5380504131317139,0.29119622707366943,-0.004791542422026396,0.5489693880081177,0.3357459008693695,0.007345275022089481,0.6169589757919312,0.32339486479759216,-0.008335024118423462,0.6075510382652283,0.23666177690029144,-0.012377512641251087,0.5930684208869934,0.2594519853591919,-0.003058495232835412,0.5929563641548157,0.29316413402557373,0.007620705757290125
0.5853784680366516,0.5652474164962769,-4.3427465357126493e-07,0.5013625621795654,0.5334532260894775,-0.004515242762863636,0.43709397315979004,0.450763076543808,-0.0029652193188667297,0.4302440285682678,0.3688158392906189,-0.007740582339465618,0.4672738313674927,0.32441961765289307,-0.007861257530748844,0.4775938093662262,0.33727967739105225,0.030838770791888237,0.4623955488204956,0.25290799140930176,0.00983080081641674,0.45526018738746643,0.29777437448501587,-0.0051928856410086155,0.45818227529525757,0.33358630537986755,-0.011434188112616539,0.5227993726730347,0.3176608681678772,0.021515294909477234,0.514214813709259,0.228401318192482,0.004329122602939606,0.5043975114822388,0.2718629240989685,-0.0016584370750933886,0.5040256381034851,0.2993186414241791,5.7357701734872535e-05,0.5700992941856384,0.3108939230442047,0.006048534996807575,0.5662434101104736,0.2272385060787201,-0.007380656898021698,0.5544323325157166,0.2619098424911499,0.0011811970034614205,0.5518249273300171,0.2871246337890625,0.011380692012608051,0.6214844584465027,0.3157045841217041,-0.011921648867428303,0.6191039681434631,0.23037263751029968,-0.01263433787971735,0.6048341393470764,0.2525177001953125,0.0006439993157982826,0.5980403423309326,0.28063908219337463,0.012030559591948986
0.1561649739742279,0.25106316804885864,6.9732226393171e-07,0.22248344123363495,0.25874143838882446,-0.028262972831726074,0.2967737317085266,0.25693535804748535,-0.05917830765247345,0.35907724499702454,0.3040130138397217,-0.09059625118970871,0.4135412573814392,0.37857913970947266,-0.12433739751577377,0.30113810300827026,0.12905295193195343,-0.0468490906059742,0.34788742661476135,0.06462497264146805,-0.07909706234931946,0.3763522207736969,0.04696561396121979,-0.10419321805238724,0.40014150738716125,0.04907900467514992,-0.12001495063304901,0.2585981488227844,0.07990988343954086,-0.047794271260499954,0.30429086089134216,-0.0010202005505561829,-0.0715070515871048,0.32591918110847473,-0.012983813881874084,-0.08743322640657425,0.34014877676963806,-0.004175201058387756,-0.09866546094417572,0.21184222400188446,0.04539483040571213,-0.050586044788360596,0.25022417306900024,-0.03632365167140961,-0.06608893722295761,0.2637140154838562,-0.03946048021316528,-0.06985388696193695,0.2711353898048401,-0.023412704467773438,-0.0719122663140297,0.16580107808113098,0.025881029665470123,-0.05608709156513214,0.19245049357414246,-0.04297628998756409,-0.06112263724207878,0.202260360121727,-0.04719880223274231,-0.05596280097961426,0.20706835389137268,-0.038385868072509766,-0.051654305309057236
